id,period,year,t,corridor,src,dst,firm,firm_type,access_point,speed_band,speed_hours,transparent,network_coverage,pickup_method,payment_instrument,fee_pct_200,fx_margin_200,total_cost_200,fee_pct_500,fx_margin_500,total_cost_500
14981,2011_1Q,2011,2011.0,TZAKEN,TZA,KEN,MoneyGram,Money Transfer Operator,Not available,Less than one hour,0.5,yes,Nationwide,cash,,6.999999999999999,1.36,8.36,5.199999999999999,1.36,6.56
14980,2011_1Q,2011,2011.0,TZAKEN,TZA,KEN,KCB,Bank,Not available,Same day,12.0,yes,Major cities,own/partner bank account,,10.0,1.03,11.03,4.0,1.03,5.03
14983,2011_1Q,2011,2011.0,TZAKEN,TZA,KEN,NMB (National Microfinance Bank),Non-Bank FI,Not available,3-5 days,96.0,yes,Nationwide,bank account,,10.0,1.61,11.61,4.0,1.61,5.61
14986,2011_1Q,2011,2011.0,TZAKEN,TZA,KEN,Tanzania Postal Corporation,Post office,Not available,Less than one hour,0.5,yes,Nationwide,cash,,11.0,1.36,12.36,6.199999999999999,1.36,7.56
14976,2011_1Q,2011,2011.0,TZAKEN,TZA,KEN,Barclays,Bank,Not available,Next day,24.0,yes,Nationwide,bank account,,17.5,1.92,19.42,7.0,1.92,8.92
14982,2011_1Q,2011,2011.0,TZAKEN,TZA,KEN,NBC,Bank,Not available,3-5 days,96.0,yes,Nationwide,bank account,,25.0,1.86,26.86,10.0,1.86,11.86
14977,2011_1Q,2011,2011.0,TZAKEN,TZA,KEN,CRDB Bank,Bank,Not available,2 days,48.0,yes,Nationwide,bank account,,25.0,2.24,27.24,10.0,2.24,12.24
14987,2011_1Q,2011,2011.0,TZAKEN,TZA,KEN,MoneyGram,Money Transfer Operator,Not available,Next day,24.0,yes,Nationwide,bank account,,30.0,-0.41,29.59,12.0,-0.41,11.59
14984,2011_1Q,2011,2011.0,TZAKEN,TZA,KEN,Stanbic Bank,Bank,Not available,2 days,48.0,yes,Nationwide,bank account,,27.5,2.58,30.08,11.0,2.58,13.58
14978,2011_1Q,2011,2011.0,TZAKEN,TZA,KEN,Exim Bank,Bank,Not available,2 days,48.0,yes,Nationwide,bank account,,30.0,0.18,30.18,12.0,0.18,12.18
14979,2011_1Q,2011,2011.0,TZAKEN,TZA,KEN,KCB,Bank,Not available,2 days,48.0,yes,Nationwide,bank account,,30.0,1.03,31.03,12.0,1.03,13.03
14985,2011_1Q,2011,2011.0,TZAKEN,TZA,KEN,Standard Chartered Bank,Bank,Not available,2 days,48.0,yes,Nationwide,bank account,,45.0,0.65,45.65,18.0,0.65,18.65
14993,2011_1Q,2011,2011.0,TZARWA,TZA,RWA,MoneyGram,Money Transfer Operator,Not available,Less than one hour,0.5,yes,Nationwide,,,6.999999999999999,1.36,8.36,5.199999999999999,1.36,6.56
14992,2011_1Q,2011,2011.0,TZARWA,TZA,RWA,KCB,Bank,Not available,Same day,12.0,yes,Major cities,,,10.0,1.03,11.03,4.0,1.03,5.03
14995,2011_1Q,2011,2011.0,TZARWA,TZA,RWA,NMB (National Microfinance Bank),Non-Bank FI,Not available,3-5 days,96.0,yes,Nationwide,,,10.0,1.61,11.61,4.0,1.61,5.61
14998,2011_1Q,2011,2011.0,TZARWA,TZA,RWA,Tanzania Postal Corporation,Post office,Not available,Less than one hour,0.5,yes,Nationwide,,,11.0,1.36,12.36,6.199999999999999,1.36,7.56
14988,2011_1Q,2011,2011.0,TZARWA,TZA,RWA,Barclays,Bank,Not available,Next day,24.0,yes,Nationwide,,,17.5,1.92,19.42,7.0,1.92,8.92
14994,2011_1Q,2011,2011.0,TZARWA,TZA,RWA,NBC,Bank,Not available,3-5 days,96.0,yes,Nationwide,,,25.0,1.86,26.86,10.0,1.86,11.86
14989,2011_1Q,2011,2011.0,TZARWA,TZA,RWA,CRDB Bank,Bank,Not available,2 days,48.0,yes,Nationwide,,,25.0,2.24,27.24,10.0,2.24,12.24
14999,2011_1Q,2011,2011.0,TZARWA,TZA,RWA,MoneyGram,Money Transfer Operator,Not available,Next day,24.0,yes,Nationwide,,,30.0,-0.41,29.59,12.0,-0.41,11.59
14996,2011_1Q,2011,2011.0,TZARWA,TZA,RWA,Stanbic Bank,Bank,Not available,2 days,48.0,yes,Nationwide,,,27.5,2.58,30.08,11.0,2.58,13.58
14990,2011_1Q,2011,2011.0,TZARWA,TZA,RWA,Exim Bank,Bank,Not available,2 days,48.0,yes,Nationwide,,,30.0,0.18,30.18,12.0,0.18,12.18
14991,2011_1Q,2011,2011.0,TZARWA,TZA,RWA,KCB,Bank,Not available,2 days,48.0,yes,Nationwide,,,30.0,1.03,31.03,12.0,1.03,13.03
14997,2011_1Q,2011,2011.0,TZARWA,TZA,RWA,Standard Chartered Bank,Bank,Not available,2 days,48.0,yes,Nationwide,,,45.0,0.65,45.65,18.0,0.65,18.65
15005,2011_1Q,2011,2011.0,TZAUGA,TZA,UGA,MoneyGram,Money Transfer Operator,Not available,Less than one hour,0.5,yes,Nationwide,cash,,6.999999999999999,1.36,8.36,5.199999999999999,1.36,6.56
15004,2011_1Q,2011,2011.0,TZAUGA,TZA,UGA,KCB,Bank,Not available,Same day,12.0,yes,Major cities,own/partner bank account,,10.0,1.03,11.03,4.0,1.03,5.03
15007,2011_1Q,2011,2011.0,TZAUGA,TZA,UGA,NMB (National Microfinance Bank),Non-Bank FI,Not available,3-5 days,96.0,yes,Nationwide,bank account,,10.0,1.61,11.61,4.0,1.61,5.61
15010,2011_1Q,2011,2011.0,TZAUGA,TZA,UGA,Tanzania Postal Corporation,Post office,Not available,Less than one hour,0.5,yes,Nationwide,cash,,11.0,1.36,12.36,6.199999999999999,1.36,7.56
15000,2011_1Q,2011,2011.0,TZAUGA,TZA,UGA,Barclays,Bank,Not available,Next day,24.0,yes,Nationwide,bank account,,17.5,1.92,19.42,7.0,1.92,8.92
15006,2011_1Q,2011,2011.0,TZAUGA,TZA,UGA,NBC,Bank,Not available,3-5 days,96.0,yes,Nationwide,bank account,,25.0,1.86,26.86,10.0,1.86,11.86
15001,2011_1Q,2011,2011.0,TZAUGA,TZA,UGA,CRDB Bank,Bank,Not available,2 days,48.0,yes,Nationwide,bank account,,25.0,2.24,27.24,10.0,2.24,12.24
15011,2011_1Q,2011,2011.0,TZAUGA,TZA,UGA,MoneyGram,Money Transfer Operator,Not available,Next day,24.0,yes,Nationwide,bank account,,30.0,-0.41,29.59,12.0,-0.41,11.59
15008,2011_1Q,2011,2011.0,TZAUGA,TZA,UGA,Stanbic Bank,Bank,Not available,2 days,48.0,yes,Nationwide,bank account,,27.5,2.58,30.08,11.0,2.58,13.58
15002,2011_1Q,2011,2011.0,TZAUGA,TZA,UGA,Exim Bank,Bank,Not available,2 days,48.0,yes,Nationwide,bank account,,30.0,0.18,30.18,12.0,0.18,12.18
15003,2011_1Q,2011,2011.0,TZAUGA,TZA,UGA,KCB,Bank,Not available,2 days,48.0,yes,Nationwide,bank account,,30.0,1.03,31.03,12.0,1.03,13.03
15009,2011_1Q,2011,2011.0,TZAUGA,TZA,UGA,Standard Chartered Bank,Bank,Not available,2 days,48.0,yes,Nationwide,bank account,,45.0,0.65,45.65,18.0,0.65,18.65
28332,2011_3Q,2011,2011.5,KENRWA,KEN,RWA,Citibank,Bank,Not available,2 days,48.0,yes,Nationwide,bank account,,2.5,1.12,3.62,1.0,1.12,2.12
28339,2011_3Q,2011,2011.5,KENRWA,KEN,RWA,United Bank for Africa (UBA),Bank,Not available,2 days,48.0,yes,Nationwide,bank account,,2.89,2.06,4.95,2.06,2.06,4.12
28340,2011_3Q,2011,2011.5,KENRWA,KEN,RWA,Western Union,Money Transfer Operator,Not available,Less than one hour,0.5,yes,Nationwide,cash,,6.66,2.25,8.91,5.55,2.25,7.8
28331,2011_3Q,2011,2011.5,KENRWA,KEN,RWA,ABC Bank,Money Transfer Operator,Not available,2 days,48.0,yes,Nationwide,bank account,,8.33,0.94,9.27,3.3299999999999996,0.94,4.27
28334,2011_3Q,2011,2011.5,KENRWA,KEN,RWA,Ecobank,Bank,Not available,Same day,12.0,yes,Major cities,cash,,7.710000000000001,2.25,9.96,6.869999999999999,2.25,9.12
28338,2011_3Q,2011,2011.5,KENRWA,KEN,RWA,MoneyGram,Money Transfer Operator,Not available,Less than one hour,0.5,yes,Main city,cash,,6.11,4.21,10.32,4.89,4.21,9.1
28335,2011_3Q,2011,2011.5,KENRWA,KEN,RWA,Equatorial Commercial Bank,Bank,Not available,2 days,48.0,yes,Nationwide,bank account,,8.33,2.25,10.58,3.33,2.25,5.58
28333,2011_3Q,2011,2011.5,KENRWA,KEN,RWA,Development Bank of Kenya,Bank,Not available,2 days,48.0,yes,Nationwide,bank account,,11.11,0.84,11.95,4.45,0.84,5.29
28336,2011_3Q,2011,2011.5,KENRWA,KEN,RWA,Fina Direct,Bank,Not available,Same day,12.0,yes,Nationwide,bank account,,8.34,3.65,11.99,3.3400000000000003,3.65,6.99
28337,2011_3Q,2011,2011.5,KENRWA,KEN,RWA,KCB,Bank,Not available,2 days,48.0,yes,Nationwide,bank account,,11.11,4.78,15.89,4.44,4.78,9.22
28342,2011_3Q,2011,2011.5,KENUGA,KEN,UGA,Citibank,Bank,Not available,2 days,48.0,yes,Nationwide,bank account,,2.5,1.12,3.62,1.0,1.12,2.12
28350,2011_3Q,2011,2011.5,KENUGA,KEN,UGA,UBA Africash,Bank,Not available,Same day,12.0,yes,Major cities,cash,,2.89,0.84,3.73,2.06,0.84,2.9
28349,2011_3Q,2011,2011.5,KENUGA,KEN,UGA,Posta Kenya,Post office,Not available,3-5 days,96.0,no,Nationwide,cash,,8.33,0.0,8.33,5.56,0.0,5.56
28351,2011_3Q,2011,2011.5,KENUGA,KEN,UGA,United Bank for Africa (UBA),Bank,Not available,2 days,48.0,yes,Nationwide,bank account,,8.34,0.84,9.18,3.34,0.84,4.18
28341,2011_3Q,2011,2011.5,KENUGA,KEN,UGA,ABC Bank,Money Transfer Operator,Not available,2 days,48.0,yes,Nationwide,bank account,,8.33,0.94,9.27,3.3299999999999996,0.94,4.27
28344,2011_3Q,2011,2011.5,KENUGA,KEN,UGA,Ecobank,Bank,Not available,Same day,12.0,yes,Major cities,cash,,7.710000000000001,2.25,9.96,3.08,2.25,5.33
28352,2011_3Q,2011,2011.5,KENUGA,KEN,UGA,Western Union,Money Transfer Operator,Not available,Less than one hour,0.5,yes,Nationwide,cash,,6.66,3.56,10.22,5.55,2.25,7.8
28348,2011_3Q,2011,2011.5,KENUGA,KEN,UGA,MoneyGram,Money Transfer Operator,Not available,Less than one hour,0.5,yes,Nationwide,cash,,6.11,4.21,10.32,4.89,4.21,9.1
28345,2011_3Q,2011,2011.5,KENUGA,KEN,UGA,Equatorial Commercial Bank,Bank,Not available,2 days,48.0,yes,Nationwide,bank account,,8.33,2.25,10.58,3.33,2.25,5.58
28343,2011_3Q,2011,2011.5,KENUGA,KEN,UGA,Development Bank of Kenya,Bank,Not available,2 days,48.0,yes,Nationwide,bank account,,11.11,0.84,11.95,4.45,0.84,5.29
28346,2011_3Q,2011,2011.5,KENUGA,KEN,UGA,Fina Direct,Bank,Not available,Same day,12.0,yes,Major cities,bank account,,8.34,3.65,11.99,3.3400000000000003,3.65,6.99
28347,2011_3Q,2011,2011.5,KENUGA,KEN,UGA,KCB,Bank,Not available,2 days,48.0,yes,Nationwide,bank account,,11.11,4.78,15.89,4.44,4.78,9.22
28930,2011_3Q,2011,2011.5,TZAKEN,TZA,KEN,KCB,Bank,Not available,Less than one hour,0.5,yes,Nationwide,,,0.0,4.69,4.69,0.0,4.69,4.69
28937,2011_3Q,2011,2011.5,TZAKEN,TZA,KEN,UBA Africash,Bank,Not available,Same day,12.0,yes,Major cities,,,3.3499999999999988,4.69,8.04,1.3399999999999999,4.69,6.03
28938,2011_3Q,2011,2011.5,TZAKEN,TZA,KEN,Western Union,Money Transfer Operator,Not available,Less than one hour,0.5,yes,Nationwide,,,5.54,4.69,10.23,4.44,4.69,9.13
28931,2011_3Q,2011,2011.5,TZAKEN,TZA,KEN,MoneyGram,Money Transfer Operator,Not available,Less than one hour,0.5,yes,Nationwide,,,6.779999999999999,6.25,13.03,4.93,6.25,11.18
28935,2011_3Q,2011,2011.5,TZAKEN,TZA,KEN,Tanzania Postal Corporation,Post office,Not available,Next day,24.0,yes,Nationwide,,,8.629999999999999,4.69,13.32,5.919999999999999,4.69,10.61
28929,2011_3Q,2011,2011.5,TZAKEN,TZA,KEN,KCB,Bank,Not available,2 days,48.0,yes,Nationwide,,,20.0,4.69,24.69,7.999999999999999,4.69,12.69
28932,2011_3Q,2011,2011.5,TZAKEN,TZA,KEN,NBC,Bank,Not available,2 days,48.0,yes,Nationwide,,,25.0,4.69,29.69,10.0,4.69,14.69
28933,2011_3Q,2011,2011.5,TZAKEN,TZA,KEN,Stanbic Bank,Bank,Not available,Next day,24.0,yes,Nationwide,,,27.5,6.25,33.75,11.0,6.25,17.25
28928,2011_3Q,2011,2011.5,TZAKEN,TZA,KEN,Exim Bank,Bank,Not available,2 days,48.0,yes,Nationwide,,,30.0,6.25,36.25,12.0,6.25,18.25
28936,2011_3Q,2011,2011.5,TZAKEN,TZA,KEN,Twiga Bancorp,Bank,Not available,Next day,24.0,yes,Nationwide,,,30.0,6.25,36.25,12.0,6.25,18.25
28934,2011_3Q,2011,2011.5,TZAKEN,TZA,KEN,Standard Chartered Bank,Bank,Not available,2 days,48.0,yes,Nationwide,,,45.0,4.69,49.69,18.0,4.69,22.69
28942,2011_3Q,2011,2011.5,TZARWA,TZA,RWA,KCB,Bank,Not available,Same day,12.0,yes,Major cities,,,0.0,4.69,4.69,0.0,4.69,4.69
28951,2011_3Q,2011,2011.5,TZARWA,TZA,RWA,UBA Africash,Bank,Not available,Same day,12.0,yes,Major cities,,,3.3499999999999988,4.69,8.04,1.3399999999999999,4.69,6.03
28952,2011_3Q,2011,2011.5,TZARWA,TZA,RWA,Western Union,Money Transfer Operator,Not available,Less than one hour,0.5,yes,Nationwide,,,5.54,4.69,10.23,4.44,4.69,9.13
28944,2011_3Q,2011,2011.5,TZARWA,TZA,RWA,MoneyGram,Money Transfer Operator,Not available,Less than one hour,0.5,yes,Nationwide,,,6.779999999999999,6.25,13.03,4.93,6.25,11.18
28949,2011_3Q,2011,2011.5,TZARWA,TZA,RWA,Tanzania Postal Corporation,Post office,Not available,Next day,24.0,yes,Nationwide,,,8.629999999999999,4.69,13.32,5.919999999999999,4.69,10.61
28939,2011_3Q,2011,2011.5,TZARWA,TZA,RWA,Barclays,Bank,Not available,Next day,24.0,yes,Nationwide,,,17.5,4.69,22.19,6.999999999999999,4.69,11.69
28943,2011_3Q,2011,2011.5,TZARWA,TZA,RWA,KCB,Bank,Not available,2 days,48.0,yes,Nationwide,,,20.0,4.69,24.69,7.999999999999999,4.69,12.69
28945,2011_3Q,2011,2011.5,TZARWA,TZA,RWA,NBC,Bank,Not available,3-5 days,96.0,yes,Nationwide,,,25.0,4.69,29.69,10.0,4.69,14.69
28940,2011_3Q,2011,2011.5,TZARWA,TZA,RWA,CRDB Bank,Bank,Not available,2 days,48.0,yes,Nationwide,,,25.0,6.25,31.25,10.0,6.25,16.25
28946,2011_3Q,2011,2011.5,TZARWA,TZA,RWA,NMB (National Microfinance Bank),Non-Bank FI,Not available,3-5 days,96.0,yes,Nationwide,,,25.0,6.25,31.25,10.0,6.25,16.25
28947,2011_3Q,2011,2011.5,TZARWA,TZA,RWA,Stanbic Bank,Bank,Not available,2 days,48.0,yes,Nationwide,,,27.5,6.25,33.75,11.0,6.25,17.25
28941,2011_3Q,2011,2011.5,TZARWA,TZA,RWA,Exim Bank,Bank,Not available,2 days,48.0,yes,Nationwide,,,30.0,6.25,36.25,12.0,6.25,18.25
28950,2011_3Q,2011,2011.5,TZARWA,TZA,RWA,Twiga Bancorp,Bank,Not available,Next day,24.0,yes,Nationwide,,,30.0,6.25,36.25,12.0,6.25,18.25
28948,2011_3Q,2011,2011.5,TZARWA,TZA,RWA,Standard Chartered Bank,Bank,Not available,2 days,48.0,yes,Nationwide,,,45.0,4.69,49.69,18.0,4.69,22.69
28956,2011_3Q,2011,2011.5,TZAUGA,TZA,UGA,KCB,Bank,Not available,Same day,12.0,yes,Major cities,,,0.0,4.69,4.69,0.0,4.69,4.69
28965,2011_3Q,2011,2011.5,TZAUGA,TZA,UGA,UBA Africash,Bank,Not available,Same day,12.0,yes,Major cities,,,3.3499999999999988,4.69,8.04,1.3399999999999999,4.69,6.03
28966,2011_3Q,2011,2011.5,TZAUGA,TZA,UGA,Western Union,Money Transfer Operator,Not available,Less than one hour,0.5,yes,Nationwide,,,5.54,4.69,10.23,4.44,4.69,9.13
28958,2011_3Q,2011,2011.5,TZAUGA,TZA,UGA,MoneyGram,Money Transfer Operator,Not available,Less than one hour,0.5,yes,Nationwide,,,6.779999999999999,6.25,13.03,4.93,6.25,11.18
28963,2011_3Q,2011,2011.5,TZAUGA,TZA,UGA,Tanzania Postal Corporation,Post office,Not available,Less than one hour,0.5,yes,Nationwide,,,8.629999999999999,4.69,13.32,5.919999999999999,4.69,10.61
28953,2011_3Q,2011,2011.5,TZAUGA,TZA,UGA,Barclays,Bank,Not available,Next day,24.0,yes,Nationwide,,,17.5,4.69,22.19,6.999999999999999,4.69,11.69
28957,2011_3Q,2011,2011.5,TZAUGA,TZA,UGA,KCB,Bank,Not available,2 days,48.0,yes,Nationwide,,,20.0,4.69,24.69,7.999999999999999,4.69,12.69
28959,2011_3Q,2011,2011.5,TZAUGA,TZA,UGA,NBC,Bank,Not available,3-5 days,96.0,yes,Nationwide,,,25.0,4.69,29.69,10.0,4.69,14.69
28954,2011_3Q,2011,2011.5,TZAUGA,TZA,UGA,CRDB Bank,Bank,Not available,2 days,48.0,yes,Nationwide,,,25.0,6.25,31.25,10.0,6.25,16.25
28960,2011_3Q,2011,2011.5,TZAUGA,TZA,UGA,NMB (National Microfinance Bank),Non-Bank FI,Not available,3-5 days,96.0,yes,Nationwide,,,25.0,6.25,31.25,10.0,6.25,16.25
28961,2011_3Q,2011,2011.5,TZAUGA,TZA,UGA,Stanbic Bank,Bank,Not available,2 days,48.0,yes,Nationwide,,,27.5,6.25,33.75,11.0,6.25,17.25
28955,2011_3Q,2011,2011.5,TZAUGA,TZA,UGA,Exim Bank,Bank,Not available,2 days,48.0,yes,Nationwide,,,30.0,6.25,36.25,12.0,6.25,18.25
28964,2011_3Q,2011,2011.5,TZAUGA,TZA,UGA,Twiga Bancorp,Bank,Not available,Next day,24.0,yes,Nationwide,,,30.0,6.25,36.25,12.0,6.25,18.25
28962,2011_3Q,2011,2011.5,TZAUGA,TZA,UGA,Standard Chartered Bank,Bank,Not available,2 days,48.0,yes,Nationwide,,,45.0,4.69,49.69,18.0,4.69,22.69
47,2012_1Q,2012,2012.0,KENRWA,KEN,RWA,United Bank for Africa (UBA),Bank,Not available,2 days,48.0,yes,Nationwide,bank account,,2.89,0.25,3.14,1.16,0.25,1.41
7,2012_1Q,2012,2012.0,KENRWA,KEN,RWA,ABC Bank,Money Transfer Operator,Not available,2 days,48.0,yes,Nationwide,bank account,,8.33,0.17,8.5,3.33,0.17,3.5
51,2012_1Q,2012,2012.0,KENRWA,KEN,RWA,Western Union,Money Transfer Operator,Not available,Less than one hour,0.5,yes,Nationwide,cash,,5.5600000000000005,3.0,8.56,4.45,3.0,7.45
41,2012_1Q,2012,2012.0,KENRWA,KEN,RWA,MoneyGram,Money Transfer Operator,Not available,Less than one hour,0.5,yes,Main city,cash,,6.109999999999999,3.59,9.7,4.890000000000001,3.59,8.48
11,2012_1Q,2012,2012.0,KENRWA,KEN,RWA,Citibank,Bank,Not available,2 days,48.0,yes,Nationwide,bank account,,8.34,1.83,10.17,3.34,1.83,5.17
21,2012_1Q,2012,2012.0,KENRWA,KEN,RWA,Ecobank,Bank,Not available,Same day,12.0,yes,Major cities,cash,,6.74,3.59,10.33,6.66,3.59,10.25
27,2012_1Q,2012,2012.0,KENRWA,KEN,RWA,Equatorial Commercial Bank,Bank,Not available,2 days,48.0,yes,Nationwide,bank account,,8.34,3.0,11.34,3.34,3.0,6.34
17,2012_1Q,2012,2012.0,KENRWA,KEN,RWA,Development Bank of Kenya,Bank,Not available,2 days,48.0,yes,Nationwide,bank account,,11.11,0.25,11.36,4.44,0.25,4.69
37,2012_1Q,2012,2012.0,KENRWA,KEN,RWA,KCB,Bank,Not available,2 days,48.0,yes,Nationwide,bank account,,11.12,1.83,12.95,4.45,1.83,6.28
31,2012_1Q,2012,2012.0,KENRWA,KEN,RWA,Fina Direct,Bank,Not available,Same day,12.0,yes,Nationwide,bank account,,8.33,5.09,13.42,3.33,5.09,8.42
107,2012_1Q,2012,2012.0,KENUGA,KEN,UGA,UBA Africash,Bank,Not available,Same day,12.0,yes,Major cities,cash,,3.19,0.25,3.44,2.06,0.25,2.31
113,2012_1Q,2012,2012.0,KENUGA,KEN,UGA,United Bank for Africa (UBA),Bank,Not available,2 days,48.0,yes,Nationwide,bank account,,3.19,0.25,3.44,2.06,0.25,2.31
119,2012_1Q,2012,2012.0,KENUGA,KEN,UGA,Western Union,Money Transfer Operator,Not available,Less than one hour,0.5,yes,Nationwide,cash,,2.0,3.0,5.0,2.0,3.0,5.0
57,2012_1Q,2012,2012.0,KENUGA,KEN,UGA,ABC Bank,Money Transfer Operator,Not available,2 days,48.0,yes,Nationwide,bank account,,8.33,0.17,8.5,3.33,0.17,3.5
101,2012_1Q,2012,2012.0,KENUGA,KEN,UGA,Posta Kenya,Post office,Not available,3-5 days,96.0,yes,Nationwide,cash,,8.33,1.25,9.58,5.56,1.25,6.81
95,2012_1Q,2012,2012.0,KENUGA,KEN,UGA,MoneyGram,Money Transfer Operator,Not available,Less than one hour,0.5,yes,Nationwide,cash,,6.109999999999999,3.59,9.7,4.890000000000001,3.59,8.48
61,2012_1Q,2012,2012.0,KENUGA,KEN,UGA,Citibank,Bank,Not available,2 days,48.0,yes,Nationwide,bank account,,8.34,1.83,10.17,3.34,1.83,5.17
71,2012_1Q,2012,2012.0,KENUGA,KEN,UGA,Ecobank,Bank,Not available,Same day,12.0,yes,Major cities,cash,,6.74,3.59,10.33,6.66,3.59,10.25
77,2012_1Q,2012,2012.0,KENUGA,KEN,UGA,Equatorial Commercial Bank,Bank,Not available,2 days,48.0,yes,Nationwide,bank account,,8.34,3.0,11.34,3.34,3.0,6.34
65,2012_1Q,2012,2012.0,KENUGA,KEN,UGA,Development Bank of Kenya,Bank,Not available,2 days,48.0,yes,Nationwide,bank account,,11.11,0.25,11.36,4.44,0.25,4.69
89,2012_1Q,2012,2012.0,KENUGA,KEN,UGA,KCB,Bank,Not available,2 days,48.0,yes,Nationwide,bank account,,11.12,1.83,12.95,4.45,1.83,6.28
83,2012_1Q,2012,2012.0,KENUGA,KEN,UGA,Fina Direct,Bank,Not available,Same day,12.0,yes,Major cities,bank account,,8.33,5.09,13.42,3.33,5.09,8.42
17605,2012_1Q,2012,2012.0,TZAKEN,TZA,KEN,KCB,Bank,Not available,Less than one hour,0.5,yes,Nationwide,,,0.0,6.35,6.35,0.0,6.35,6.35
17612,2012_1Q,2012,2012.0,TZAKEN,TZA,KEN,UBA Africash,Bank,Not available,Same day,12.0,yes,Major cities,,,3.3499999999999996,3.17,6.52,1.3399999999999999,3.17,4.51
17606,2012_1Q,2012,2012.0,TZAKEN,TZA,KEN,MoneyGram,Money Transfer Operator,Not available,Less than one hour,0.5,yes,Nationwide,,,6.779999999999999,1.59,8.37,4.93,1.59,6.52
17613,2012_1Q,2012,2012.0,TZAKEN,TZA,KEN,Western Union,Money Transfer Operator,Not available,Less than one hour,0.5,yes,Nationwide,,,5.550000000000001,3.17,8.72,4.44,3.17,7.61
17610,2012_1Q,2012,2012.0,TZAKEN,TZA,KEN,Tanzania Postal Corporation,Post office,Not available,Next day,24.0,yes,Nationwide,,,7.4,4.76,12.16,5.92,4.76,10.68
17604,2012_1Q,2012,2012.0,TZAKEN,TZA,KEN,KCB,Bank,Not available,2 days,48.0,yes,Nationwide,,,20.0,6.35,26.35,8.0,6.35,14.35
17607,2012_1Q,2012,2012.0,TZAKEN,TZA,KEN,NBC,Bank,Not available,2 days,48.0,yes,Nationwide,,,25.0,4.76,29.76,10.0,4.76,14.76
17608,2012_1Q,2012,2012.0,TZAKEN,TZA,KEN,Stanbic Bank,Bank,Not available,Next day,24.0,yes,Nationwide,,,27.5,3.17,30.67,11.0,3.17,14.17
17611,2012_1Q,2012,2012.0,TZAKEN,TZA,KEN,Twiga Bancorp,Bank,Not available,Next day,24.0,yes,Nationwide,,,30.0,1.59,31.59,12.0,1.59,13.59
17603,2012_1Q,2012,2012.0,TZAKEN,TZA,KEN,Exim Bank,Bank,Not available,2 days,48.0,yes,Nationwide,,,30.0,3.17,33.17,12.0,3.17,15.17
17609,2012_1Q,2012,2012.0,TZAKEN,TZA,KEN,Standard Chartered Bank,Bank,Not available,2 days,48.0,yes,Nationwide,,,45.0,3.17,48.17,18.0,3.17,21.17
17617,2012_1Q,2012,2012.0,TZARWA,TZA,RWA,KCB,Bank,Not available,Same day,12.0,yes,Major cities,,,0.0,6.35,6.35,0.0,6.35,6.35
17626,2012_1Q,2012,2012.0,TZARWA,TZA,RWA,UBA Africash,Bank,Not available,Same day,12.0,yes,Major cities,,,3.3499999999999996,3.17,6.52,1.3399999999999999,3.17,4.51
17619,2012_1Q,2012,2012.0,TZARWA,TZA,RWA,MoneyGram,Money Transfer Operator,Not available,Less than one hour,0.5,yes,Nationwide,,,6.779999999999999,1.59,8.37,4.93,1.59,6.52
17627,2012_1Q,2012,2012.0,TZARWA,TZA,RWA,Western Union,Money Transfer Operator,Not available,Less than one hour,0.5,yes,Nationwide,,,5.550000000000001,3.17,8.72,4.44,3.17,7.61
17624,2012_1Q,2012,2012.0,TZARWA,TZA,RWA,Tanzania Postal Corporation,Post office,Not available,Next day,24.0,yes,Nationwide,,,7.4,4.76,12.16,5.92,4.76,10.68
17614,2012_1Q,2012,2012.0,TZARWA,TZA,RWA,Barclays,Bank,Not available,Next day,24.0,yes,Nationwide,,,17.5,2.14,19.64,7.0,2.14,9.14
17618,2012_1Q,2012,2012.0,TZARWA,TZA,RWA,KCB,Bank,Not available,2 days,48.0,yes,Nationwide,,,20.0,6.35,26.35,8.0,6.35,14.35
17621,2012_1Q,2012,2012.0,TZARWA,TZA,RWA,NMB (National Microfinance Bank),Non-Bank FI,Not available,3-5 days,96.0,yes,Nationwide,,,25.0,2.26,27.26,10.0,2.26,12.26
17615,2012_1Q,2012,2012.0,TZARWA,TZA,RWA,CRDB Bank,Bank,Not available,2 days,48.0,yes,Nationwide,,,25.0,2.62,27.62,10.0,2.62,12.62
17620,2012_1Q,2012,2012.0,TZARWA,TZA,RWA,NBC,Bank,Not available,3-5 days,96.0,yes,Nationwide,,,25.0,4.76,29.76,10.0,4.76,14.76
17622,2012_1Q,2012,2012.0,TZARWA,TZA,RWA,Stanbic Bank,Bank,Not available,2 days,48.0,yes,Nationwide,,,27.5,3.17,30.67,11.0,3.17,14.17
17625,2012_1Q,2012,2012.0,TZARWA,TZA,RWA,Twiga Bancorp,Bank,Not available,Next day,24.0,yes,Nationwide,,,30.0,1.59,31.59,12.0,1.59,13.59
17616,2012_1Q,2012,2012.0,TZARWA,TZA,RWA,Exim Bank,Bank,Not available,2 days,48.0,yes,Nationwide,,,30.0,3.17,33.17,12.0,3.17,15.17
17623,2012_1Q,2012,2012.0,TZARWA,TZA,RWA,Standard Chartered Bank,Bank,Not available,2 days,48.0,yes,Nationwide,,,45.0,3.17,48.17,18.0,3.17,21.17
17631,2012_1Q,2012,2012.0,TZAUGA,TZA,UGA,KCB,Bank,Not available,Same day,12.0,yes,Major cities,,,0.0,6.35,6.35,0.0,6.35,6.35
17640,2012_1Q,2012,2012.0,TZAUGA,TZA,UGA,UBA Africash,Bank,Not available,Same day,12.0,yes,Major cities,,,3.3499999999999996,3.17,6.52,1.3399999999999999,3.17,4.51
17633,2012_1Q,2012,2012.0,TZAUGA,TZA,UGA,MoneyGram,Money Transfer Operator,Not available,Less than one hour,0.5,yes,Nationwide,,,6.779999999999999,1.59,8.37,4.93,1.59,6.52
17641,2012_1Q,2012,2012.0,TZAUGA,TZA,UGA,Western Union,Money Transfer Operator,Not available,Less than one hour,0.5,yes,Nationwide,,,5.550000000000001,3.17,8.72,4.44,3.17,7.61
17638,2012_1Q,2012,2012.0,TZAUGA,TZA,UGA,Tanzania Postal Corporation,Post office,Not available,Less than one hour,0.5,yes,Nationwide,,,7.4,4.76,12.16,5.92,4.76,10.68
17628,2012_1Q,2012,2012.0,TZAUGA,TZA,UGA,Barclays,Bank,Not available,Next day,24.0,yes,Nationwide,,,17.5,2.14,19.64,7.0,2.14,9.14
17632,2012_1Q,2012,2012.0,TZAUGA,TZA,UGA,KCB,Bank,Not available,2 days,48.0,yes,Nationwide,,,20.0,6.35,26.35,8.0,6.35,14.35
17635,2012_1Q,2012,2012.0,TZAUGA,TZA,UGA,NMB (National Microfinance Bank),Non-Bank FI,Not available,3-5 days,96.0,yes,Nationwide,,,25.0,2.26,27.26,10.0,2.26,12.26
17629,2012_1Q,2012,2012.0,TZAUGA,TZA,UGA,CRDB Bank,Bank,Not available,2 days,48.0,yes,Nationwide,,,25.0,2.62,27.62,10.0,2.62,12.62
17634,2012_1Q,2012,2012.0,TZAUGA,TZA,UGA,NBC,Bank,Not available,3-5 days,96.0,yes,Nationwide,,,25.0,4.76,29.76,10.0,4.76,14.76
17636,2012_1Q,2012,2012.0,TZAUGA,TZA,UGA,Stanbic Bank,Bank,Not available,2 days,48.0,yes,Nationwide,,,27.5,3.17,30.67,11.0,3.17,14.17
17639,2012_1Q,2012,2012.0,TZAUGA,TZA,UGA,Twiga Bancorp,Bank,Not available,Next day,24.0,yes,Nationwide,,,30.0,1.59,31.59,12.0,1.59,13.59
17630,2012_1Q,2012,2012.0,TZAUGA,TZA,UGA,Exim Bank,Bank,Not available,2 days,48.0,yes,Nationwide,,,30.0,3.17,33.17,12.0,3.17,15.17
17637,2012_1Q,2012,2012.0,TZAUGA,TZA,UGA,Standard Chartered Bank,Bank,Not available,2 days,48.0,yes,Nationwide,,,45.0,3.17,48.17,18.0,3.17,21.17
31125,2012_3Q,2012,2012.5,KENRWA,KEN,RWA,United Bank for Africa (UBA),Bank,Not available,2 days,48.0,yes,Nationwide,bank account,,2.8900000000000006,2.76,5.65,1.1500000000000004,2.76,3.91
31120,2012_3Q,2012,2012.5,KENRWA,KEN,RWA,Ecobank,Bank,Not available,Same day,12.0,yes,Major cities,cash,,6.739999999999999,2.2,8.94,6.659999999999999,2.2,8.86
31124,2012_3Q,2012,2012.5,KENRWA,KEN,RWA,MoneyGram,Money Transfer Operator,Not available,Less than one hour,0.5,yes,Main city,cash,,5.279999999999999,3.73,9.01,4.220000000000001,3.73,7.95
31126,2012_3Q,2012,2012.5,KENRWA,KEN,RWA,Western Union,Money Transfer Operator,Not available,Less than one hour,0.5,yes,Nationwide,cash,,5.5600000000000005,3.86,9.42,4.450000000000001,3.86,8.31
31121,2012_3Q,2012,2012.5,KENRWA,KEN,RWA,Equatorial Commercial Bank,Bank,Not available,2 days,48.0,yes,Nationwide,bank account,,8.330000000000002,1.63,9.96,3.33,1.63,4.96
31117,2012_3Q,2012,2012.5,KENRWA,KEN,RWA,ABC Bank,Money Transfer Operator,Not available,2 days,48.0,yes,Nationwide,bank account,,8.34,3.64,11.98,3.3400000000000003,3.64,6.98
31119,2012_3Q,2012,2012.5,KENRWA,KEN,RWA,Development Bank of Kenya,Bank,Not available,2 days,48.0,yes,Nationwide,bank account,,11.11,1.05,12.16,4.45,1.05,5.5
31122,2012_3Q,2012,2012.5,KENRWA,KEN,RWA,Fina Direct,Bank,Not available,Same day,12.0,yes,Nationwide,bank account,,8.34,3.86,12.2,3.3400000000000003,3.86,7.2
31118,2012_3Q,2012,2012.5,KENRWA,KEN,RWA,Citibank,Bank,Not available,2 days,48.0,yes,Nationwide,bank account,,8.33,4.41,12.74,3.33,4.41,7.74
31123,2012_3Q,2012,2012.5,KENRWA,KEN,RWA,KCB,Bank,Not available,2 days,48.0,yes,Nationwide,bank account,,11.11,2.08,13.19,4.45,2.08,6.53
31134,2012_3Q,2012,2012.5,KENUGA,KEN,UGA,MoneyGram,Money Transfer Operator,Not available,Less than one hour,0.5,yes,Nationwide,cash,,1.75,4.3,6.05,1.75,4.3,6.05
31138,2012_3Q,2012,2012.5,KENUGA,KEN,UGA,Western Union,Money Transfer Operator,Not available,Less than one hour,0.5,yes,Nationwide,cash,,2.0,4.08,6.08,2.0,4.08,6.08
31136,2012_3Q,2012,2012.5,KENUGA,KEN,UGA,UBA Africash,Bank,Not available,Same day,12.0,yes,Major cities,cash,,3.2,3.42,6.62,2.0600000000000005,3.42,5.48
31137,2012_3Q,2012,2012.5,KENUGA,KEN,UGA,United Bank for Africa (UBA),Bank,Not available,2 days,48.0,yes,Nationwide,bank account,,3.2,3.42,6.62,2.0600000000000005,3.42,5.48
31135,2012_3Q,2012,2012.5,KENUGA,KEN,UGA,Posta Kenya,Post office,Not available,3-5 days,96.0,yes,Nationwide,cash,,8.33,0.47,8.8,5.5600000000000005,0.47,6.03
31130,2012_3Q,2012,2012.5,KENUGA,KEN,UGA,Ecobank,Bank,Not available,Same day,12.0,yes,Major cities,cash,,6.739999999999999,2.2,8.94,6.659999999999999,2.2,8.86
31131,2012_3Q,2012,2012.5,KENUGA,KEN,UGA,Equatorial Commercial Bank,Bank,Not available,2 days,48.0,yes,Nationwide,bank account,,8.330000000000002,1.63,9.96,3.33,1.63,4.96
31127,2012_3Q,2012,2012.5,KENUGA,KEN,UGA,ABC Bank,Money Transfer Operator,Not available,2 days,48.0,yes,Nationwide,bank account,,8.34,3.64,11.98,3.3400000000000003,3.64,6.98
31129,2012_3Q,2012,2012.5,KENUGA,KEN,UGA,Development Bank of Kenya,Bank,Not available,2 days,48.0,yes,Nationwide,bank account,,11.11,1.05,12.16,4.45,1.05,5.5
31132,2012_3Q,2012,2012.5,KENUGA,KEN,UGA,Fina Direct,Bank,Not available,Same day,12.0,yes,Major cities,own/partner bank account,,8.34,3.86,12.2,3.3400000000000003,3.86,7.2
31128,2012_3Q,2012,2012.5,KENUGA,KEN,UGA,Citibank,Bank,Not available,2 days,48.0,yes,Nationwide,bank account,,8.33,4.41,12.74,3.33,4.41,7.74
31133,2012_3Q,2012,2012.5,KENUGA,KEN,UGA,KCB,Bank,Not available,2 days,48.0,yes,Nationwide,bank account,,11.11,2.08,13.19,4.45,2.08,6.53
31779,2012_3Q,2012,2012.5,TZAKEN,TZA,KEN,KCB,Bank,Not available,2 days,48.0,yes,Nationwide,,,0.0,1.68,1.68,0.0,1.68,1.68
31787,2012_3Q,2012,2012.5,TZAKEN,TZA,KEN,UBA Africash,Bank,Not available,Same day,12.0,yes,Major cities,,,3.3500000000000005,1.68,5.03,2.24,1.68,3.92
31788,2012_3Q,2012,2012.5,TZAKEN,TZA,KEN,Western Union,Money Transfer Operator,Not available,Less than one hour,0.5,yes,Nationwide,,,5.55,1.25,6.8,4.44,1.25,5.69
31781,2012_3Q,2012,2012.5,TZAKEN,TZA,KEN,MoneyGram,Money Transfer Operator,Not available,Less than one hour,0.5,yes,Nationwide,,,6.779999999999999,1.25,8.03,4.93,1.25,6.18
31785,2012_3Q,2012,2012.5,TZAKEN,TZA,KEN,Tanzania Postal Corporation,Post office,Not available,Next day,24.0,yes,Nationwide,,,7.390000000000001,1.07,8.46,5.91,1.07,6.98
31780,2012_3Q,2012,2012.5,TZAKEN,TZA,KEN,KCB,Bank,Not available,Less than one hour,0.5,yes,Nationwide,,,20.0,1.07,21.07,8.0,1.07,9.07
31782,2012_3Q,2012,2012.5,TZAKEN,TZA,KEN,NBC,Bank,Not available,2 days,48.0,yes,Nationwide,,,25.0,1.44,26.44,10.0,1.44,11.44
31783,2012_3Q,2012,2012.5,TZAKEN,TZA,KEN,Stanbic Bank,Bank,Not available,Next day,24.0,yes,Nationwide,,,27.5,1.5,29.0,11.0,1.5,12.5
31786,2012_3Q,2012,2012.5,TZAKEN,TZA,KEN,Twiga Bancorp,Bank,Not available,Next day,24.0,yes,Nationwide,,,30.0,1.19,31.19,12.0,1.19,13.19
31778,2012_3Q,2012,2012.5,TZAKEN,TZA,KEN,Exim Bank,Bank,Not available,2 days,48.0,yes,Nationwide,,,30.0,1.62,31.62,12.0,1.62,13.62
31784,2012_3Q,2012,2012.5,TZAKEN,TZA,KEN,Standard Chartered Bank,Bank,Not available,2 days,48.0,yes,Nationwide,,,45.0,1.62,46.62,18.0,1.62,19.62
31793,2012_3Q,2012,2012.5,TZARWA,TZA,RWA,KCB,Bank,Not available,Same day,12.0,yes,Major cities,,,0.0,2.24,2.24,0.0,2.24,2.24
31801,2012_3Q,2012,2012.5,TZARWA,TZA,RWA,UBA Africash,Bank,Not available,Same day,12.0,yes,Major cities,,,3.35,1.81,5.16,1.3399999999999999,1.81,3.15
31802,2012_3Q,2012,2012.5,TZARWA,TZA,RWA,Western Union,Money Transfer Operator,Not available,Less than one hour,0.5,yes,Nationwide,,,5.540000000000001,1.69,7.23,4.4399999999999995,1.69,6.13
31794,2012_3Q,2012,2012.5,TZARWA,TZA,RWA,MoneyGram,Money Transfer Operator,Not available,Less than one hour,0.5,yes,Nationwide,,,6.780000000000001,1.93,8.71,4.930000000000001,1.93,6.86
31799,2012_3Q,2012,2012.5,TZARWA,TZA,RWA,Tanzania Postal Corporation,Post office,Not available,Next day,24.0,yes,Nationwide,,,7.4,1.81,9.21,5.92,1.81,7.73
31789,2012_3Q,2012,2012.5,TZARWA,TZA,RWA,Barclays,Bank,Not available,Next day,24.0,yes,Nationwide,,,17.5,2.24,19.74,7.0,2.24,9.24
31792,2012_3Q,2012,2012.5,TZARWA,TZA,RWA,KCB,Bank,Not available,2 days,48.0,yes,Nationwide,,,20.0,1.32,21.32,8.0,1.32,9.32
31796,2012_3Q,2012,2012.5,TZARWA,TZA,RWA,NMB (National Microfinance Bank),Non-Bank FI,Not available,3-5 days,96.0,yes,Nationwide,,,25.0,1.75,26.75,10.0,1.75,11.75
31795,2012_3Q,2012,2012.5,TZARWA,TZA,RWA,NBC,Bank,Not available,3-5 days,96.0,yes,Nationwide,,,25.0,1.87,26.87,10.0,1.87,11.87
31790,2012_3Q,2012,2012.5,TZARWA,TZA,RWA,CRDB Bank,Bank,Not available,2 days,48.0,yes,Nationwide,,,25.0,2.54,27.54,10.0,2.54,12.54
31797,2012_3Q,2012,2012.5,TZARWA,TZA,RWA,Stanbic Bank,Bank,Not available,2 days,48.0,yes,Nationwide,,,27.5,1.62,29.12,11.0,1.62,12.62
31800,2012_3Q,2012,2012.5,TZARWA,TZA,RWA,Twiga Bancorp,Bank,Not available,Next day,24.0,yes,Nationwide,,,30.0,1.93,31.93,12.0,1.93,13.93
31791,2012_3Q,2012,2012.5,TZARWA,TZA,RWA,Exim Bank,Bank,Not available,2 days,48.0,yes,Nationwide,,,30.0,2.18,32.18,12.0,2.18,14.18
31798,2012_3Q,2012,2012.5,TZARWA,TZA,RWA,Standard Chartered Bank,Bank,Not available,2 days,48.0,yes,Nationwide,,,45.0,1.99,46.99,18.0,1.99,19.99
31807,2012_3Q,2012,2012.5,TZAUGA,TZA,UGA,KCB,Bank,Not available,Same day,12.0,yes,Major cities,,,0.0,2.24,2.24,0.0,2.24,2.24
31815,2012_3Q,2012,2012.5,TZAUGA,TZA,UGA,UBA Africash,Bank,Not available,Same day,12.0,yes,Major cities,,,3.35,1.81,5.16,1.3399999999999999,1.81,3.15
31816,2012_3Q,2012,2012.5,TZAUGA,TZA,UGA,Western Union,Money Transfer Operator,Not available,Less than one hour,0.5,yes,Nationwide,,,5.540000000000001,1.69,7.23,4.4399999999999995,1.69,6.13
31808,2012_3Q,2012,2012.5,TZAUGA,TZA,UGA,MoneyGram,Money Transfer Operator,Not available,Less than one hour,0.5,yes,Nationwide,,,6.780000000000001,1.93,8.71,4.930000000000001,1.93,6.86
31813,2012_3Q,2012,2012.5,TZAUGA,TZA,UGA,Tanzania Postal Corporation,Post office,Not available,Less than one hour,0.5,yes,Nationwide,,,7.4,1.81,9.21,5.92,1.81,7.73
31803,2012_3Q,2012,2012.5,TZAUGA,TZA,UGA,Barclays,Bank,Not available,Next day,24.0,yes,Nationwide,,,17.5,2.24,19.74,7.0,2.24,9.24
31806,2012_3Q,2012,2012.5,TZAUGA,TZA,UGA,KCB,Bank,Not available,2 days,48.0,yes,Nationwide,,,20.0,1.32,21.32,8.0,1.32,9.32
31810,2012_3Q,2012,2012.5,TZAUGA,TZA,UGA,NMB (National Microfinance Bank),Non-Bank FI,Not available,3-5 days,96.0,yes,Nationwide,,,25.0,1.75,26.75,10.0,1.75,11.75
31809,2012_3Q,2012,2012.5,TZAUGA,TZA,UGA,NBC,Bank,Not available,3-5 days,96.0,yes,Nationwide,,,25.0,1.87,26.87,10.0,1.87,11.87
31804,2012_3Q,2012,2012.5,TZAUGA,TZA,UGA,CRDB Bank,Bank,Not available,2 days,48.0,yes,Nationwide,,,25.0,2.54,27.54,10.0,2.54,12.54
31811,2012_3Q,2012,2012.5,TZAUGA,TZA,UGA,Stanbic Bank,Bank,Not available,2 days,48.0,yes,Nationwide,,,27.509999999999998,1.62,29.13,11.0,1.62,12.62
31814,2012_3Q,2012,2012.5,TZAUGA,TZA,UGA,Twiga Bancorp,Bank,Not available,Next day,24.0,yes,Nationwide,,,30.0,1.93,31.93,4.930000000000001,1.93,6.86
31805,2012_3Q,2012,2012.5,TZAUGA,TZA,UGA,Exim Bank,Bank,Not available,2 days,48.0,yes,Nationwide,,,30.0,2.18,32.18,12.0,2.18,14.18
31812,2012_3Q,2012,2012.5,TZAUGA,TZA,UGA,Standard Chartered Bank,Bank,Not available,2 days,48.0,yes,Nationwide,,,45.0,1.99,46.99,18.0,1.99,19.99
19836,2013_1Q,2013,2013.0,KENRWA,KEN,RWA,United Bank for Africa (UBA),Bank,Not available,2 days,48.0,yes,Nationwide,,,2.8899999999999997,2.71,5.6,1.1600000000000001,2.71,3.87
19835,2013_1Q,2013,2013.0,KENRWA,KEN,RWA,MoneyGram,Money Transfer Operator,Not available,Less than one hour,0.5,yes,Main city,,,5.279999999999999,2.27,7.55,4.23,2.27,6.5
19837,2013_1Q,2013,2013.0,KENRWA,KEN,RWA,Western Union,Money Transfer Operator,Not available,Less than one hour,0.5,yes,Nationwide,,,5.550000000000001,2.19,7.74,4.4399999999999995,2.19,6.63
19831,2013_1Q,2013,2013.0,KENRWA,KEN,RWA,Ecobank,Bank,Not available,Same day,12.0,yes,Major cities,,,6.74,2.1,8.84,6.67,2.1,8.77
19829,2013_1Q,2013,2013.0,KENRWA,KEN,RWA,Citibank,Bank,Not available,2 days,48.0,yes,Nationwide,,,8.33,2.1,10.43,3.3299999999999996,2.1,5.43
19828,2013_1Q,2013,2013.0,KENRWA,KEN,RWA,ABC Bank,Money Transfer Operator,Not available,2 days,48.0,yes,Nationwide,,,8.34,2.27,10.61,3.3400000000000003,2.27,5.61
19832,2013_1Q,2013,2013.0,KENRWA,KEN,RWA,Equatorial Commercial Bank,Bank,Not available,2 days,48.0,yes,Nationwide,,,8.34,2.36,10.7,3.3400000000000003,2.36,5.7
19833,2013_1Q,2013,2013.0,KENRWA,KEN,RWA,Fina Direct,Bank,Not available,Same day,12.0,yes,Nationwide,,,8.329999999999998,2.45,10.78,3.33,2.45,5.78
19834,2013_1Q,2013,2013.0,KENRWA,KEN,RWA,KCB,Bank,Not available,2 days,48.0,yes,Nationwide,,,11.11,1.84,12.95,4.44,1.84,6.28
19830,2013_1Q,2013,2013.0,KENRWA,KEN,RWA,Development Bank of Kenya,Bank,Not available,2 days,48.0,yes,Nationwide,,,11.12,1.92,13.04,4.45,1.92,6.37
19845,2013_1Q,2013,2013.0,KENUGA,KEN,UGA,MoneyGram,Money Transfer Operator,Not available,Less than one hour,0.5,yes,Nationwide,,,1.7499999999999996,2.27,4.02,1.7499999999999996,2.27,4.02
19849,2013_1Q,2013,2013.0,KENUGA,KEN,UGA,Western Union,Money Transfer Operator,Not available,Less than one hour,0.5,yes,Nationwide,,,3.44,2.19,5.63,2.0900000000000003,2.19,4.28
19847,2013_1Q,2013,2013.0,KENUGA,KEN,UGA,UBA Africash,Bank,Not available,Same day,12.0,yes,Major cities,,,3.2,2.71,5.91,2.0599999999999996,2.71,4.77
19848,2013_1Q,2013,2013.0,KENUGA,KEN,UGA,United Bank for Africa (UBA),Bank,Not available,2 days,48.0,yes,Nationwide,,,3.2,2.71,5.91,2.0599999999999996,2.71,4.77
19841,2013_1Q,2013,2013.0,KENUGA,KEN,UGA,Ecobank,Bank,Not available,Same day,12.0,yes,Major cities,,,6.74,2.1,8.84,6.67,2.1,8.77
19839,2013_1Q,2013,2013.0,KENUGA,KEN,UGA,Citibank,Bank,Not available,2 days,48.0,yes,Nationwide,,,8.33,2.1,10.43,3.3299999999999996,2.1,5.43
19838,2013_1Q,2013,2013.0,KENUGA,KEN,UGA,ABC Bank,Money Transfer Operator,Not available,2 days,48.0,yes,Nationwide,,,8.34,2.27,10.61,3.3400000000000003,2.27,5.61
19842,2013_1Q,2013,2013.0,KENUGA,KEN,UGA,Equatorial Commercial Bank,Bank,Not available,2 days,48.0,yes,Nationwide,,,8.34,2.36,10.7,3.3400000000000003,2.36,5.7
19843,2013_1Q,2013,2013.0,KENUGA,KEN,UGA,Fina Direct,Bank,Not available,Same day,12.0,yes,Major cities,,,8.329999999999998,2.45,10.78,3.33,2.45,5.78
19846,2013_1Q,2013,2013.0,KENUGA,KEN,UGA,Posta Kenya,Post office,Not available,3-5 days,96.0,yes,Nationwide,,,8.329999999999998,2.45,10.78,5.56,2.45,8.01
19844,2013_1Q,2013,2013.0,KENUGA,KEN,UGA,KCB,Bank,Not available,2 days,48.0,yes,Nationwide,,,11.11,1.84,12.95,4.44,1.84,6.28
19840,2013_1Q,2013,2013.0,KENUGA,KEN,UGA,Development Bank of Kenya,Bank,Not available,2 days,48.0,yes,Nationwide,,,11.12,1.92,13.04,4.45,1.92,6.37
20481,2013_1Q,2013,2013.0,TZAKEN,TZA,KEN,KCB,Bank,Not available,Less than one hour,0.5,yes,Nationwide,,,0.0,1.21,1.21,0.0,1.21,1.21
20488,2013_1Q,2013,2013.0,TZAKEN,TZA,KEN,UBA Africash,Bank,Not available,Same day,12.0,yes,Major cities,,,3.3499999999999996,2.83,6.18,2.24,2.83,5.07
20489,2013_1Q,2013,2013.0,TZAKEN,TZA,KEN,Western Union,Money Transfer Operator,Not available,Less than one hour,0.5,yes,Nationwide,,,5.55,1.21,6.76,4.44,1.21,5.65
20482,2013_1Q,2013,2013.0,TZAKEN,TZA,KEN,MoneyGram,Money Transfer Operator,Not available,Less than one hour,0.5,yes,Nationwide,,,6.78,1.21,7.99,4.93,1.21,6.14
20486,2013_1Q,2013,2013.0,TZAKEN,TZA,KEN,Tanzania Postal Corporation,Post office,Not available,Next day,24.0,yes,Nationwide,,,7.4,2.83,10.23,5.92,2.83,8.75
20480,2013_1Q,2013,2013.0,TZAKEN,TZA,KEN,KCB,Bank,Not available,2 days,48.0,yes,Nationwide,,,20.0,1.21,21.21,8.0,1.21,9.21
20483,2013_1Q,2013,2013.0,TZAKEN,TZA,KEN,NBC,Bank,Not available,2 days,48.0,yes,Nationwide,,,25.0,2.83,27.83,10.0,2.83,12.83
20484,2013_1Q,2013,2013.0,TZAKEN,TZA,KEN,Stanbic Bank,Bank,Not available,Next day,24.0,yes,Nationwide,,,27.5,2.83,30.33,11.0,2.83,13.83
20479,2013_1Q,2013,2013.0,TZAKEN,TZA,KEN,Exim Bank,Bank,Not available,2 days,48.0,yes,Nationwide,,,30.0,1.21,31.21,12.0,1.21,13.21
20487,2013_1Q,2013,2013.0,TZAKEN,TZA,KEN,Twiga Bancorp,Bank,Not available,Next day,24.0,yes,Nationwide,,,30.0,1.21,31.21,12.0,1.21,13.21
20485,2013_1Q,2013,2013.0,TZAKEN,TZA,KEN,Standard Chartered Bank,Bank,Not available,2 days,48.0,yes,Nationwide,,,45.0,1.21,46.21,18.0,1.21,19.21
20493,2013_1Q,2013,2013.0,TZARWA,TZA,RWA,KCB,Bank,Not available,Same day,12.0,yes,Major cities,bank account,,0.0,1.21,1.21,0.0,1.21,1.21
32387,2013_1Q,2013,2013.0,TZARWA,TZA,RWA,KCB,Bank,Not available,Same day,12.0,yes,Major cities,bank account,,0.0,1.21,1.21,0.0,1.21,1.21
20502,2013_1Q,2013,2013.0,TZARWA,TZA,RWA,UBA Africash,Bank,Not available,Same day,12.0,yes,Major cities,,,3.3499999999999996,2.83,6.18,1.3399999999999999,2.83,4.17
20495,2013_1Q,2013,2013.0,TZARWA,TZA,RWA,MoneyGram,Money Transfer Operator,Not available,Less than one hour,0.5,yes,Nationwide,,,6.78,1.21,7.99,4.93,1.21,6.14
20503,2013_1Q,2013,2013.0,TZARWA,TZA,RWA,Western Union,Money Transfer Operator,Not available,Less than one hour,0.5,yes,Nationwide,,,5.550000000000001,2.83,8.38,4.4399999999999995,2.83,7.27
20500,2013_1Q,2013,2013.0,TZARWA,TZA,RWA,Tanzania Postal Corporation,Post office,Not available,Next day,24.0,yes,Nationwide,,,7.4,2.83,10.23,5.92,2.83,8.75
20490,2013_1Q,2013,2013.0,TZARWA,TZA,RWA,Barclays,Bank,Not available,Next day,24.0,yes,Nationwide,,,17.5,2.83,20.33,7.0,2.83,9.83
20494,2013_1Q,2013,2013.0,TZARWA,TZA,RWA,KCB,Bank,Not available,2 days,48.0,yes,Nationwide,,,20.0,1.21,21.21,8.0,1.21,9.21
20491,2013_1Q,2013,2013.0,TZARWA,TZA,RWA,CRDB Bank,Bank,Not available,2 days,48.0,yes,Nationwide,,,25.0,2.83,27.83,10.0,2.83,12.83
20496,2013_1Q,2013,2013.0,TZARWA,TZA,RWA,NBC,Bank,Not available,3-5 days,96.0,yes,Nationwide,,,25.0,2.83,27.83,10.0,2.83,12.83
20497,2013_1Q,2013,2013.0,TZARWA,TZA,RWA,NMB (National Microfinance Bank),Non-Bank FI,Not available,3-5 days,96.0,yes,Nationwide,,,25.0,2.83,27.83,10.0,2.83,12.83
20498,2013_1Q,2013,2013.0,TZARWA,TZA,RWA,Stanbic Bank,Bank,Not available,2 days,48.0,yes,Nationwide,,,27.5,2.83,30.33,11.0,2.83,13.83
20492,2013_1Q,2013,2013.0,TZARWA,TZA,RWA,Exim Bank,Bank,Not available,2 days,48.0,yes,Nationwide,,,30.0,1.21,31.21,12.0,1.21,13.21
20501,2013_1Q,2013,2013.0,TZARWA,TZA,RWA,Twiga Bancorp,Bank,Not available,Next day,24.0,yes,Nationwide,,,30.0,1.21,31.21,12.0,1.21,13.21
20499,2013_1Q,2013,2013.0,TZARWA,TZA,RWA,Standard Chartered Bank,Bank,Not available,2 days,48.0,yes,Nationwide,,,45.0,1.21,46.21,18.0,1.21,19.21
20507,2013_1Q,2013,2013.0,TZAUGA,TZA,UGA,KCB,Bank,Not available,Same day,12.0,yes,Major cities,,,0.0,1.21,1.21,0.0,1.21,1.21
20516,2013_1Q,2013,2013.0,TZAUGA,TZA,UGA,UBA Africash,Bank,Not available,Same day,12.0,yes,Major cities,,,3.3499999999999996,2.83,6.18,1.3399999999999999,2.83,4.17
20509,2013_1Q,2013,2013.0,TZAUGA,TZA,UGA,MoneyGram,Money Transfer Operator,Not available,Less than one hour,0.5,yes,Nationwide,,,6.78,1.21,7.99,4.93,1.21,6.14
20517,2013_1Q,2013,2013.0,TZAUGA,TZA,UGA,Western Union,Money Transfer Operator,Not available,Less than one hour,0.5,yes,Nationwide,,,5.550000000000001,2.83,8.38,4.4399999999999995,2.83,7.27
20514,2013_1Q,2013,2013.0,TZAUGA,TZA,UGA,Tanzania Postal Corporation,Post office,Not available,Less than one hour,0.5,yes,Nationwide,,,7.4,2.83,10.23,5.92,2.83,8.75
20504,2013_1Q,2013,2013.0,TZAUGA,TZA,UGA,Barclays,Bank,Not available,Next day,24.0,yes,Nationwide,,,17.5,2.83,20.33,7.0,2.83,9.83
20508,2013_1Q,2013,2013.0,TZAUGA,TZA,UGA,KCB,Bank,Not available,2 days,48.0,yes,Nationwide,,,20.0,1.21,21.21,8.0,1.21,9.21
20505,2013_1Q,2013,2013.0,TZAUGA,TZA,UGA,CRDB Bank,Bank,Not available,2 days,48.0,yes,Nationwide,,,25.0,2.83,27.83,10.0,2.83,12.83
20510,2013_1Q,2013,2013.0,TZAUGA,TZA,UGA,NBC,Bank,Not available,3-5 days,96.0,yes,Nationwide,,,25.0,2.83,27.83,10.0,2.83,12.83
20511,2013_1Q,2013,2013.0,TZAUGA,TZA,UGA,NMB (National Microfinance Bank),Non-Bank FI,Not available,3-5 days,96.0,yes,Nationwide,,,25.0,2.83,27.83,10.0,2.83,12.83
20512,2013_1Q,2013,2013.0,TZAUGA,TZA,UGA,Stanbic Bank,Bank,Not available,2 days,48.0,yes,Nationwide,,,27.5,1.21,28.71,11.0,1.21,12.21
20506,2013_1Q,2013,2013.0,TZAUGA,TZA,UGA,Exim Bank,Bank,Not available,2 days,48.0,yes,Nationwide,,,30.0,1.21,31.21,12.0,1.21,13.21
20515,2013_1Q,2013,2013.0,TZAUGA,TZA,UGA,Twiga Bancorp,Bank,Not available,Next day,24.0,yes,Nationwide,,,30.0,1.21,31.21,12.0,1.21,13.21
20513,2013_1Q,2013,2013.0,TZAUGA,TZA,UGA,Standard Chartered Bank,Bank,Not available,2 days,48.0,yes,Nationwide,,,45.0,1.21,46.21,18.0,1.21,19.21
5598,2013_2Q,2013,2013.25,KENRWA,KEN,RWA,United Bank for Africa (UBA),Bank,Not available,2 days,48.0,yes,Nationwide,cash,,2.8899999999999997,2.16,5.05,1.15,2.16,3.31
5626,2013_2Q,2013,2013.25,KENRWA,KEN,RWA,Western Union,Money Transfer Operator,Not available,Less than one hour,0.5,yes,Nationwide,cash,,5.5600000000000005,1.35,6.91,4.449999999999999,1.35,5.8
5610,2013_2Q,2013,2013.25,KENRWA,KEN,RWA,Citibank,Bank,Not available,2 days,48.0,yes,Nationwide,bank account,,8.33,0.18,8.51,3.3299999999999996,0.18,3.51
5618,2013_2Q,2013,2013.25,KENRWA,KEN,RWA,MoneyGram,Money Transfer Operator,Not available,Less than one hour,0.5,yes,Main city,bank account,,6.109999999999999,2.5,8.61,5.33,2.5,7.83
5622,2013_2Q,2013,2013.25,KENRWA,KEN,RWA,Ecobank,Bank,Not available,Same day,12.0,yes,Major cities,cash,,6.74,1.93,8.67,6.67,1.93,8.6
5606,2013_2Q,2013,2013.25,KENRWA,KEN,RWA,ABC Bank,Money Transfer Operator,Not available,Same day,12.0,yes,Nationwide,bank account,,8.329999999999998,1.12,9.45,3.33,1.12,4.45
5594,2013_2Q,2013,2013.25,KENRWA,KEN,RWA,Equatorial Commercial Bank,Bank,Not available,Same day,12.0,yes,Nationwide,bank account,,8.329999999999998,1.12,9.45,3.33,1.12,4.45
5614,2013_2Q,2013,2013.25,KENRWA,KEN,RWA,Fina Direct,Bank,Not available,Same day,12.0,yes,Nationwide,bank account,,8.34,2.1,10.44,3.3400000000000003,2.1,5.44
5602,2013_2Q,2013,2013.25,KENRWA,KEN,RWA,KCB,Bank,Not available,2 days,48.0,yes,Nationwide,bank account,,11.110000000000001,1.35,12.46,4.449999999999999,1.35,5.8
5590,2013_2Q,2013,2013.25,KENRWA,KEN,RWA,Development Bank of Kenya,Bank,Not available,2 days,48.0,yes,Nationwide,bank account,,11.11,1.93,13.04,4.44,1.93,6.37
5670,2013_2Q,2013,2013.25,KENUGA,KEN,UGA,MoneyGram,Money Transfer Operator,Not available,Less than one hour,0.5,yes,Nationwide,cash,,1.75,2.5,4.25,1.75,2.5,4.25
5674,2013_2Q,2013,2013.25,KENUGA,KEN,UGA,Western Union,Money Transfer Operator,Not available,Less than one hour,0.5,yes,Nationwide,cash,,3.4499999999999997,1.35,4.8,2.09,1.35,3.44
5662,2013_2Q,2013,2013.25,KENUGA,KEN,UGA,UBA Africash,Bank,Not available,Same day,12.0,yes,Major cities,cash,,3.1899999999999995,2.16,5.35,2.05,2.16,4.21
5642,2013_2Q,2013,2013.25,KENUGA,KEN,UGA,United Bank for Africa (UBA),Bank,Not available,2 days,48.0,yes,Nationwide,bank account,,3.1899999999999995,2.16,5.35,2.05,2.16,4.21
5654,2013_2Q,2013,2013.25,KENUGA,KEN,UGA,Citibank,Bank,Not available,2 days,48.0,yes,Nationwide,bank account,,8.33,0.18,8.51,3.3299999999999996,0.18,3.51
5658,2013_2Q,2013,2013.25,KENUGA,KEN,UGA,Ecobank,Bank,Not available,Same day,12.0,yes,Major cities,cash,,6.74,1.93,8.67,6.67,1.93,8.6
5650,2013_2Q,2013,2013.25,KENUGA,KEN,UGA,ABC Bank,Money Transfer Operator,Not available,2 days,48.0,yes,Nationwide,bank account,,8.329999999999998,1.12,9.45,3.33,1.12,4.45
5638,2013_2Q,2013,2013.25,KENUGA,KEN,UGA,Equatorial Commercial Bank,Bank,Not available,Same day,12.0,yes,Nationwide,bank account,,8.329999999999998,1.12,9.45,3.33,1.12,4.45
5666,2013_2Q,2013,2013.25,KENUGA,KEN,UGA,Posta Kenya,Post office,Not available,3-5 days,96.0,yes,Nationwide,cash,,8.329999999999998,1.12,9.45,5.56,1.12,6.68
5630,2013_2Q,2013,2013.25,KENUGA,KEN,UGA,Fina Direct,Bank,Not available,Same day,12.0,yes,Major cities,own/partner bank account,,8.34,2.1,10.44,3.3400000000000003,2.1,5.44
5634,2013_2Q,2013,2013.25,KENUGA,KEN,UGA,Development Bank of Kenya,Bank,Not available,2 days,48.0,yes,Nationwide,bank account,,11.11,1.93,13.04,4.44,1.93,6.37
5646,2013_2Q,2013,2013.25,KENUGA,KEN,UGA,KCB,Bank,Not available,2 days,48.0,yes,Nationwide,bank account,,11.110000000000001,2.1,13.21,4.449999999999999,2.1,6.55
1231,2013_2Q,2013,2013.25,TZAKEN,TZA,KEN,KCB,Bank,Not available,Less than one hour,0.5,yes,Nationwide,own/partner bank account,,0.0,1.96,1.96,0.0,1.96,1.96
7478,2013_2Q,2013,2013.25,TZAKEN,TZA,KEN,UBA Africash,Bank,Not available,Same day,12.0,yes,Major cities,cash,,3.34,2.2,5.54,2.24,2.2,4.44
7482,2013_2Q,2013,2013.25,TZAKEN,TZA,KEN,Western Union,Money Transfer Operator,Not available,Less than one hour,0.5,yes,Nationwide,cash,,5.55,2.37,7.92,4.4399999999999995,2.37,6.81
7490,2013_2Q,2013,2013.25,TZAKEN,TZA,KEN,Tanzania Postal Corporation,Post office,Not available,Next day,24.0,yes,Nationwide,cash,,7.4,1.9,9.3,5.92,1.9,7.82
7486,2013_2Q,2013,2013.25,TZAKEN,TZA,KEN,MoneyGram,Money Transfer Operator,Not available,Less than one hour,0.5,yes,Nationwide,cash,,6.78,2.55,9.33,4.930000000000001,2.55,7.48
1235,2013_2Q,2013,2013.25,TZAKEN,TZA,KEN,KCB,Bank,Not available,2 days,48.0,yes,Nationwide,bank account,,20.0,1.96,21.96,8.0,1.96,9.96
7460,2013_2Q,2013,2013.25,TZAKEN,TZA,KEN,NBC,Bank,Not available,2 days,48.0,yes,Nationwide,bank account,,25.0,2.72,27.72,10.0,2.72,12.72
7464,2013_2Q,2013,2013.25,TZAKEN,TZA,KEN,Stanbic Bank,Bank,Not available,Next day,24.0,yes,Nationwide,bank account,,27.5,1.13,28.63,11.0,1.13,12.13
7471,2013_2Q,2013,2013.25,TZAKEN,TZA,KEN,Exim Bank,Bank,Not available,2 days,48.0,yes,Nationwide,bank account,,30.0,1.42,31.42,12.0,1.42,13.42
7468,2013_2Q,2013,2013.25,TZAKEN,TZA,KEN,Twiga Bancorp,Bank,Not available,Next day,24.0,yes,Nationwide,bank account,,30.0,1.96,31.96,12.0,1.96,13.96
7475,2013_2Q,2013,2013.25,TZAKEN,TZA,KEN,Standard Chartered Bank,Bank,Not available,2 days,48.0,yes,Nationwide,bank account,,45.0,2.61,47.61,18.0,2.61,20.61
7494,2013_2Q,2013,2013.25,TZARWA,TZA,RWA,KCB,Bank,Not available,Same day,12.0,yes,Major cities,bank account,,0.0,1.42,1.42,0.0,1.42,1.42
8738,2013_2Q,2013,2013.25,TZARWA,TZA,RWA,UBA Africash,Bank,Not available,Same day,12.0,yes,Major cities,cash,,3.34,2.2,5.54,1.3299999999999996,2.2,3.53
7537,2013_2Q,2013,2013.25,TZARWA,TZA,RWA,Western Union,Money Transfer Operator,Not available,Less than one hour,0.5,yes,Nationwide,cash,,5.55,2.37,7.92,4.4399999999999995,2.37,6.81
7533,2013_2Q,2013,2013.25,TZARWA,TZA,RWA,MoneyGram,Money Transfer Operator,Not available,Less than one hour,0.5,yes,Nationwide,cash,,6.78,1.96,8.74,4.93,1.96,6.89
7541,2013_2Q,2013,2013.25,TZARWA,TZA,RWA,Tanzania Postal Corporation,Post office,Not available,Next day,24.0,yes,Nationwide,cash,,7.4,1.9,9.3,5.92,1.9,7.82
7498,2013_2Q,2013,2013.25,TZARWA,TZA,RWA,Barclays,Bank,Not available,Next day,24.0,yes,Nationwide,bank account,,17.5,1.72,19.22,7.000000000000001,1.72,8.72
7502,2013_2Q,2013,2013.25,TZARWA,TZA,RWA,KCB,Bank,Not available,2 days,48.0,yes,Nationwide,bank account,,20.0,1.96,21.96,8.0,1.96,9.96
7514,2013_2Q,2013,2013.25,TZARWA,TZA,RWA,CRDB Bank,Bank,Not available,2 days,48.0,yes,Nationwide,bank account,,25.0,2.25,27.25,10.0,2.25,12.25
7506,2013_2Q,2013,2013.25,TZARWA,TZA,RWA,NBC,Bank,Not available,3-5 days,96.0,yes,Nationwide,bank account,,25.0,2.55,27.55,10.0,2.55,12.55
7510,2013_2Q,2013,2013.25,TZARWA,TZA,RWA,NMB (National Microfinance Bank),Non-Bank FI,Not available,3-5 days,96.0,yes,Nationwide,bank account,,25.0,2.72,27.72,10.0,2.72,12.72
7518,2013_2Q,2013,2013.25,TZARWA,TZA,RWA,Stanbic Bank,Bank,Not available,2 days,48.0,yes,Nationwide,bank account,,27.5,1.13,28.63,11.0,1.13,12.13
7526,2013_2Q,2013,2013.25,TZARWA,TZA,RWA,Exim Bank,Bank,Not available,2 days,48.0,yes,Nationwide,bank account,,30.0,1.42,31.42,12.0,1.42,13.42
7522,2013_2Q,2013,2013.25,TZARWA,TZA,RWA,Twiga Bancorp,Bank,Not available,Next day,24.0,yes,Nationwide,bank account,,30.0,1.96,31.96,12.0,1.96,13.96
7530,2013_2Q,2013,2013.25,TZARWA,TZA,RWA,Standard Chartered Bank,Bank,Not available,2 days,48.0,yes,Nationwide,bank account,,45.0,2.61,47.61,18.0,2.61,20.61
7545,2013_2Q,2013,2013.25,TZAUGA,TZA,UGA,KCB,Bank,Not available,Same day,12.0,yes,Major cities,bank account,,0.0,1.42,1.42,0.0,1.42,1.42
8742,2013_2Q,2013,2013.25,TZAUGA,TZA,UGA,UBA Africash,Bank,Not available,Same day,12.0,yes,Major cities,cash,,3.34,2.2,5.54,1.3299999999999996,2.2,3.53
7588,2013_2Q,2013,2013.25,TZAUGA,TZA,UGA,Western Union,Money Transfer Operator,Not available,Less than one hour,0.5,yes,Nationwide,cash,,5.55,2.37,7.92,4.4399999999999995,2.37,6.81
7584,2013_2Q,2013,2013.25,TZAUGA,TZA,UGA,MoneyGram,Money Transfer Operator,Not available,Less than one hour,0.5,yes,Nationwide,cash,,6.78,1.96,8.74,4.93,1.96,6.89
7592,2013_2Q,2013,2013.25,TZAUGA,TZA,UGA,Tanzania Postal Corporation,Post office,Not available,Less than one hour,0.5,yes,Nationwide,cash,,7.4,1.9,9.3,5.92,1.9,7.82
7549,2013_2Q,2013,2013.25,TZAUGA,TZA,UGA,Barclays,Bank,Not available,Next day,24.0,yes,Nationwide,bank account,,17.5,1.72,19.22,7.000000000000001,1.72,8.72
7553,2013_2Q,2013,2013.25,TZAUGA,TZA,UGA,KCB,Bank,Not available,2 days,48.0,yes,Nationwide,bank account,,20.0,1.96,21.96,8.0,1.96,9.96
7565,2013_2Q,2013,2013.25,TZAUGA,TZA,UGA,CRDB Bank,Bank,Not available,2 days,48.0,yes,Nationwide,bank account,,25.0,2.25,27.25,10.0,2.25,12.25
7557,2013_2Q,2013,2013.25,TZAUGA,TZA,UGA,NBC,Bank,Not available,3-5 days,96.0,yes,Nationwide,bank account,,25.0,2.55,27.55,10.0,2.55,12.55
7561,2013_2Q,2013,2013.25,TZAUGA,TZA,UGA,NMB (National Microfinance Bank),Non-Bank FI,Not available,3-5 days,96.0,yes,Nationwide,bank account,,25.0,2.72,27.72,10.0,2.72,12.72
7569,2013_2Q,2013,2013.25,TZAUGA,TZA,UGA,Stanbic Bank,Bank,Not available,2 days,48.0,yes,Nationwide,bank account,,27.5,1.13,28.63,11.0,1.13,12.13
7577,2013_2Q,2013,2013.25,TZAUGA,TZA,UGA,Exim Bank,Bank,Not available,2 days,48.0,yes,Nationwide,bank account,,30.0,1.42,31.42,12.0,1.42,13.42
7573,2013_2Q,2013,2013.25,TZAUGA,TZA,UGA,Twiga Bancorp,Bank,Not available,Next day,24.0,yes,Nationwide,bank account,,30.0,1.96,31.96,12.0,1.96,13.96
7581,2013_2Q,2013,2013.25,TZAUGA,TZA,UGA,Standard Chartered Bank,Bank,Not available,2 days,48.0,yes,Nationwide,bank account,,45.0,2.61,47.61,18.0,2.61,20.61
5599,2013_3Q,2013,2013.5,KENRWA,KEN,RWA,United Bank for Africa (UBA),Bank,"at Branch,Call Center,On-line",2 days,48.0,yes,Nationwide,bank account,,2.89,2.28,5.17,1.1600000000000001,2.28,3.44
5627,2013_3Q,2013,2013.5,KENRWA,KEN,RWA,Western Union,Money Transfer Operator,at Branch,Less than one hour,0.5,yes,Nationwide,cash,,5.55,1.71,7.26,4.44,1.71,6.15
5619,2013_3Q,2013,2013.5,KENRWA,KEN,RWA,MoneyGram,Money Transfer Operator,at Branch,Less than one hour,0.5,yes,Main city,bank account,,6.109999999999999,1.7,7.81,5.33,1.7,7.03
5623,2013_3Q,2013,2013.5,KENRWA,KEN,RWA,Ecobank,Bank,at Branch,Same day,12.0,yes,Major cities,cash,,6.74,2.48,9.22,6.67,2.48,9.15
5611,2013_3Q,2013,2013.5,KENRWA,KEN,RWA,Citibank,Bank,"at Branch,Call Center,On-line",2 days,48.0,yes,Nationwide,bank account,,8.34,1.48,9.82,3.3400000000000003,1.48,4.82
5595,2013_3Q,2013,2013.5,KENRWA,KEN,RWA,Equatorial Commercial Bank,Bank,"at Branch,Call Center,On-line",Same day,12.0,yes,Nationwide,bank account,,8.33,1.7,10.03,3.33,1.7,5.03
5607,2013_3Q,2013,2013.5,KENRWA,KEN,RWA,ABC Bank,Money Transfer Operator,"at Branch,Call Center,On-line",Same day,12.0,yes,Nationwide,bank account,,8.329999999999998,1.71,10.04,3.33,1.71,5.04
5615,2013_3Q,2013,2013.5,KENRWA,KEN,RWA,Fina Direct,Bank,"at Branch,Call Center,On-line",Same day,12.0,yes,Nationwide,bank account,,8.33,2.31,10.64,3.3299999999999996,2.31,5.64
5603,2013_3Q,2013,2013.5,KENRWA,KEN,RWA,KCB,Bank,"at Branch,Call Center,On-line",2 days,48.0,yes,Nationwide,bank account,,11.11,2.24,13.35,4.4399999999999995,2.24,6.68
5591,2013_3Q,2013,2013.5,KENRWA,KEN,RWA,Development Bank of Kenya,Bank,"at Branch,Call Center,On-line",2 days,48.0,yes,Nationwide,bank account,,11.110000000000001,2.78,13.89,4.4399999999999995,2.78,7.22
5671,2013_3Q,2013,2013.5,KENUGA,KEN,UGA,MoneyGram,Money Transfer Operator,at Branch,Less than one hour,0.5,yes,Nationwide,cash,,1.7500000000000002,1.7,3.45,1.7500000000000002,1.7,3.45
5675,2013_3Q,2013,2013.5,KENUGA,KEN,UGA,Western Union,Money Transfer Operator,at Branch,Less than one hour,0.5,yes,Nationwide,cash,,3.4400000000000004,1.71,5.15,2.09,1.71,3.8
5663,2013_3Q,2013,2013.5,KENUGA,KEN,UGA,UBA Africash,Bank,at Branch,Same day,12.0,yes,Major cities,cash,,3.19,2.28,5.47,2.06,2.28,4.34
5643,2013_3Q,2013,2013.5,KENUGA,KEN,UGA,United Bank for Africa (UBA),Bank,"at Branch,Call Center,On-line",2 days,48.0,yes,Nationwide,bank account,,3.19,2.28,5.47,2.06,2.28,4.34
5659,2013_3Q,2013,2013.5,KENUGA,KEN,UGA,Ecobank,Bank,at Branch,Same day,12.0,yes,Major cities,cash,,6.739999999999999,1.7,8.44,6.669999999999999,1.7,8.37
5651,2013_3Q,2013,2013.5,KENUGA,KEN,UGA,ABC Bank,Money Transfer Operator,"at Branch,Call Center,On-line",2 days,48.0,yes,Nationwide,bank account,,8.34,1.48,9.82,3.3400000000000003,1.48,4.82
5667,2013_3Q,2013,2013.5,KENUGA,KEN,UGA,Posta Kenya,Post office,at Branch,3-5 days,96.0,yes,Nationwide,cash,,8.33,1.53,9.86,5.55,1.53,7.08
5631,2013_3Q,2013,2013.5,KENUGA,KEN,UGA,Fina Direct,Bank,"at Branch,Call Center,On-line",Same day,12.0,yes,Major cities,own/partner bank account,,8.33,2.24,10.57,3.33,2.24,5.57
5639,2013_3Q,2013,2013.5,KENUGA,KEN,UGA,Equatorial Commercial Bank,Bank,"at Branch,Call Center,On-line",Same day,12.0,yes,Nationwide,bank account,,8.33,2.31,10.64,3.3299999999999996,2.31,5.64
5655,2013_3Q,2013,2013.5,KENUGA,KEN,UGA,Citibank,Bank,"at Branch,Call Center,On-line",2 days,48.0,yes,Nationwide,bank account,,8.33,2.78,11.11,3.3300000000000005,2.78,6.11
5647,2013_3Q,2013,2013.5,KENUGA,KEN,UGA,KCB,Bank,"at Branch,Call Center,On-line",2 days,48.0,yes,Nationwide,bank account,,11.110000000000001,1.7,12.81,4.4399999999999995,1.7,6.14
5635,2013_3Q,2013,2013.5,KENUGA,KEN,UGA,Development Bank of Kenya,Bank,"at Branch,Call Center,On-line",2 days,48.0,yes,Nationwide,bank account,,11.11,2.48,13.59,4.4399999999999995,2.48,6.92
1232,2013_3Q,2013,2013.5,TZAKEN,TZA,KEN,KCB,Bank,"at Branch,Call Center",Less than one hour,0.5,yes,Nationwide,own/partner bank account,,0.0,1.54,1.54,0.0,1.54,1.54
7480,2013_3Q,2013,2013.5,TZAKEN,TZA,KEN,UBA Africash,Bank,at Branch,Same day,12.0,yes,Major cities,cash,,3.3499999999999996,1.54,4.89,2.2399999999999998,1.54,3.78
7484,2013_3Q,2013,2013.5,TZAKEN,TZA,KEN,Western Union,Money Transfer Operator,at Branch,Less than one hour,0.5,yes,Nationwide,cash,,5.55,1.7,7.25,4.4399999999999995,1.7,6.14
7488,2013_3Q,2013,2013.5,TZAKEN,TZA,KEN,MoneyGram,Money Transfer Operator,at Branch,Less than one hour,0.5,yes,Nationwide,cash,,6.78,0.89,7.67,4.94,0.89,5.83
7492,2013_3Q,2013,2013.5,TZAKEN,TZA,KEN,Tanzania Postal Corporation,Post office,at Branch,Next day,24.0,yes,Nationwide,cash,,7.3999999999999995,0.89,8.29,5.92,0.89,6.81
1236,2013_3Q,2013,2013.5,TZAKEN,TZA,KEN,KCB,Bank,"at Branch,Call Center",2 days,48.0,yes,Nationwide,bank account,,20.0,1.54,21.54,7.999999999999999,1.54,9.54
7461,2013_3Q,2013,2013.5,TZAKEN,TZA,KEN,NBC,Bank,"at Branch,Call Center",2 days,48.0,yes,Nationwide,bank account,,25.0,1.7,26.7,10.0,1.7,11.7
7465,2013_3Q,2013,2013.5,TZAKEN,TZA,KEN,Stanbic Bank,Bank,"at Branch,Call Center",Next day,24.0,yes,Nationwide,bank account,,27.5,1.06,28.56,11.0,1.06,12.06
7469,2013_3Q,2013,2013.5,TZAKEN,TZA,KEN,Twiga Bancorp,Bank,"at Branch,Call Center",Next day,24.0,yes,Nationwide,bank account,,30.0,0.73,30.73,12.0,0.73,12.73
7473,2013_3Q,2013,2013.5,TZAKEN,TZA,KEN,Exim Bank,Bank,"at Branch,Call Center",2 days,48.0,yes,Nationwide,bank account,,30.0,1.22,31.22,12.0,1.22,13.22
7477,2013_3Q,2013,2013.5,TZAKEN,TZA,KEN,Standard Chartered Bank,Bank,"at Branch,Call Center",2 days,48.0,yes,Nationwide,bank account,,45.0,1.38,46.38,18.0,1.38,19.38
7496,2013_3Q,2013,2013.5,TZARWA,TZA,RWA,KCB,Bank,"at Branch,Call Center",Same day,12.0,yes,Major cities,bank account,,0.0,1.54,1.54,0.0,1.54,1.54
8740,2013_3Q,2013,2013.5,TZARWA,TZA,RWA,UBA Africash,Bank,at Branch,Same day,12.0,yes,Major cities,cash,,3.3499999999999996,1.54,4.89,2.2399999999999998,1.54,3.78
7539,2013_3Q,2013,2013.5,TZARWA,TZA,RWA,Western Union,Money Transfer Operator,at Branch,Less than one hour,0.5,yes,Nationwide,cash,,5.55,1.7,7.25,4.4399999999999995,1.7,6.14
7535,2013_3Q,2013,2013.5,TZARWA,TZA,RWA,MoneyGram,Money Transfer Operator,at Branch,Less than one hour,0.5,yes,Nationwide,cash,,6.78,0.89,7.67,4.94,0.89,5.83
7543,2013_3Q,2013,2013.5,TZARWA,TZA,RWA,Tanzania Postal Corporation,Post office,at Branch,Next day,24.0,yes,Nationwide,cash,,7.3999999999999995,0.89,8.29,5.92,0.89,6.81
7500,2013_3Q,2013,2013.5,TZARWA,TZA,RWA,Barclays,Bank,"at Branch,Call Center",Next day,24.0,yes,Nationwide,bank account,,17.5,1.86,19.36,6.999999999999999,1.86,8.86
7504,2013_3Q,2013,2013.5,TZARWA,TZA,RWA,KCB,Bank,"at Branch,Call Center",2 days,48.0,yes,Nationwide,bank account,,20.0,1.54,21.54,7.999999999999999,1.54,9.54
7512,2013_3Q,2013,2013.5,TZARWA,TZA,RWA,NMB (National Microfinance Bank),Non-Bank FI,"at Branch,Call Center",3-5 days,96.0,yes,Nationwide,bank account,,25.0,1.38,26.38,10.0,1.38,11.38
7508,2013_3Q,2013,2013.5,TZARWA,TZA,RWA,NBC,Bank,"at Branch,Call Center",3-5 days,96.0,yes,Nationwide,bank account,,25.0,1.7,26.7,10.0,1.7,11.7
7520,2013_3Q,2013,2013.5,TZARWA,TZA,RWA,Stanbic Bank,Bank,"at Branch,Call Center",2 days,48.0,yes,Nationwide,bank account,,27.5,1.06,28.56,11.0,1.06,12.06
7524,2013_3Q,2013,2013.5,TZARWA,TZA,RWA,Twiga Bancorp,Bank,"at Branch,Call Center",Next day,24.0,yes,Nationwide,bank account,,30.0,0.73,30.73,12.0,0.73,12.73
7528,2013_3Q,2013,2013.5,TZARWA,TZA,RWA,Exim Bank,Bank,"at Branch,Call Center",2 days,48.0,yes,Nationwide,bank account,,30.0,1.22,31.22,12.0,1.22,13.22
7516,2013_3Q,2013,2013.5,TZARWA,TZA,RWA,CRDB Bank,Bank,"at Branch,Call Center",2 days,48.0,yes,Nationwide,bank account,,30.0,1.38,31.38,12.0,1.38,13.38
7532,2013_3Q,2013,2013.5,TZARWA,TZA,RWA,Standard Chartered Bank,Bank,"at Branch,Call Center",2 days,48.0,yes,Nationwide,bank account,,45.0,1.38,46.38,18.0,1.38,19.38
7547,2013_3Q,2013,2013.5,TZAUGA,TZA,UGA,KCB,Bank,"at Branch,Call Center",Same day,12.0,yes,Major cities,bank account,,0.0,1.54,1.54,0.0,1.54,1.54
8744,2013_3Q,2013,2013.5,TZAUGA,TZA,UGA,UBA Africash,Bank,at Branch,Same day,12.0,yes,Major cities,cash,,3.3499999999999996,1.54,4.89,2.2399999999999998,1.54,3.78
7590,2013_3Q,2013,2013.5,TZAUGA,TZA,UGA,Western Union,Money Transfer Operator,at Branch,Less than one hour,0.5,yes,Nationwide,cash,,5.55,1.7,7.25,4.4399999999999995,1.7,6.14
7586,2013_3Q,2013,2013.5,TZAUGA,TZA,UGA,MoneyGram,Money Transfer Operator,at Branch,Less than one hour,0.5,yes,Nationwide,cash,,6.78,0.89,7.67,4.94,0.89,5.83
7594,2013_3Q,2013,2013.5,TZAUGA,TZA,UGA,Tanzania Postal Corporation,Post office,at Branch,Less than one hour,0.5,yes,Nationwide,cash,,7.3999999999999995,0.89,8.29,5.92,0.89,6.81
7551,2013_3Q,2013,2013.5,TZAUGA,TZA,UGA,Barclays,Bank,"at Branch,Call Center",Next day,24.0,yes,Nationwide,bank account,,17.5,1.86,19.36,6.999999999999999,1.86,8.86
7555,2013_3Q,2013,2013.5,TZAUGA,TZA,UGA,KCB,Bank,"at Branch,Call Center",2 days,48.0,yes,Nationwide,bank account,,20.0,1.54,21.54,7.999999999999999,1.54,9.54
7563,2013_3Q,2013,2013.5,TZAUGA,TZA,UGA,NMB (National Microfinance Bank),Non-Bank FI,"at Branch,Call Center",3-5 days,96.0,yes,Nationwide,bank account,,25.0,1.38,26.38,10.0,1.38,11.38
7559,2013_3Q,2013,2013.5,TZAUGA,TZA,UGA,NBC,Bank,"at Branch,Call Center",3-5 days,96.0,yes,Nationwide,bank account,,25.0,1.7,26.7,10.0,1.7,11.7
7571,2013_3Q,2013,2013.5,TZAUGA,TZA,UGA,Stanbic Bank,Bank,"at Branch,Call Center",2 days,48.0,yes,Nationwide,bank account,,27.5,1.06,28.56,11.0,1.06,12.06
7575,2013_3Q,2013,2013.5,TZAUGA,TZA,UGA,Twiga Bancorp,Bank,"at Branch,Call Center",Next day,24.0,yes,Nationwide,bank account,,30.0,0.73,30.73,12.0,0.73,12.73
7579,2013_3Q,2013,2013.5,TZAUGA,TZA,UGA,Exim Bank,Bank,"at Branch,Call Center",2 days,48.0,yes,Nationwide,bank account,,30.0,1.22,31.22,12.0,1.22,13.22
7567,2013_3Q,2013,2013.5,TZAUGA,TZA,UGA,CRDB Bank,Bank,"at Branch,Call Center",2 days,48.0,yes,Nationwide,bank account,,30.0,1.38,31.38,12.0,1.38,13.38
7583,2013_3Q,2013,2013.5,TZAUGA,TZA,UGA,Standard Chartered Bank,Bank,"at Branch,Call Center",2 days,48.0,yes,Nationwide,bank account,,45.0,1.38,46.38,18.0,1.38,19.38
5600,2013_4Q,2013,2013.75,KENRWA,KEN,RWA,United Bank for Africa (UBA),Bank,"at Branch,Call Center,On-line",2 days,48.0,yes,Nationwide,,,2.89,1.98,4.87,1.1600000000000001,1.98,3.14
5620,2013_4Q,2013,2013.75,KENRWA,KEN,RWA,MoneyGram,Money Transfer Operator,at Branch,Less than one hour,0.5,yes,Main city,,,6.11,1.64,7.75,5.340000000000001,1.64,6.98
5628,2013_4Q,2013,2013.75,KENRWA,KEN,RWA,Western Union,Money Transfer Operator,at Branch,Less than one hour,0.5,yes,Nationwide,,,5.56,2.24,7.8,4.4399999999999995,2.24,6.68
5624,2013_4Q,2013,2013.75,KENRWA,KEN,RWA,Ecobank,Bank,at Branch,Same day,12.0,yes,Major cities,,,6.73,2.5,9.23,6.66,2.5,9.16
5608,2013_4Q,2013,2013.75,KENRWA,KEN,RWA,ABC Bank,Money Transfer Operator,"at Branch,Call Center,On-line",Same day,12.0,yes,Nationwide,,,8.34,2.15,10.49,3.3400000000000003,2.15,5.49
5596,2013_4Q,2013,2013.75,KENRWA,KEN,RWA,Equatorial Commercial Bank,Bank,"at Branch,Call Center,On-line",Same day,12.0,yes,Nationwide,,,8.33,2.67,11.0,3.33,2.67,6.0
5612,2013_4Q,2013,2013.75,KENRWA,KEN,RWA,Citibank,Bank,"at Branch,Call Center,On-line",2 days,48.0,yes,Nationwide,,,8.34,2.92,11.26,3.34,2.92,6.26
5592,2013_4Q,2013,2013.75,KENRWA,KEN,RWA,Development Bank of Kenya,Bank,"at Branch,Call Center,On-line",2 days,48.0,yes,Nationwide,,,11.11,1.81,12.92,4.449999999999999,1.81,6.26
5616,2013_4Q,2013,2013.75,KENRWA,KEN,RWA,Fina Direct,Bank,"at Branch,Call Center,On-line",Same day,12.0,yes,Nationwide,,,11.11,2.67,13.78,4.44,2.67,7.11
5604,2013_4Q,2013,2013.75,KENRWA,KEN,RWA,KCB,Bank,"at Branch,Call Center,On-line",2 days,48.0,yes,Nationwide,,,11.11,2.84,13.95,4.44,2.84,7.28
5672,2013_4Q,2013,2013.75,KENUGA,KEN,UGA,MoneyGram,Money Transfer Operator,at Branch,Less than one hour,0.5,yes,Nationwide,,,1.7500000000000002,1.64,3.39,1.7500000000000002,1.64,3.39
5664,2013_4Q,2013,2013.75,KENUGA,KEN,UGA,UBA Africash,Bank,at Branch,Same day,12.0,yes,Major cities,,,3.1999999999999997,1.98,5.18,2.06,1.98,4.04
5644,2013_4Q,2013,2013.75,KENUGA,KEN,UGA,United Bank for Africa (UBA),Bank,"at Branch,Call Center,On-line",2 days,48.0,yes,Nationwide,,,3.1999999999999997,1.98,5.18,2.06,1.98,4.04
5676,2013_4Q,2013,2013.75,KENUGA,KEN,UGA,Western Union,Money Transfer Operator,at Branch,Less than one hour,0.5,yes,Nationwide,,,3.4399999999999995,2.24,5.68,2.09,2.24,4.33
5660,2013_4Q,2013,2013.75,KENUGA,KEN,UGA,Ecobank,Bank,at Branch,Same day,12.0,yes,Major cities,,,6.73,2.5,9.23,6.66,2.5,9.16
5652,2013_4Q,2013,2013.75,KENUGA,KEN,UGA,ABC Bank,Money Transfer Operator,"at Branch,Call Center,On-line",2 days,48.0,yes,Nationwide,,,8.34,2.15,10.49,3.3400000000000003,2.15,5.49
5668,2013_4Q,2013,2013.75,KENUGA,KEN,UGA,Posta Kenya,Post office,at Branch,3-5 days,96.0,yes,Nationwide,,,8.34,2.15,10.49,5.5600000000000005,2.15,7.71
5640,2013_4Q,2013,2013.75,KENUGA,KEN,UGA,Equatorial Commercial Bank,Bank,"at Branch,Call Center,On-line",Same day,12.0,yes,Nationwide,,,8.33,2.67,11.0,3.33,2.67,6.0
5656,2013_4Q,2013,2013.75,KENUGA,KEN,UGA,Citibank,Bank,"at Branch,Call Center,On-line",2 days,48.0,yes,Nationwide,,,8.34,2.92,11.26,3.34,2.92,6.26
5636,2013_4Q,2013,2013.75,KENUGA,KEN,UGA,Development Bank of Kenya,Bank,"at Branch,Call Center,On-line",2 days,48.0,yes,Nationwide,,,11.11,1.81,12.92,4.449999999999999,1.81,6.26
5632,2013_4Q,2013,2013.75,KENUGA,KEN,UGA,Fina Direct,Bank,"at Branch,Call Center,On-line",Same day,12.0,yes,Major cities,,,11.11,2.67,13.78,4.44,2.67,7.11
5648,2013_4Q,2013,2013.75,KENUGA,KEN,UGA,KCB,Bank,"at Branch,Call Center,On-line",2 days,48.0,yes,Nationwide,,,11.11,2.84,13.95,4.44,2.84,7.28
7481,2013_4Q,2013,2013.75,TZAKEN,TZA,KEN,UBA Africash,Bank,at Branch,Same day,12.0,yes,Major cities,,,3.34,1.63,4.97,2.24,1.63,3.87
7485,2013_4Q,2013,2013.75,TZAKEN,TZA,KEN,Western Union,Money Transfer Operator,at Branch,Less than one hour,0.5,yes,Nationwide,,,5.54,1.71,7.25,4.43,1.71,6.14
7493,2013_4Q,2013,2013.75,TZAKEN,TZA,KEN,Tanzania Postal Corporation,Post office,at Branch,Next day,24.0,yes,Nationwide,,,7.4,0.9,8.3,5.92,0.9,6.82
7489,2013_4Q,2013,2013.75,TZAKEN,TZA,KEN,MoneyGram,Money Transfer Operator,at Branch,Less than one hour,0.5,yes,Nationwide,,,6.7700000000000005,1.55,8.32,4.930000000000001,1.55,6.48
1233,2013_4Q,2013,2013.75,TZAKEN,TZA,KEN,KCB,Bank,"at Branch,Call Center",Less than one hour,0.5,yes,Nationwide,own/partner bank account,,12.5,1.38,13.88,5.0,1.38,6.38
1237,2013_4Q,2013,2013.75,TZAKEN,TZA,KEN,KCB,Bank,"at Branch,Call Center",2 days,48.0,yes,Nationwide,bank account,,20.0,1.38,21.38,8.0,1.38,9.38
7462,2013_4Q,2013,2013.75,TZAKEN,TZA,KEN,NBC,Bank,"at Branch,Call Center",2 days,48.0,yes,Nationwide,,,25.0,1.06,26.06,10.0,1.06,11.06
7466,2013_4Q,2013,2013.75,TZAKEN,TZA,KEN,Stanbic Bank,Bank,"at Branch,Call Center",Next day,24.0,yes,Nationwide,,,27.5,1.55,29.05,11.0,1.55,12.55
7470,2013_4Q,2013,2013.75,TZAKEN,TZA,KEN,Twiga Bancorp,Bank,"at Branch,Call Center",Next day,24.0,yes,Nationwide,,,30.0,1.22,31.22,12.0,1.22,13.22
7474,2013_4Q,2013,2013.75,TZAKEN,TZA,KEN,Exim Bank,Bank,"at Branch,Call Center",2 days,48.0,yes,Nationwide,,,30.0,1.38,31.38,12.0,1.38,13.38
8741,2013_4Q,2013,2013.75,TZARWA,TZA,RWA,UBA Africash,Bank,at Branch,Same day,12.0,yes,Major cities,cash,,3.34,1.63,4.97,2.24,1.63,3.87
7540,2013_4Q,2013,2013.75,TZARWA,TZA,RWA,Western Union,Money Transfer Operator,at Branch,Less than one hour,0.5,yes,Nationwide,,,5.54,1.71,7.25,4.43,1.71,6.14
7544,2013_4Q,2013,2013.75,TZARWA,TZA,RWA,Tanzania Postal Corporation,Post office,at Branch,Next day,24.0,yes,Nationwide,,,7.4,0.9,8.3,5.92,0.9,6.82
7536,2013_4Q,2013,2013.75,TZARWA,TZA,RWA,MoneyGram,Money Transfer Operator,at Branch,Less than one hour,0.5,yes,Nationwide,,,6.7700000000000005,1.55,8.32,4.930000000000001,1.55,6.48
7497,2013_4Q,2013,2013.75,TZARWA,TZA,RWA,KCB,Bank,"at Branch,Call Center",Same day,12.0,yes,Major cities,,,12.5,1.38,13.88,5.0,1.38,6.38
7501,2013_4Q,2013,2013.75,TZARWA,TZA,RWA,Barclays,Bank,"at Branch,Call Center",Next day,24.0,yes,Nationwide,,,17.5,1.87,19.37,6.999999999999999,1.87,8.87
7505,2013_4Q,2013,2013.75,TZARWA,TZA,RWA,KCB,Bank,"at Branch,Call Center",2 days,48.0,yes,Nationwide,,,20.0,1.38,21.38,8.0,1.38,9.38
7509,2013_4Q,2013,2013.75,TZARWA,TZA,RWA,NBC,Bank,"at Branch,Call Center",3-5 days,96.0,yes,Nationwide,,,25.0,1.06,26.06,10.0,1.06,11.06
7513,2013_4Q,2013,2013.75,TZARWA,TZA,RWA,NMB (National Microfinance Bank),Non-Bank FI,"at Branch,Call Center",3-5 days,96.0,yes,Nationwide,,,25.0,1.55,26.55,10.0,1.55,11.55
7521,2013_4Q,2013,2013.75,TZARWA,TZA,RWA,Stanbic Bank,Bank,"at Branch,Call Center",2 days,48.0,yes,Nationwide,,,27.5,1.55,29.05,11.0,1.55,12.55
7525,2013_4Q,2013,2013.75,TZARWA,TZA,RWA,Twiga Bancorp,Bank,"at Branch,Call Center",Next day,24.0,yes,Nationwide,,,30.0,1.22,31.22,12.0,1.22,13.22
7529,2013_4Q,2013,2013.75,TZARWA,TZA,RWA,Exim Bank,Bank,"at Branch,Call Center",2 days,48.0,yes,Nationwide,,,30.0,1.38,31.38,12.0,1.38,13.38
7517,2013_4Q,2013,2013.75,TZARWA,TZA,RWA,CRDB Bank,Bank,"at Branch,Call Center",2 days,48.0,yes,Nationwide,,,30.0,1.87,31.87,12.0,1.87,13.87
8745,2013_4Q,2013,2013.75,TZAUGA,TZA,UGA,UBA Africash,Bank,at Branch,Same day,12.0,yes,Major cities,cash,,3.34,1.55,4.89,2.2299999999999995,1.55,3.78
7591,2013_4Q,2013,2013.75,TZAUGA,TZA,UGA,Western Union,Money Transfer Operator,at Branch,Less than one hour,0.5,yes,Nationwide,cash,,5.54,1.71,7.25,4.43,1.71,6.14
7595,2013_4Q,2013,2013.75,TZAUGA,TZA,UGA,Tanzania Postal Corporation,Post office,at Branch,Less than one hour,0.5,yes,Nationwide,cash,,7.4,0.9,8.3,5.92,0.9,6.82
7587,2013_4Q,2013,2013.75,TZAUGA,TZA,UGA,MoneyGram,Money Transfer Operator,at Branch,Less than one hour,0.5,yes,Nationwide,cash,,6.7700000000000005,1.55,8.32,4.930000000000001,1.55,6.48
7548,2013_4Q,2013,2013.75,TZAUGA,TZA,UGA,KCB,Bank,"at Branch,Call Center",Same day,12.0,yes,Major cities,bank account,,12.5,1.38,13.88,5.0,1.38,6.38
7552,2013_4Q,2013,2013.75,TZAUGA,TZA,UGA,Barclays,Bank,"at Branch,Call Center",Next day,24.0,yes,Nationwide,bank account,,17.5,1.87,19.37,6.999999999999999,1.87,8.87
7556,2013_4Q,2013,2013.75,TZAUGA,TZA,UGA,KCB,Bank,"at Branch,Call Center",2 days,48.0,yes,Nationwide,bank account,,20.0,1.38,21.38,8.0,1.38,9.38
7560,2013_4Q,2013,2013.75,TZAUGA,TZA,UGA,NBC,Bank,"at Branch,Call Center",3-5 days,96.0,yes,Nationwide,bank account,,25.0,1.06,26.06,10.0,1.06,11.06
7564,2013_4Q,2013,2013.75,TZAUGA,TZA,UGA,NMB (National Microfinance Bank),Non-Bank FI,"at Branch,Call Center",3-5 days,96.0,yes,Nationwide,bank account,,25.0,1.55,26.55,10.0,1.55,11.55
7572,2013_4Q,2013,2013.75,TZAUGA,TZA,UGA,Stanbic Bank,Bank,"at Branch,Call Center",2 days,48.0,yes,Nationwide,bank account,,27.5,1.55,29.05,11.0,1.55,12.55
7576,2013_4Q,2013,2013.75,TZAUGA,TZA,UGA,Twiga Bancorp,Bank,"at Branch,Call Center",Next day,24.0,yes,Nationwide,bank account,,30.0,1.22,31.22,12.0,1.22,13.22
7580,2013_4Q,2013,2013.75,TZAUGA,TZA,UGA,Exim Bank,Bank,"at Branch,Call Center",2 days,48.0,yes,Nationwide,bank account,,30.0,1.38,31.38,12.0,1.38,13.38
7568,2013_4Q,2013,2013.75,TZAUGA,TZA,UGA,CRDB Bank,Bank,"at Branch,Call Center",2 days,48.0,yes,Nationwide,bank account,,30.0,1.87,31.87,12.0,1.87,13.87
33707,2014_1Q,2014,2014.0,KENRWA,KEN,RWA,Ecobank,Bank,at Branch,Same day,12.0,yes,Major cities,cash,,2.5,0.44,2.94,2.5500000000000003,0.44,2.99
33708,2014_1Q,2014,2014.0,KENRWA,KEN,RWA,Western Union,Money Transfer Operator,at Branch,Less than one hour,0.5,yes,Nationwide,cash,,4.28,1.04,5.32,3.92,1.04,4.96
33706,2014_1Q,2014,2014.0,KENRWA,KEN,RWA,MoneyGram,Money Transfer Operator,at Branch,Less than one hour,0.5,yes,Main city,cash,,6.11,0.35,6.46,5.340000000000001,0.35,5.69
33704,2014_1Q,2014,2014.0,KENRWA,KEN,RWA,Citibank,Bank,"at Branch,Call Center,On-line",2 days,48.0,yes,Nationwide,bank account,,8.34,0.09,8.43,3.3400000000000003,0.09,3.43
33701,2014_1Q,2014,2014.0,KENRWA,KEN,RWA,United Bank for Africa (UBA),Bank,"at Branch,Call Center,On-line",2 days,48.0,yes,Nationwide,bank account,,9.16,0.27,9.43,3.66,0.27,3.93
33703,2014_1Q,2014,2014.0,KENRWA,KEN,RWA,ABC Bank,Money Transfer Operator,"at Branch,Call Center,On-line",Same day,12.0,yes,Nationwide,bank account,,9.17,0.35,9.52,3.6699999999999995,0.35,4.02
33705,2014_1Q,2014,2014.0,KENRWA,KEN,RWA,GT Bank,Bank,"at Branch,Call Center,On-line",Same day,12.0,yes,Nationwide,bank account,,9.16,0.96,10.12,3.66,0.96,4.62
33700,2014_1Q,2014,2014.0,KENRWA,KEN,RWA,Equatorial Commercial Bank,Bank,"at Branch,Call Center,On-line",Same day,12.0,yes,Nationwide,bank account,,9.16,1.22,10.38,3.66,1.22,4.88
33699,2014_1Q,2014,2014.0,KENRWA,KEN,RWA,Development Bank of Kenya,Bank,"at Branch,Call Center,On-line",Same day,12.0,yes,Nationwide,bank account,,11.110000000000001,0.61,11.72,4.449999999999999,0.61,5.06
33702,2014_1Q,2014,2014.0,KENRWA,KEN,RWA,KCB,Bank,"at Branch,Call Center,On-line",2 days,48.0,yes,Nationwide,bank account,,12.22,0.27,12.49,4.880000000000001,0.27,5.15
33719,2014_1Q,2014,2014.0,KENUGA,KEN,UGA,MoneyGram,Money Transfer Operator,at Branch,Less than one hour,0.5,yes,Nationwide,cash,,1.75,0.35,2.1,1.75,0.35,2.1
33716,2014_1Q,2014,2014.0,KENUGA,KEN,UGA,Ecobank,Bank,at Branch,Same day,12.0,yes,Major cities,cash,,2.5,0.44,2.94,2.5500000000000003,0.44,2.99
33717,2014_1Q,2014,2014.0,KENUGA,KEN,UGA,UBA Africash,Bank,at Branch,Same day,12.0,yes,Major cities,cash,,3.61,0.27,3.88,2.42,0.27,2.69
33720,2014_1Q,2014,2014.0,KENUGA,KEN,UGA,Western Union,Money Transfer Operator,at Branch,Less than one hour,0.5,yes,Nationwide,cash,,4.28,1.04,5.32,3.92,1.04,4.96
33715,2014_1Q,2014,2014.0,KENUGA,KEN,UGA,Citibank,Bank,"at Branch,Call Center,On-line",2 days,48.0,yes,Nationwide,bank account,,8.34,0.09,8.43,3.3400000000000003,0.09,3.43
33718,2014_1Q,2014,2014.0,KENUGA,KEN,UGA,Posta Kenya,Post office,at Branch,3-5 days,96.0,yes,Nationwide,cash,,8.329999999999998,0.96,9.29,5.55,0.96,6.51
33712,2014_1Q,2014,2014.0,KENUGA,KEN,UGA,United Bank for Africa (UBA),Bank,"at Branch,Call Center,On-line",2 days,48.0,yes,Nationwide,bank account,,9.16,0.27,9.43,3.66,0.27,3.93
33714,2014_1Q,2014,2014.0,KENUGA,KEN,UGA,ABC Bank,Money Transfer Operator,"at Branch,Call Center,On-line",2 days,48.0,yes,Nationwide,bank account,,9.17,0.35,9.52,3.6699999999999995,0.35,4.02
33709,2014_1Q,2014,2014.0,KENUGA,KEN,UGA,GT Bank,Bank,"at Branch,Call Center,On-line",Same day,12.0,yes,Major cities,bank account,,9.16,0.96,10.12,3.66,0.96,4.62
33711,2014_1Q,2014,2014.0,KENUGA,KEN,UGA,Equatorial Commercial Bank,Bank,"at Branch,Call Center,On-line",Same day,12.0,yes,Nationwide,bank account,,9.16,1.22,10.38,3.66,1.22,4.88
33710,2014_1Q,2014,2014.0,KENUGA,KEN,UGA,Development Bank of Kenya,Bank,"at Branch,Call Center,On-line",2 days,48.0,yes,Nationwide,bank account,,11.110000000000001,0.61,11.72,4.449999999999999,0.61,5.06
33713,2014_1Q,2014,2014.0,KENUGA,KEN,UGA,KCB,Bank,"at Branch,Call Center,On-line",2 days,48.0,yes,Nationwide,bank account,,12.22,0.27,12.49,4.880000000000001,0.27,5.15
34153,2014_1Q,2014,2014.0,TZAKEN,TZA,KEN,UBA Africash,Bank,at Branch,Same day,12.0,yes,Major cities,cash,,3.35,0.21,3.56,2.24,0.21,2.45
34154,2014_1Q,2014,2014.0,TZAKEN,TZA,KEN,Western Union,Money Transfer Operator,at Branch,Less than one hour,0.5,yes,Nationwide,cash,,5.550000000000001,0.52,6.07,4.4399999999999995,0.52,4.96
34155,2014_1Q,2014,2014.0,TZAKEN,TZA,KEN,MoneyGram,Money Transfer Operator,at Branch,Less than one hour,0.5,yes,Nationwide,cash,,6.779999999999999,0.57,7.35,4.93,0.57,5.5
34156,2014_1Q,2014,2014.0,TZAKEN,TZA,KEN,Tanzania Postal Corporation,Post office,at Branch,Next day,24.0,yes,Nationwide,cash,,7.39,0.41,7.8,5.92,0.41,6.33
32701,2014_1Q,2014,2014.0,TZAKEN,TZA,KEN,KCB,Bank,"at Branch,Call Center",Less than one hour,0.5,yes,Nationwide,own/partner bank account,,12.5,0.36,12.86,5.0,0.36,5.36
32702,2014_1Q,2014,2014.0,TZAKEN,TZA,KEN,KCB,Bank,"at Branch,Call Center",2 days,48.0,yes,Nationwide,bank account,,20.0,0.36,20.36,7.999999999999999,0.36,8.36
34149,2014_1Q,2014,2014.0,TZAKEN,TZA,KEN,NBC,Bank,"at Branch,Call Center",2 days,48.0,yes,Nationwide,bank account,,25.0,0.28,25.28,10.0,0.28,10.28
34150,2014_1Q,2014,2014.0,TZAKEN,TZA,KEN,Stanbic Bank,Bank,"at Branch,Call Center",Next day,24.0,yes,Nationwide,bank account,,27.5,0.31,27.81,11.0,0.31,11.31
34151,2014_1Q,2014,2014.0,TZAKEN,TZA,KEN,Twiga Bancorp,Bank,"at Branch,Call Center",Next day,24.0,yes,Nationwide,bank account,,30.0,0.31,30.31,12.0,0.31,12.31
34152,2014_1Q,2014,2014.0,TZAKEN,TZA,KEN,Exim Bank,Bank,"at Branch,Call Center",2 days,48.0,yes,Nationwide,bank account,,30.0,0.38,30.38,12.0,0.38,12.38
34441,2014_1Q,2014,2014.0,TZARWA,TZA,RWA,UBA Africash,Bank,at Branch,Same day,12.0,yes,Major cities,cash,,3.35,0.21,3.56,2.24,0.21,2.45
34167,2014_1Q,2014,2014.0,TZARWA,TZA,RWA,Western Union,Money Transfer Operator,at Branch,Less than one hour,0.5,yes,Nationwide,cash,,5.550000000000001,0.52,6.07,4.4399999999999995,0.52,4.96
34166,2014_1Q,2014,2014.0,TZARWA,TZA,RWA,MoneyGram,Money Transfer Operator,at Branch,Less than one hour,0.5,yes,Nationwide,cash,,6.779999999999999,0.57,7.35,4.93,0.57,5.5
34168,2014_1Q,2014,2014.0,TZARWA,TZA,RWA,Tanzania Postal Corporation,Post office,at Branch,Next day,24.0,yes,Nationwide,cash,,7.39,0.41,7.8,5.92,0.41,6.33
34157,2014_1Q,2014,2014.0,TZARWA,TZA,RWA,KCB,Bank,"at Branch,Call Center",Same day,12.0,yes,Major cities,bank account,,12.5,0.36,12.86,5.0,0.36,5.36
34158,2014_1Q,2014,2014.0,TZARWA,TZA,RWA,Barclays,Bank,"at Branch,Call Center",Next day,24.0,yes,Nationwide,bank account,,17.5,0.47,17.97,7.0,0.47,7.47
34159,2014_1Q,2014,2014.0,TZARWA,TZA,RWA,KCB,Bank,"at Branch,Call Center",2 days,48.0,yes,Nationwide,bank account,,20.0,0.36,20.36,7.999999999999999,0.36,8.36
34161,2014_1Q,2014,2014.0,TZARWA,TZA,RWA,NMB (National Microfinance Bank),Non-Bank FI,"at Branch,Call Center",3-5 days,96.0,yes,Nationwide,bank account,,25.0,0.18,25.18,10.0,0.18,10.18
34160,2014_1Q,2014,2014.0,TZARWA,TZA,RWA,NBC,Bank,"at Branch,Call Center",3-5 days,96.0,yes,Nationwide,bank account,,25.0,0.28,25.28,10.0,0.28,10.28
34163,2014_1Q,2014,2014.0,TZARWA,TZA,RWA,Stanbic Bank,Bank,"at Branch,Call Center",2 days,48.0,yes,Nationwide,bank account,,27.5,0.31,27.81,11.0,0.31,11.31
34162,2014_1Q,2014,2014.0,TZARWA,TZA,RWA,CRDB Bank,Bank,"at Branch,Call Center",2 days,48.0,yes,Nationwide,bank account,,30.0,0.03,30.03,12.0,0.03,12.03
34164,2014_1Q,2014,2014.0,TZARWA,TZA,RWA,Twiga Bancorp,Bank,"at Branch,Call Center",Next day,24.0,yes,Nationwide,bank account,,30.0,0.31,30.31,12.0,0.31,12.31
34165,2014_1Q,2014,2014.0,TZARWA,TZA,RWA,Exim Bank,Bank,"at Branch,Call Center",2 days,48.0,yes,Nationwide,bank account,,30.0,0.38,30.38,12.0,0.38,12.38
34442,2014_1Q,2014,2014.0,TZAUGA,TZA,UGA,UBA Africash,Bank,at Branch,Same day,12.0,yes,Major cities,cash,,3.34,0.31,3.65,2.2399999999999998,0.31,2.55
34179,2014_1Q,2014,2014.0,TZAUGA,TZA,UGA,Western Union,Money Transfer Operator,at Branch,Less than one hour,0.5,yes,Nationwide,cash,,5.550000000000001,0.52,6.07,4.4399999999999995,0.52,4.96
34178,2014_1Q,2014,2014.0,TZAUGA,TZA,UGA,MoneyGram,Money Transfer Operator,at Branch,Less than one hour,0.5,yes,Nationwide,cash,,6.779999999999999,0.57,7.35,4.93,0.57,5.5
34180,2014_1Q,2014,2014.0,TZAUGA,TZA,UGA,Tanzania Postal Corporation,Post office,at Branch,Less than one hour,0.5,yes,Nationwide,cash,,7.39,0.41,7.8,5.92,0.41,6.33
34169,2014_1Q,2014,2014.0,TZAUGA,TZA,UGA,KCB,Bank,"at Branch,Call Center",Same day,12.0,yes,Major cities,own/partner bank account,,10.0,0.36,10.36,4.0,0.36,4.36
34170,2014_1Q,2014,2014.0,TZAUGA,TZA,UGA,Barclays,Bank,"at Branch,Call Center",Next day,24.0,yes,Nationwide,bank account,,17.5,0.47,17.97,7.0,0.47,7.47
34171,2014_1Q,2014,2014.0,TZAUGA,TZA,UGA,KCB,Bank,"at Branch,Call Center",2 days,48.0,yes,Nationwide,bank account,,20.0,0.36,20.36,7.999999999999999,0.36,8.36
34173,2014_1Q,2014,2014.0,TZAUGA,TZA,UGA,NMB (National Microfinance Bank),Non-Bank FI,"at Branch,Call Center",3-5 days,96.0,yes,Nationwide,bank account,,25.0,0.18,25.18,10.0,0.18,10.18
34172,2014_1Q,2014,2014.0,TZAUGA,TZA,UGA,NBC,Bank,"at Branch,Call Center",3-5 days,96.0,yes,Nationwide,bank account,,25.0,0.28,25.28,10.0,0.28,10.28
34175,2014_1Q,2014,2014.0,TZAUGA,TZA,UGA,Stanbic Bank,Bank,"at Branch,Call Center",2 days,48.0,yes,Nationwide,bank account,,27.5,0.31,27.81,11.0,0.31,11.31
34174,2014_1Q,2014,2014.0,TZAUGA,TZA,UGA,CRDB Bank,Bank,"at Branch,Call Center",2 days,48.0,yes,Nationwide,bank account,,30.0,0.03,30.03,12.0,0.03,12.03
34176,2014_1Q,2014,2014.0,TZAUGA,TZA,UGA,Twiga Bancorp,Bank,"at Branch,Call Center",Next day,24.0,yes,Nationwide,bank account,,30.0,0.31,30.31,12.0,0.31,12.31
34177,2014_1Q,2014,2014.0,TZAUGA,TZA,UGA,Exim Bank,Bank,"at Branch,Call Center",2 days,48.0,yes,Nationwide,bank account,,30.0,0.38,30.38,12.0,0.38,12.38
37723,2014_2Q,2014,2014.25,KENRWA,KEN,RWA,Ecobank,Bank,at Branch,Same day,12.0,yes,Major cities,cash,,2.5,0.82,3.32,2.56,0.82,3.38
37724,2014_2Q,2014,2014.25,KENRWA,KEN,RWA,Western Union,Money Transfer Operator,at Branch,Less than one hour,0.5,yes,Nationwide,cash,,4.28,1.87,6.15,3.91,1.87,5.78
37722,2014_2Q,2014,2014.25,KENRWA,KEN,RWA,MoneyGram,Money Transfer Operator,at Branch,Less than one hour,0.5,yes,Main city,cash,,6.11,1.96,8.07,5.33,1.96,7.29
37720,2014_2Q,2014,2014.25,KENRWA,KEN,RWA,Citibank,Bank,"at Branch,Call Center,On-line",2 days,48.0,yes,Nationwide,bank account,,8.33,0.65,8.98,3.33,0.65,3.98
37716,2014_2Q,2014,2014.25,KENRWA,KEN,RWA,Equatorial Commercial Bank,Bank,"at Branch,Call Center,On-line",Same day,12.0,yes,Nationwide,bank account,,9.17,0.47,9.64,3.67,0.47,4.14
37721,2014_2Q,2014,2014.25,KENRWA,KEN,RWA,GT Bank,Bank,"at Branch,Call Center,On-line",Same day,12.0,yes,Nationwide,bank account,,9.17,1.52,10.69,3.6700000000000004,1.52,5.19
37719,2014_2Q,2014,2014.25,KENRWA,KEN,RWA,ABC Bank,Money Transfer Operator,"at Branch,Call Center,On-line",Same day,12.0,yes,Nationwide,bank account,,9.16,1.7,10.86,3.66,1.7,5.36
37717,2014_2Q,2014,2014.25,KENRWA,KEN,RWA,United Bank for Africa (UBA),Bank,"at Branch,Call Center,On-line",2 days,48.0,yes,Nationwide,bank account,,9.16,1.96,11.12,3.66,1.96,5.62
37715,2014_2Q,2014,2014.25,KENRWA,KEN,RWA,Development Bank of Kenya,Bank,"at Branch,Call Center,On-line",Same day,12.0,yes,Nationwide,bank account,,11.110000000000001,1.52,12.63,4.449999999999999,1.52,5.97
37718,2014_2Q,2014,2014.25,KENRWA,KEN,RWA,KCB,Bank,"at Branch,Call Center,On-line",2 days,48.0,yes,Nationwide,bank account,,12.22,1.09,13.31,4.88,1.09,5.97
37732,2014_2Q,2014,2014.25,KENUGA,KEN,UGA,Ecobank,Bank,at Branch,Same day,12.0,yes,Major cities,cash,,2.5,0.82,3.32,2.56,0.82,3.38
37735,2014_2Q,2014,2014.25,KENUGA,KEN,UGA,MoneyGram,Money Transfer Operator,at Branch,Less than one hour,0.5,yes,Nationwide,cash,,1.75,1.96,3.71,1.75,1.96,3.71
37736,2014_2Q,2014,2014.25,KENUGA,KEN,UGA,Western Union,Money Transfer Operator,at Branch,Less than one hour,0.5,yes,Nationwide,cash,,4.28,1.87,6.15,3.91,1.87,5.78
37731,2014_2Q,2014,2014.25,KENUGA,KEN,UGA,Citibank,Bank,"at Branch,Call Center,On-line",2 days,48.0,yes,Nationwide,bank account,,8.33,0.65,8.98,3.33,0.65,3.98
37734,2014_2Q,2014,2014.25,KENUGA,KEN,UGA,Posta Kenya,Post office,at Branch,3-5 days,96.0,yes,Nationwide,cash,,8.33,1.09,9.42,5.55,1.09,6.64
37727,2014_2Q,2014,2014.25,KENUGA,KEN,UGA,Equatorial Commercial Bank,Bank,"at Branch,Call Center,On-line",Same day,12.0,yes,Nationwide,bank account,,9.17,0.47,9.64,3.67,0.47,4.14
37725,2014_2Q,2014,2014.25,KENUGA,KEN,UGA,GT Bank,Bank,"at Branch,Call Center,On-line",Same day,12.0,yes,Major cities,bank account,,9.17,1.52,10.69,3.6700000000000004,1.52,5.19
37730,2014_2Q,2014,2014.25,KENUGA,KEN,UGA,ABC Bank,Money Transfer Operator,"at Branch,Call Center,On-line",2 days,48.0,yes,Nationwide,bank account,,9.16,1.7,10.86,3.66,1.7,5.36
37733,2014_2Q,2014,2014.25,KENUGA,KEN,UGA,UBA Africash,Bank,at Branch,Same day,12.0,yes,Major cities,cash,,9.16,1.96,11.12,3.66,1.96,5.62
37728,2014_2Q,2014,2014.25,KENUGA,KEN,UGA,United Bank for Africa (UBA),Bank,"at Branch,Call Center,On-line",2 days,48.0,yes,Nationwide,bank account,,9.16,1.96,11.12,3.66,1.96,5.62
37726,2014_2Q,2014,2014.25,KENUGA,KEN,UGA,Development Bank of Kenya,Bank,"at Branch,Call Center,On-line",2 days,48.0,yes,Nationwide,bank account,,11.110000000000001,1.52,12.63,4.449999999999999,1.52,5.97
37729,2014_2Q,2014,2014.25,KENUGA,KEN,UGA,KCB,Bank,"at Branch,Call Center,On-line",2 days,48.0,yes,Nationwide,bank account,,12.22,1.09,13.31,4.88,1.09,5.97
37883,2014_2Q,2014,2014.25,TZAKEN,TZA,KEN,UBA Africash,Bank,at Branch,Same day,12.0,yes,Major cities,cash,,3.35,1.48,4.83,2.24,1.48,3.72
37885,2014_2Q,2014,2014.25,TZAKEN,TZA,KEN,MoneyGram,Money Transfer Operator,at Branch,Less than one hour,0.5,yes,Nationwide,cash,,6.779999999999999,1.48,8.26,4.93,1.48,6.41
37884,2014_2Q,2014,2014.25,TZAKEN,TZA,KEN,Western Union,Money Transfer Operator,at Branch,Less than one hour,0.5,yes,Nationwide,cash,,5.55,2.8,8.35,4.44,2.8,7.24
37886,2014_2Q,2014,2014.25,TZAKEN,TZA,KEN,Tanzania Postal Corporation,Post office,at Branch,Next day,24.0,yes,Nationwide,cash,,7.389999999999999,2.97,10.36,5.91,2.97,8.88
37878,2014_2Q,2014,2014.25,TZAKEN,TZA,KEN,KCB,Bank,"at Branch,Call Center",Less than one hour,0.5,yes,Nationwide,own/partner bank account,,12.5,1.15,13.65,5.0,1.15,6.15
37879,2014_2Q,2014,2014.25,TZAKEN,TZA,KEN,KCB,Bank,"at Branch,Call Center",2 days,48.0,yes,Nationwide,bank account,,20.0,1.15,21.15,8.0,1.15,9.15
37880,2014_2Q,2014,2014.25,TZAKEN,TZA,KEN,NBC,Bank,"at Branch,Call Center",2 days,48.0,yes,Nationwide,bank account,,25.0,1.98,26.98,10.0,1.98,11.98
37881,2014_2Q,2014,2014.25,TZAKEN,TZA,KEN,Stanbic Bank,Bank,"at Branch,Call Center",Next day,24.0,yes,Nationwide,bank account,,27.5,2.47,29.97,11.0,2.47,13.47
37887,2014_2Q,2014,2014.25,TZAKEN,TZA,KEN,Exim Bank,Bank,"at Branch,Call Center",2 days,48.0,yes,Nationwide,bank account,,30.0,0.99,30.99,12.0,0.99,12.99
37882,2014_2Q,2014,2014.25,TZAKEN,TZA,KEN,Twiga Bancorp,Bank,"at Branch,Call Center",Next day,24.0,yes,Nationwide,bank account,,30.0,1.15,31.15,12.0,1.15,13.15
37900,2014_2Q,2014,2014.25,TZARWA,TZA,RWA,UBA Africash,Bank,at Branch,Same day,12.0,yes,Major cities,cash,,3.35,1.48,4.83,2.24,1.48,3.72
37897,2014_2Q,2014,2014.25,TZARWA,TZA,RWA,MoneyGram,Money Transfer Operator,at Branch,Less than one hour,0.5,yes,Nationwide,cash,,6.779999999999999,1.48,8.26,4.93,1.48,6.41
37898,2014_2Q,2014,2014.25,TZARWA,TZA,RWA,Western Union,Money Transfer Operator,at Branch,Less than one hour,0.5,yes,Nationwide,cash,,5.55,2.8,8.35,5.670000000000001,2.8,8.47
37899,2014_2Q,2014,2014.25,TZARWA,TZA,RWA,Tanzania Postal Corporation,Post office,at Branch,Next day,24.0,yes,Nationwide,cash,,7.389999999999999,2.97,10.36,5.91,2.97,8.88
37888,2014_2Q,2014,2014.25,TZARWA,TZA,RWA,KCB,Bank,"at Branch,Call Center",Same day,12.0,yes,Major cities,own/partner bank account,,12.5,1.15,13.65,5.0,1.15,6.15
37889,2014_2Q,2014,2014.25,TZARWA,TZA,RWA,Barclays,Bank,"at Branch,Call Center",Next day,24.0,yes,Nationwide,bank account,,17.5,2.8,20.3,7.000000000000001,2.8,9.8
37890,2014_2Q,2014,2014.25,TZARWA,TZA,RWA,KCB,Bank,"at Branch,Call Center",2 days,48.0,yes,Nationwide,bank account,,20.0,1.15,21.15,8.0,1.15,9.15
37892,2014_2Q,2014,2014.25,TZARWA,TZA,RWA,NMB (National Microfinance Bank),Non-Bank FI,"at Branch,Call Center",3-5 days,96.0,yes,Nationwide,bank account,,25.0,1.48,26.48,10.0,1.48,11.48
37891,2014_2Q,2014,2014.25,TZARWA,TZA,RWA,NBC,Bank,"at Branch,Call Center",3-5 days,96.0,yes,Nationwide,bank account,,25.0,1.98,26.98,10.0,1.98,11.98
37894,2014_2Q,2014,2014.25,TZARWA,TZA,RWA,Stanbic Bank,Bank,"at Branch,Call Center",2 days,48.0,yes,Nationwide,bank account,,27.5,2.47,29.97,11.0,2.47,13.47
37896,2014_2Q,2014,2014.25,TZARWA,TZA,RWA,Exim Bank,Bank,"at Branch,Call Center",2 days,48.0,yes,Nationwide,bank account,,30.0,0.99,30.99,12.0,0.99,12.99
37895,2014_2Q,2014,2014.25,TZARWA,TZA,RWA,Twiga Bancorp,Bank,"at Branch,Call Center",Next day,24.0,yes,Nationwide,bank account,,30.0,1.15,31.15,12.0,1.15,13.15
37893,2014_2Q,2014,2014.25,TZARWA,TZA,RWA,CRDB Bank,Bank,"at Branch,Call Center",2 days,48.0,yes,Nationwide,bank account,,30.0,2.14,32.14,12.0,2.14,14.14
37913,2014_2Q,2014,2014.25,TZAUGA,TZA,UGA,UBA Africash,Bank,at Branch,Same day,12.0,yes,Major cities,cash,,3.35,1.48,4.83,2.24,1.48,3.72
37910,2014_2Q,2014,2014.25,TZAUGA,TZA,UGA,MoneyGram,Money Transfer Operator,at Branch,Less than one hour,0.5,yes,Nationwide,cash,,6.779999999999999,1.48,8.26,4.93,1.48,6.41
37911,2014_2Q,2014,2014.25,TZAUGA,TZA,UGA,Western Union,Money Transfer Operator,at Branch,Less than one hour,0.5,yes,Nationwide,cash,,5.55,2.8,8.35,5.670000000000001,2.8,8.47
37912,2014_2Q,2014,2014.25,TZAUGA,TZA,UGA,Tanzania Postal Corporation,Post office,at Branch,Less than one hour,0.5,yes,Nationwide,cash,,7.389999999999999,2.97,10.36,5.91,2.97,8.88
37901,2014_2Q,2014,2014.25,TZAUGA,TZA,UGA,KCB,Bank,"at Branch,Call Center",Same day,12.0,yes,Major cities,own/partner bank account,,10.0,1.15,11.15,4.0,1.15,5.15
37902,2014_2Q,2014,2014.25,TZAUGA,TZA,UGA,Barclays,Bank,"at Branch,Call Center",Next day,24.0,yes,Nationwide,bank account,,17.5,2.8,20.3,7.000000000000001,2.8,9.8
37903,2014_2Q,2014,2014.25,TZAUGA,TZA,UGA,KCB,Bank,"at Branch,Call Center",2 days,48.0,yes,Nationwide,bank account,,20.0,1.15,21.15,8.0,1.15,9.15
37905,2014_2Q,2014,2014.25,TZAUGA,TZA,UGA,NMB (National Microfinance Bank),Non-Bank FI,"at Branch,Call Center",3-5 days,96.0,yes,Nationwide,bank account,,25.0,1.48,26.48,10.0,1.48,11.48
37904,2014_2Q,2014,2014.25,TZAUGA,TZA,UGA,NBC,Bank,"at Branch,Call Center",3-5 days,96.0,yes,Nationwide,bank account,,25.0,1.98,26.98,10.0,1.98,11.98
37907,2014_2Q,2014,2014.25,TZAUGA,TZA,UGA,Stanbic Bank,Bank,"at Branch,Call Center",2 days,48.0,yes,Nationwide,bank account,,27.5,2.47,29.97,11.0,2.47,13.47
37909,2014_2Q,2014,2014.25,TZAUGA,TZA,UGA,Exim Bank,Bank,"at Branch,Call Center",2 days,48.0,yes,Nationwide,bank account,,30.0,0.99,30.99,12.0,0.99,12.99
37908,2014_2Q,2014,2014.25,TZAUGA,TZA,UGA,Twiga Bancorp,Bank,"at Branch,Call Center",Next day,24.0,yes,Nationwide,bank account,,30.0,1.15,31.15,12.0,1.15,13.15
37906,2014_2Q,2014,2014.25,TZAUGA,TZA,UGA,CRDB Bank,Bank,"at Branch,Call Center",2 days,48.0,yes,Nationwide,bank account,,30.0,2.14,32.14,12.0,2.14,14.14
40141,2014_3Q,2014,2014.5,KENRWA,KEN,RWA,MoneyGram,Money Transfer Operator,at Branch,Less than one hour,0.5,yes,Main city,cash,,1.7500000000000002,1.24,2.99,1.74,1.24,2.98
40142,2014_3Q,2014,2014.5,KENRWA,KEN,RWA,Ecobank,Bank,at Branch,Same day,12.0,yes,Major cities,cash,,2.5,1.38,3.88,2.5500000000000003,1.38,3.93
40143,2014_3Q,2014,2014.5,KENRWA,KEN,RWA,Western Union,Money Transfer Operator,at Branch,Less than one hour,0.5,yes,Nationwide,cash,,4.28,0.67,4.95,3.91,0.67,4.58
40139,2014_3Q,2014,2014.5,KENRWA,KEN,RWA,Citibank,Bank,"at Branch,Call Center,On-line",2 days,48.0,yes,Nationwide,bank account,,8.329999999999998,1.29,9.62,3.33,1.29,4.62
40140,2014_3Q,2014,2014.5,KENRWA,KEN,RWA,GT Bank,Bank,"at Branch,Call Center,On-line",Same day,12.0,yes,Nationwide,bank account,,9.17,0.76,9.93,3.67,0.76,4.43
40136,2014_3Q,2014,2014.5,KENRWA,KEN,RWA,United Bank for Africa (UBA),Bank,"at Branch,Call Center,On-line",2 days,48.0,yes,Nationwide,bank account,,9.17,0.76,9.93,3.67,0.76,4.43
40135,2014_3Q,2014,2014.5,KENRWA,KEN,RWA,Equatorial Commercial Bank,Bank,"at Branch,Call Center,On-line",Same day,12.0,yes,Nationwide,bank account,,9.17,1.2,10.37,3.67,1.2,4.87
40138,2014_3Q,2014,2014.5,KENRWA,KEN,RWA,ABC Bank,Money Transfer Operator,"at Branch,Call Center,On-line",Same day,12.0,yes,Nationwide,bank account,,9.16,1.24,10.4,3.66,1.24,4.9
40134,2014_3Q,2014,2014.5,KENRWA,KEN,RWA,Development Bank of Kenya,Bank,"at Branch,Call Center,On-line",Same day,12.0,yes,Nationwide,bank account,,11.11,0.76,11.87,4.45,0.76,5.21
40137,2014_3Q,2014,2014.5,KENRWA,KEN,RWA,KCB,Bank,"at Branch,Call Center,On-line",2 days,48.0,yes,Nationwide,bank account,,12.219999999999999,0.32,12.54,4.89,0.32,5.21
40154,2014_3Q,2014,2014.5,KENUGA,KEN,UGA,MoneyGram,Money Transfer Operator,at Branch,Less than one hour,0.5,yes,Nationwide,cash,,1.7500000000000002,1.24,2.99,1.74,1.24,2.98
40151,2014_3Q,2014,2014.5,KENUGA,KEN,UGA,Ecobank,Bank,at Branch,Same day,12.0,yes,Major cities,cash,,2.5,1.38,3.88,2.5500000000000003,1.38,3.93
40155,2014_3Q,2014,2014.5,KENUGA,KEN,UGA,Western Union,Money Transfer Operator,at Branch,Less than one hour,0.5,yes,Nationwide,cash,,4.28,0.67,4.95,3.91,0.67,4.58
40150,2014_3Q,2014,2014.5,KENUGA,KEN,UGA,Citibank,Bank,"at Branch,Call Center,On-line",2 days,48.0,yes,Nationwide,bank account,,8.329999999999998,1.29,9.62,3.33,1.29,4.62
40153,2014_3Q,2014,2014.5,KENUGA,KEN,UGA,Posta Kenya,Post office,at Branch,3-5 days,96.0,yes,Nationwide,cash,,8.329999999999998,1.29,9.62,5.55,1.29,6.84
40144,2014_3Q,2014,2014.5,KENUGA,KEN,UGA,GT Bank,Bank,"at Branch,Call Center,On-line",Same day,12.0,yes,Major cities,bank account,,9.17,0.76,9.93,3.67,0.76,4.43
40152,2014_3Q,2014,2014.5,KENUGA,KEN,UGA,UBA Africash,Bank,at Branch,Same day,12.0,yes,Major cities,cash,,9.17,0.76,9.93,3.67,0.76,4.43
40147,2014_3Q,2014,2014.5,KENUGA,KEN,UGA,United Bank for Africa (UBA),Bank,"at Branch,Call Center,On-line",2 days,48.0,yes,Nationwide,bank account,,9.17,0.76,9.93,3.67,0.76,4.43
40146,2014_3Q,2014,2014.5,KENUGA,KEN,UGA,Equatorial Commercial Bank,Bank,"at Branch,Call Center,On-line",Same day,12.0,yes,Nationwide,bank account,,9.17,1.2,10.37,3.67,1.2,4.87
40149,2014_3Q,2014,2014.5,KENUGA,KEN,UGA,ABC Bank,Money Transfer Operator,"at Branch,Call Center,On-line",2 days,48.0,yes,Nationwide,bank account,,9.16,1.24,10.4,3.66,1.24,4.9
40145,2014_3Q,2014,2014.5,KENUGA,KEN,UGA,Development Bank of Kenya,Bank,"at Branch,Call Center,On-line",2 days,48.0,yes,Nationwide,bank account,,11.11,0.76,11.87,4.45,0.76,5.21
40148,2014_3Q,2014,2014.5,KENUGA,KEN,UGA,KCB,Bank,"at Branch,Call Center,On-line",2 days,48.0,yes,Nationwide,bank account,,12.219999999999999,0.32,12.54,4.89,0.32,5.21
40774,2014_3Q,2014,2014.5,TZAKEN,TZA,KEN,UBA Africash,Bank,at Branch,Same day,12.0,yes,Major cities,cash,,3.3500000000000005,1.47,4.82,2.24,1.47,3.71
40776,2014_3Q,2014,2014.5,TZAKEN,TZA,KEN,MoneyGram,Money Transfer Operator,at Branch,Less than one hour,0.5,yes,Nationwide,cash,,5.4,2.3,7.7,4.63,2.3,6.93
40775,2014_3Q,2014,2014.5,TZAKEN,TZA,KEN,Western Union,Money Transfer Operator,at Branch,Less than one hour,0.5,yes,Nationwide,cash,,5.539999999999999,2.64,8.18,4.4399999999999995,2.64,7.08
40777,2014_3Q,2014,2014.5,TZAKEN,TZA,KEN,Tanzania Postal Corporation,Post office,at Branch,Next day,24.0,yes,Nationwide,cash,,7.3999999999999995,2.3,9.7,5.920000000000001,2.3,8.22
40770,2014_3Q,2014,2014.5,TZAKEN,TZA,KEN,KCB,Bank,"at Branch,Call Center",Less than one hour,0.5,yes,Nationwide,own/partner bank account,,12.5,1.64,14.14,5.0,1.64,6.64
40771,2014_3Q,2014,2014.5,TZAKEN,TZA,KEN,KCB,Bank,"at Branch,Call Center",2 days,48.0,yes,Nationwide,bank account,,20.0,1.64,21.64,8.0,1.64,9.64
40772,2014_3Q,2014,2014.5,TZAKEN,TZA,KEN,NBC,Bank,"at Branch,Call Center",2 days,48.0,yes,Nationwide,bank account,,25.0,2.14,27.14,10.0,2.14,12.14
40773,2014_3Q,2014,2014.5,TZAKEN,TZA,KEN,Stanbic Bank,Bank,"at Branch,Call Center",Next day,24.0,yes,Nationwide,bank account,,27.5,1.14,28.64,11.0,1.14,12.14
40788,2014_3Q,2014,2014.5,TZARWA,TZA,RWA,UBA Africash,Bank,at Branch,Same day,12.0,yes,Major cities,cash,,3.3500000000000005,1.47,4.82,2.24,1.47,3.71
40785,2014_3Q,2014,2014.5,TZARWA,TZA,RWA,MoneyGram,Money Transfer Operator,at Branch,Less than one hour,0.5,yes,Nationwide,cash,,5.4,2.3,7.7,4.63,2.3,6.93
40786,2014_3Q,2014,2014.5,TZARWA,TZA,RWA,Western Union,Money Transfer Operator,at Branch,Less than one hour,0.5,yes,Nationwide,cash,,5.539999999999999,2.64,8.18,4.4399999999999995,2.64,7.08
40787,2014_3Q,2014,2014.5,TZARWA,TZA,RWA,Tanzania Postal Corporation,Post office,at Branch,Next day,24.0,yes,Nationwide,cash,,7.3999999999999995,2.3,9.7,5.920000000000001,2.3,8.22
40778,2014_3Q,2014,2014.5,TZARWA,TZA,RWA,KCB,Bank,"at Branch,Call Center",Same day,12.0,yes,Major cities,own/partner bank account,,12.5,1.64,14.14,5.0,1.64,6.64
40779,2014_3Q,2014,2014.5,TZARWA,TZA,RWA,Barclays,Bank,"at Branch,Call Center",Next day,24.0,yes,Nationwide,bank account,,17.5,2.14,19.64,7.0,2.14,9.14
40780,2014_3Q,2014,2014.5,TZARWA,TZA,RWA,KCB,Bank,"at Branch,Call Center",2 days,48.0,yes,Nationwide,bank account,,20.0,1.64,21.64,8.0,1.64,9.64
40781,2014_3Q,2014,2014.5,TZARWA,TZA,RWA,NBC,Bank,"at Branch,Call Center",3-5 days,96.0,yes,Nationwide,bank account,,25.0,2.14,27.14,10.0,2.14,12.14
40784,2014_3Q,2014,2014.5,TZARWA,TZA,RWA,Stanbic Bank,Bank,"at Branch,Call Center",2 days,48.0,yes,Nationwide,bank account,,27.5,1.14,28.64,11.0,1.14,12.14
40782,2014_3Q,2014,2014.5,TZARWA,TZA,RWA,NMB (National Microfinance Bank),Non-Bank FI,"at Branch,Call Center",3-5 days,96.0,yes,Nationwide,bank account,,27.5,1.64,29.14,11.0,1.64,12.64
40783,2014_3Q,2014,2014.5,TZARWA,TZA,RWA,CRDB Bank,Bank,"at Branch,Call Center",2 days,48.0,yes,Nationwide,bank account,,30.0,1.81,31.81,12.0,1.81,13.81
40799,2014_3Q,2014,2014.5,TZAUGA,TZA,UGA,UBA Africash,Bank,at Branch,Same day,12.0,yes,Major cities,cash,,3.3500000000000005,1.47,4.82,2.24,1.47,3.71
40796,2014_3Q,2014,2014.5,TZAUGA,TZA,UGA,MoneyGram,Money Transfer Operator,at Branch,Less than one hour,0.5,yes,Nationwide,cash,,5.4,2.3,7.7,2.16,2.3,4.46
40797,2014_3Q,2014,2014.5,TZAUGA,TZA,UGA,Western Union,Money Transfer Operator,at Branch,Less than one hour,0.5,yes,Nationwide,cash,,5.539999999999999,2.64,8.18,4.4399999999999995,2.64,7.08
40798,2014_3Q,2014,2014.5,TZAUGA,TZA,UGA,Tanzania Postal Corporation,Post office,at Branch,Less than one hour,0.5,yes,Nationwide,cash,,7.3999999999999995,2.3,9.7,5.920000000000001,2.3,8.22
40789,2014_3Q,2014,2014.5,TZAUGA,TZA,UGA,KCB,Bank,"at Branch,Call Center",Same day,12.0,yes,Major cities,own/partner bank account,,12.5,1.64,14.14,5.0,1.64,6.64
40790,2014_3Q,2014,2014.5,TZAUGA,TZA,UGA,Barclays,Bank,"at Branch,Call Center",Next day,24.0,yes,Nationwide,bank account,,17.5,2.14,19.64,7.0,2.14,9.14
40791,2014_3Q,2014,2014.5,TZAUGA,TZA,UGA,KCB,Bank,"at Branch,Call Center",2 days,48.0,yes,Nationwide,bank account,,20.0,1.64,21.64,8.0,1.64,9.64
40792,2014_3Q,2014,2014.5,TZAUGA,TZA,UGA,NBC,Bank,"at Branch,Call Center",3-5 days,96.0,yes,Nationwide,bank account,,25.0,2.14,27.14,10.0,2.14,12.14
40795,2014_3Q,2014,2014.5,TZAUGA,TZA,UGA,Stanbic Bank,Bank,"at Branch,Call Center",2 days,48.0,yes,Nationwide,bank account,,27.5,1.14,28.64,11.0,1.14,12.14
40793,2014_3Q,2014,2014.5,TZAUGA,TZA,UGA,NMB (National Microfinance Bank),Non-Bank FI,"at Branch,Call Center",3-5 days,96.0,yes,Nationwide,bank account,,27.5,1.64,29.14,11.0,1.64,12.64
40794,2014_3Q,2014,2014.5,TZAUGA,TZA,UGA,CRDB Bank,Bank,"at Branch,Call Center",2 days,48.0,yes,Nationwide,bank account,,30.0,1.81,31.81,12.0,1.81,13.81
43001,2014_4Q,2014,2014.75,KENRWA,KEN,RWA,Ecobank,Bank,at Branch,Same day,12.0,yes,Major cities,cash,,2.5,2.75,5.25,2.55,2.75,5.3
43002,2014_4Q,2014,2014.75,KENRWA,KEN,RWA,MoneyGram,Money Transfer Operator,at Branch,Less than one hour,0.5,yes,Main city,cash,,1.7500000000000004,3.73,5.48,1.7500000000000004,3.73,5.48
43000,2014_4Q,2014,2014.75,KENRWA,KEN,RWA,Western Union,Money Transfer Operator,at Branch,Less than one hour,0.5,yes,Nationwide,cash,,4.27,3.47,7.74,3.9099999999999997,3.47,7.38
43003,2014_4Q,2014,2014.75,KENRWA,KEN,RWA,GT Bank,Bank,"at Branch,Call Center,On-line",Same day,12.0,yes,Nationwide,bank account,,9.17,1.49,10.66,3.67,1.49,5.16
43004,2014_4Q,2014,2014.75,KENRWA,KEN,RWA,Citibank,Bank,"at Branch,Call Center,On-line",2 days,48.0,yes,Nationwide,bank account,,8.33,2.39,10.72,3.3299999999999996,2.39,5.72
43008,2014_4Q,2014,2014.75,KENRWA,KEN,RWA,Equatorial Commercial Bank,Bank,"at Branch,Call Center,On-line",Same day,12.0,yes,Nationwide,bank account,,9.17,1.67,10.84,3.67,1.67,5.34
43007,2014_4Q,2014,2014.75,KENRWA,KEN,RWA,United Bank for Africa (UBA),Bank,"at Branch,Call Center,On-line",2 days,48.0,yes,Nationwide,bank account,,9.169999999999998,2.12,11.29,3.67,2.12,5.79
43005,2014_4Q,2014,2014.75,KENRWA,KEN,RWA,ABC Bank,Money Transfer Operator,"at Branch,Call Center,On-line",Same day,12.0,yes,Nationwide,bank account,,9.16,2.93,12.09,3.6599999999999997,2.93,6.59
43009,2014_4Q,2014,2014.75,KENRWA,KEN,RWA,Development Bank of Kenya,Bank,"at Branch,Call Center,On-line",Same day,12.0,yes,Nationwide,bank account,,11.11,3.47,14.58,4.4399999999999995,1.85,6.29
43006,2014_4Q,2014,2014.75,KENRWA,KEN,RWA,KCB,Bank,"at Branch,Call Center,On-line",2 days,48.0,yes,Nationwide,bank account,,12.220000000000002,4.63,16.85,4.89,4.63,9.52
43014,2014_4Q,2014,2014.75,KENUGA,KEN,UGA,Ecobank,Bank,at Branch,Same day,12.0,yes,Major cities,cash,,2.5,2.75,5.25,2.55,2.75,5.3
43013,2014_4Q,2014,2014.75,KENUGA,KEN,UGA,UBA Africash,Bank,at Branch,Same day,12.0,yes,Major cities,cash,,3.17,2.12,5.29,2.17,2.12,4.29
43011,2014_4Q,2014,2014.75,KENUGA,KEN,UGA,MoneyGram,Money Transfer Operator,at Branch,Less than one hour,0.5,yes,Nationwide,cash,,1.7500000000000004,3.73,5.48,1.7500000000000004,3.73,5.48
43010,2014_4Q,2014,2014.75,KENUGA,KEN,UGA,Western Union,Money Transfer Operator,at Branch,Less than one hour,0.5,yes,Nationwide,cash,,4.27,3.47,7.74,3.9099999999999997,3.47,7.38
43021,2014_4Q,2014,2014.75,KENUGA,KEN,UGA,GT Bank,Bank,"at Branch,Call Center,On-line",Same day,12.0,yes,Major cities,bank account,,9.17,1.49,10.66,3.67,1.49,5.16
43015,2014_4Q,2014,2014.75,KENUGA,KEN,UGA,Citibank,Bank,"at Branch,Call Center,On-line",2 days,48.0,yes,Nationwide,bank account,,8.33,2.39,10.72,3.3299999999999996,2.39,5.72
43019,2014_4Q,2014,2014.75,KENUGA,KEN,UGA,Equatorial Commercial Bank,Bank,"at Branch,Call Center,On-line",Same day,12.0,yes,Nationwide,bank account,,9.17,1.67,10.84,3.67,1.67,5.34
43018,2014_4Q,2014,2014.75,KENUGA,KEN,UGA,United Bank for Africa (UBA),Bank,"at Branch,Call Center,On-line",2 days,48.0,yes,Nationwide,bank account,,9.169999999999998,2.12,11.29,3.67,2.12,5.79
43016,2014_4Q,2014,2014.75,KENUGA,KEN,UGA,ABC Bank,Money Transfer Operator,"at Branch,Call Center,On-line",2 days,48.0,yes,Nationwide,bank account,,9.16,2.93,12.09,3.6599999999999997,2.93,6.59
43012,2014_4Q,2014,2014.75,KENUGA,KEN,UGA,Posta Kenya,Post office,at Branch,3-5 days,96.0,yes,Nationwide,cash,,9.66,2.57,12.23,6.4399999999999995,2.57,9.01
43020,2014_4Q,2014,2014.75,KENUGA,KEN,UGA,Development Bank of Kenya,Bank,"at Branch,Call Center,On-line",2 days,48.0,yes,Nationwide,bank account,,11.11,3.47,14.58,4.4399999999999995,3.47,7.91
43017,2014_4Q,2014,2014.75,KENUGA,KEN,UGA,KCB,Bank,"at Branch,Call Center,On-line",2 days,48.0,yes,Nationwide,bank account,,12.220000000000002,4.63,16.85,4.89,4.63,9.52
43641,2014_4Q,2014,2014.75,TZAKEN,TZA,KEN,UBA Africash,Bank,at Branch,Same day,12.0,yes,Major cities,cash,,3.34,1.54,4.88,2.2399999999999998,1.54,3.78
43640,2014_4Q,2014,2014.75,TZAKEN,TZA,KEN,Western Union,Money Transfer Operator,at Branch,Less than one hour,0.5,yes,Nationwide,cash,,5.3500000000000005,0.18,5.53,3.67,0.18,3.85
43638,2014_4Q,2014,2014.75,TZAKEN,TZA,KEN,Tanzania Postal Corporation,Post office,at Branch,Next day,24.0,yes,Nationwide,cash,,7.390000000000001,0.35,7.74,5.91,0.35,6.26
43639,2014_4Q,2014,2014.75,TZAKEN,TZA,KEN,MoneyGram,Money Transfer Operator,at Branch,Less than one hour,0.5,yes,Nationwide,cash,,5.4,3.75,9.15,4.630000000000001,3.75,8.38
43645,2014_4Q,2014,2014.75,TZAKEN,TZA,KEN,KCB,Bank,"at Branch,Call Center",Less than one hour,0.5,yes,Nationwide,own/partner bank account,,12.5,1.03,13.53,5.0,1.03,6.03
43644,2014_4Q,2014,2014.75,TZAKEN,TZA,KEN,KCB,Bank,"at Branch,Call Center",2 days,48.0,yes,Nationwide,bank account,,20.0,1.03,21.03,7.999999999999999,1.03,9.03
43643,2014_4Q,2014,2014.75,TZAKEN,TZA,KEN,NBC,Bank,"at Branch,Call Center",2 days,48.0,yes,Nationwide,bank account,,25.0,1.71,26.71,10.0,1.71,11.71
43642,2014_4Q,2014,2014.75,TZAKEN,TZA,KEN,Stanbic Bank,Bank,"at Branch,Call Center",Next day,24.0,yes,Nationwide,bank account,,27.5,0.69,28.19,11.0,0.69,11.69
43646,2014_4Q,2014,2014.75,TZARWA,TZA,RWA,UBA Africash,Bank,at Branch,Same day,12.0,yes,Major cities,cash,,3.34,1.54,4.88,2.2399999999999998,1.54,3.78
43648,2014_4Q,2014,2014.75,TZARWA,TZA,RWA,Western Union,Money Transfer Operator,at Branch,Less than one hour,0.5,yes,Nationwide,cash,,5.3500000000000005,0.18,5.53,3.67,0.18,3.85
43647,2014_4Q,2014,2014.75,TZARWA,TZA,RWA,Tanzania Postal Corporation,Post office,at Branch,Next day,24.0,yes,Nationwide,cash,,7.390000000000001,0.35,7.74,5.91,0.35,6.26
43649,2014_4Q,2014,2014.75,TZARWA,TZA,RWA,MoneyGram,Money Transfer Operator,at Branch,Less than one hour,0.5,yes,Nationwide,cash,,5.4,3.75,9.15,4.630000000000001,3.75,8.38
43656,2014_4Q,2014,2014.75,TZARWA,TZA,RWA,KCB,Bank,"at Branch,Call Center",Same day,12.0,yes,Major cities,own/partner bank account,,12.5,1.03,13.53,5.0,1.03,6.03
43655,2014_4Q,2014,2014.75,TZARWA,TZA,RWA,Barclays,Bank,"at Branch,Call Center",Next day,24.0,yes,Nationwide,bank account,,14.999999999999998,3.24,18.24,6.0,3.24,9.24
43654,2014_4Q,2014,2014.75,TZARWA,TZA,RWA,KCB,Bank,"at Branch,Call Center",2 days,48.0,yes,Nationwide,bank account,,20.0,1.03,21.03,7.999999999999999,1.03,9.03
43652,2014_4Q,2014,2014.75,TZARWA,TZA,RWA,NMB (National Microfinance Bank),Non-Bank FI,"at Branch,Call Center",3-5 days,96.0,yes,Nationwide,bank account,,25.0,0.35,25.35,10.0,0.35,10.35
43653,2014_4Q,2014,2014.75,TZARWA,TZA,RWA,NBC,Bank,"at Branch,Call Center",3-5 days,96.0,yes,Nationwide,bank account,,25.0,1.71,26.71,10.0,1.71,11.71
43650,2014_4Q,2014,2014.75,TZARWA,TZA,RWA,Stanbic Bank,Bank,"at Branch,Call Center",2 days,48.0,yes,Nationwide,bank account,,27.5,0.69,28.19,11.0,0.69,11.69
43651,2014_4Q,2014,2014.75,TZARWA,TZA,RWA,CRDB Bank,Bank,"at Branch,Call Center",2 days,48.0,yes,Nationwide,bank account,,30.0,3.24,33.24,12.0,3.24,15.24
43657,2014_4Q,2014,2014.75,TZAUGA,TZA,UGA,UBA Africash,Bank,at Branch,Same day,12.0,yes,Major cities,cash,,3.34,1.54,4.88,5.92,1.54,7.46
43659,2014_4Q,2014,2014.75,TZAUGA,TZA,UGA,Western Union,Money Transfer Operator,at Branch,Less than one hour,0.5,yes,Nationwide,cash,,5.3500000000000005,0.18,5.53,3.67,0.18,3.85
43658,2014_4Q,2014,2014.75,TZAUGA,TZA,UGA,Tanzania Postal Corporation,Post office,at Branch,Less than one hour,0.5,yes,Nationwide,cash,,7.390000000000001,0.35,7.74,3.6699999999999995,0.35,4.02
43660,2014_4Q,2014,2014.75,TZAUGA,TZA,UGA,MoneyGram,Money Transfer Operator,at Branch,Less than one hour,0.5,yes,Nationwide,cash,,5.4,3.75,9.15,4.630000000000001,3.75,8.38
43667,2014_4Q,2014,2014.75,TZAUGA,TZA,UGA,KCB,Bank,"at Branch,Call Center",Same day,12.0,yes,Major cities,own/partner bank account,,12.5,1.03,13.53,5.0,1.03,6.03
43666,2014_4Q,2014,2014.75,TZAUGA,TZA,UGA,Barclays,Bank,"at Branch,Call Center",Next day,24.0,yes,Nationwide,bank account,,14.999999999999998,3.24,18.24,6.0,3.24,9.24
43665,2014_4Q,2014,2014.75,TZAUGA,TZA,UGA,KCB,Bank,"at Branch,Call Center",2 days,48.0,yes,Nationwide,bank account,,20.0,1.03,21.03,7.999999999999999,1.03,9.03
43663,2014_4Q,2014,2014.75,TZAUGA,TZA,UGA,NMB (National Microfinance Bank),Non-Bank FI,"at Branch,Call Center",3-5 days,96.0,yes,Nationwide,bank account,,25.0,0.35,25.35,10.0,0.35,10.35
43664,2014_4Q,2014,2014.75,TZAUGA,TZA,UGA,NBC,Bank,"at Branch,Call Center",3-5 days,96.0,yes,Nationwide,bank account,,25.0,1.71,26.71,10.0,1.71,11.71
43661,2014_4Q,2014,2014.75,TZAUGA,TZA,UGA,Stanbic Bank,Bank,"at Branch,Call Center",2 days,48.0,yes,Nationwide,bank account,,27.5,0.69,28.19,11.0,0.69,11.69
43662,2014_4Q,2014,2014.75,TZAUGA,TZA,UGA,CRDB Bank,Bank,"at Branch,Call Center",2 days,48.0,yes,Nationwide,bank account,,30.0,3.24,33.24,12.0,3.24,15.24
45198,2015_1Q,2015,2015.0,KENRWA,KEN,RWA,MoneyGram,Money Transfer Operator,at Branch,Less than one hour,0.5,yes,Main city,cash,,1.7499999999999998,1.53,3.28,1.7499999999999998,1.53,3.28
45199,2015_1Q,2015,2015.0,KENRWA,KEN,RWA,Ecobank,Bank,at Branch,Same day,12.0,yes,Major cities,cash,,2.5,1.35,3.85,2.55,1.35,3.9
45200,2015_1Q,2015,2015.0,KENRWA,KEN,RWA,Western Union,Money Transfer Operator,at Branch,Less than one hour,0.5,yes,Nationwide,cash,,4.2700000000000005,1.26,5.53,3.91,1.26,5.17
45196,2015_1Q,2015,2015.0,KENRWA,KEN,RWA,Citibank,Bank,"at Branch,Call Center,On-line",2 days,48.0,yes,Nationwide,bank account,,8.33,1.35,9.68,3.3299999999999996,1.35,4.68
45195,2015_1Q,2015,2015.0,KENRWA,KEN,RWA,ABC Bank,Money Transfer Operator,"at Branch,Call Center,On-line",Same day,12.0,yes,Nationwide,bank account,,9.16,0.62,9.78,3.66,0.62,4.28
45193,2015_1Q,2015,2015.0,KENRWA,KEN,RWA,United Bank for Africa (UBA),Bank,"at Branch,Call Center,On-line",2 days,48.0,yes,Nationwide,bank account,,9.17,0.98,10.15,3.6700000000000004,0.98,4.65
45192,2015_1Q,2015,2015.0,KENRWA,KEN,RWA,Equatorial Commercial Bank,Bank,"at Branch,Call Center,On-line",Same day,12.0,yes,Nationwide,bank account,,9.16,1.26,10.42,3.66,1.26,4.92
45197,2015_1Q,2015,2015.0,KENRWA,KEN,RWA,GT Bank,Bank,"at Branch,Call Center,On-line",Same day,12.0,yes,Nationwide,bank account,,9.17,1.44,10.61,3.6700000000000004,1.44,5.11
45191,2015_1Q,2015,2015.0,KENRWA,KEN,RWA,Development Bank of Kenya,Bank,"at Branch,Call Center,On-line",Same day,12.0,yes,Nationwide,bank account,,11.11,0.8,11.91,4.44,0.8,5.24
45194,2015_1Q,2015,2015.0,KENRWA,KEN,RWA,KCB,Bank,"at Branch,Call Center,On-line",2 days,48.0,yes,Nationwide,bank account,,12.22,1.26,13.48,4.89,1.07,5.96
45211,2015_1Q,2015,2015.0,KENUGA,KEN,UGA,MoneyGram,Money Transfer Operator,at Branch,Less than one hour,0.5,yes,Nationwide,cash,,1.7499999999999998,1.53,3.28,1.7499999999999998,1.53,3.28
45208,2015_1Q,2015,2015.0,KENUGA,KEN,UGA,Ecobank,Bank,at Branch,Same day,12.0,yes,Major cities,cash,,2.5,1.35,3.85,2.55,1.35,3.9
45209,2015_1Q,2015,2015.0,KENUGA,KEN,UGA,UBA Africash,Bank,at Branch,Same day,12.0,yes,Major cities,cash,,3.1700000000000004,0.98,4.15,2.17,0.98,3.15
45212,2015_1Q,2015,2015.0,KENUGA,KEN,UGA,Western Union,Money Transfer Operator,at Branch,Less than one hour,0.5,yes,Nationwide,cash,,3.4400000000000004,1.26,4.7,2.75,1.26,4.01
45207,2015_1Q,2015,2015.0,KENUGA,KEN,UGA,Citibank,Bank,"at Branch,Call Center,On-line",2 days,48.0,yes,Nationwide,bank account,,8.33,1.35,9.68,3.3299999999999996,1.35,4.68
45206,2015_1Q,2015,2015.0,KENUGA,KEN,UGA,ABC Bank,Money Transfer Operator,"at Branch,Call Center,On-line",2 days,48.0,yes,Nationwide,bank account,,9.16,0.62,9.78,3.66,0.62,4.28
45204,2015_1Q,2015,2015.0,KENUGA,KEN,UGA,United Bank for Africa (UBA),Bank,"at Branch,Call Center,On-line",2 days,48.0,yes,Nationwide,bank account,,9.17,0.98,10.15,3.6700000000000004,0.98,4.65
45203,2015_1Q,2015,2015.0,KENUGA,KEN,UGA,Equatorial Commercial Bank,Bank,"at Branch,Call Center,On-line",Same day,12.0,yes,Nationwide,bank account,,9.16,1.26,10.42,3.66,1.26,4.92
45201,2015_1Q,2015,2015.0,KENUGA,KEN,UGA,GT Bank,Bank,"at Branch,Call Center,On-line",Same day,12.0,yes,Major cities,bank account,,9.17,1.44,10.61,3.6700000000000004,1.44,5.11
45210,2015_1Q,2015,2015.0,KENUGA,KEN,UGA,Posta Kenya,Post office,at Branch,3-5 days,96.0,yes,Nationwide,cash,,9.66,1.26,10.92,6.44,1.26,7.7
45202,2015_1Q,2015,2015.0,KENUGA,KEN,UGA,Development Bank of Kenya,Bank,"at Branch,Call Center,On-line",2 days,48.0,yes,Nationwide,bank account,,11.11,0.8,11.91,4.44,0.8,5.24
45205,2015_1Q,2015,2015.0,KENUGA,KEN,UGA,KCB,Bank,"at Branch,Call Center,On-line",2 days,48.0,yes,Nationwide,bank account,,12.22,1.26,13.48,4.890000000000001,1.26,6.15
45603,2015_1Q,2015,2015.0,TZAKEN,TZA,KEN,UBA Africash,Bank,at Branch,Same day,12.0,yes,Major cities,cash,,3.3400000000000003,2.23,5.57,2.2399999999999998,2.23,4.47
45605,2015_1Q,2015,2015.0,TZAKEN,TZA,KEN,MoneyGram,Money Transfer Operator,at Branch,Less than one hour,0.5,yes,Nationwide,cash,,5.390000000000001,0.77,6.16,4.619999999999999,0.77,5.39
45604,2015_1Q,2015,2015.0,TZAKEN,TZA,KEN,Western Union,Money Transfer Operator,at Branch,Less than one hour,0.5,yes,Nationwide,cash,,5.35,1.86,7.21,3.67,1.86,5.53
45606,2015_1Q,2015,2015.0,TZAKEN,TZA,KEN,Tanzania Postal Corporation,Post office,at Branch,Next day,24.0,yes,Nationwide,cash,,7.3999999999999995,1.86,9.26,5.92,1.86,7.78
44358,2015_1Q,2015,2015.0,TZAKEN,TZA,KEN,KCB,Bank,"at Branch,Call Center",Less than one hour,0.5,yes,Nationwide,own/partner bank account,,10.0,1.13,11.13,4.0,1.13,5.13
44359,2015_1Q,2015,2015.0,TZAKEN,TZA,KEN,KCB,Bank,"at Branch,Call Center",2 days,48.0,yes,Nationwide,bank account,,20.0,1.13,21.13,8.0,1.13,9.13
45601,2015_1Q,2015,2015.0,TZAKEN,TZA,KEN,NBC,Bank,"at Branch,Call Center",2 days,48.0,yes,Nationwide,bank account,,25.0,1.5,26.5,10.0,1.5,11.5
45602,2015_1Q,2015,2015.0,TZAKEN,TZA,KEN,Stanbic Bank,Bank,"at Branch,Call Center",Next day,24.0,yes,Nationwide,bank account,,27.5,2.96,30.46,11.0,2.96,13.96
45864,2015_1Q,2015,2015.0,TZARWA,TZA,RWA,UBA Africash,Bank,at Branch,Same day,12.0,yes,Major cities,cash,,3.3400000000000003,2.23,5.57,2.2399999999999998,2.23,4.47
45614,2015_1Q,2015,2015.0,TZARWA,TZA,RWA,MoneyGram,Money Transfer Operator,at Branch,Less than one hour,0.5,yes,Nationwide,cash,,5.390000000000001,0.77,6.16,4.619999999999999,0.77,5.39
45615,2015_1Q,2015,2015.0,TZARWA,TZA,RWA,Western Union,Money Transfer Operator,at Branch,Less than one hour,0.5,yes,Nationwide,cash,,5.35,1.86,7.21,3.67,1.86,5.53
45616,2015_1Q,2015,2015.0,TZARWA,TZA,RWA,Tanzania Postal Corporation,Post office,at Branch,Next day,24.0,yes,Nationwide,cash,,7.3999999999999995,1.86,9.26,5.92,1.86,7.78
45607,2015_1Q,2015,2015.0,TZARWA,TZA,RWA,KCB,Bank,"at Branch,Call Center",Same day,12.0,yes,Major cities,own/partner bank account,,10.0,1.13,11.13,4.0,1.13,5.13
45608,2015_1Q,2015,2015.0,TZARWA,TZA,RWA,Barclays,Bank,"at Branch,Call Center",Next day,24.0,yes,Nationwide,bank account,,15.0,0.95,15.95,6.0,0.95,6.95
45609,2015_1Q,2015,2015.0,TZARWA,TZA,RWA,KCB,Bank,"at Branch,Call Center",2 days,48.0,yes,Nationwide,bank account,,20.0,1.13,21.13,8.0,1.13,9.13
45610,2015_1Q,2015,2015.0,TZARWA,TZA,RWA,NBC,Bank,"at Branch,Call Center",3-5 days,96.0,yes,Nationwide,bank account,,25.0,1.5,26.5,10.0,1.5,11.5
45611,2015_1Q,2015,2015.0,TZARWA,TZA,RWA,NMB (National Microfinance Bank),Non-Bank FI,"at Branch,Call Center",3-5 days,96.0,yes,Nationwide,bank account,,25.0,2.6,27.6,10.0,2.6,12.6
45613,2015_1Q,2015,2015.0,TZARWA,TZA,RWA,Stanbic Bank,Bank,"at Branch,Call Center",2 days,48.0,yes,Nationwide,bank account,,27.5,2.96,30.46,11.0,2.96,13.96
45612,2015_1Q,2015,2015.0,TZARWA,TZA,RWA,CRDB Bank,Bank,"at Branch,Call Center",2 days,48.0,yes,Nationwide,bank account,,29.999999999999996,2.05,32.05,12.0,2.05,14.05
45865,2015_1Q,2015,2015.0,TZAUGA,TZA,UGA,UBA Africash,Bank,at Branch,Same day,12.0,yes,Major cities,cash,,3.3400000000000003,2.23,5.57,0.0,2.23,2.23
45624,2015_1Q,2015,2015.0,TZAUGA,TZA,UGA,MoneyGram,Money Transfer Operator,at Branch,Less than one hour,0.5,yes,Nationwide,cash,,5.390000000000001,0.77,6.16,4.619999999999999,0.77,5.39
45625,2015_1Q,2015,2015.0,TZAUGA,TZA,UGA,Western Union,Money Transfer Operator,at Branch,Less than one hour,0.5,yes,Nationwide,cash,,5.35,1.86,7.21,3.67,1.86,5.53
45626,2015_1Q,2015,2015.0,TZAUGA,TZA,UGA,Tanzania Postal Corporation,Post office,at Branch,Less than one hour,0.5,yes,Nationwide,cash,,7.3999999999999995,1.86,9.26,0.0,1.86,1.86
45617,2015_1Q,2015,2015.0,TZAUGA,TZA,UGA,KCB,Bank,"at Branch,Call Center",Same day,12.0,yes,Major cities,own/partner bank account,,10.0,1.13,11.13,4.0,1.13,5.13
45618,2015_1Q,2015,2015.0,TZAUGA,TZA,UGA,Barclays,Bank,"at Branch,Call Center",Next day,24.0,yes,Nationwide,bank account,,15.0,0.95,15.95,6.0,0.95,6.95
45619,2015_1Q,2015,2015.0,TZAUGA,TZA,UGA,KCB,Bank,"at Branch,Call Center",2 days,48.0,yes,Nationwide,bank account,,20.0,1.13,21.13,8.0,1.13,9.13
45620,2015_1Q,2015,2015.0,TZAUGA,TZA,UGA,NBC,Bank,"at Branch,Call Center",3-5 days,96.0,yes,Nationwide,bank account,,25.0,1.5,26.5,10.0,1.5,11.5
45621,2015_1Q,2015,2015.0,TZAUGA,TZA,UGA,NMB (National Microfinance Bank),Non-Bank FI,"at Branch,Call Center",3-5 days,96.0,yes,Nationwide,bank account,,25.0,2.6,27.6,10.0,2.6,12.6
45623,2015_1Q,2015,2015.0,TZAUGA,TZA,UGA,Stanbic Bank,Bank,"at Branch,Call Center",2 days,48.0,yes,Nationwide,bank account,,27.5,2.96,30.46,11.0,2.96,13.96
45622,2015_1Q,2015,2015.0,TZAUGA,TZA,UGA,CRDB Bank,Bank,"at Branch,Call Center",2 days,48.0,yes,Nationwide,bank account,,29.999999999999996,2.05,32.05,12.0,2.05,14.05
48637,2015_2Q,2015,2015.25,KENRWA,KEN,RWA,MoneyGram,Money Transfer Operator,at Branch,Less than one hour,0.5,yes,Main city,cash,,1.7499999999999998,1.82,3.57,1.7499999999999998,1.82,3.57
48638,2015_2Q,2015,2015.25,KENRWA,KEN,RWA,Ecobank,Bank,at Branch,Same day,12.0,yes,Major cities,cash,,2.5,2.0,4.5,2.5599999999999996,2.0,4.56
48639,2015_2Q,2015,2015.25,KENRWA,KEN,RWA,Western Union,Money Transfer Operator,at Branch,Less than one hour,0.5,yes,Nationwide,cash,,4.28,1.34,5.62,3.92,1.34,5.26
48635,2015_2Q,2015,2015.25,KENRWA,KEN,RWA,Citibank,Bank,"at Branch,Call Center,On-line",2 days,48.0,yes,Nationwide,bank account,,8.33,1.25,9.58,3.33,1.25,4.58
48634,2015_2Q,2015,2015.25,KENRWA,KEN,RWA,ABC Bank,Money Transfer Operator,"at Branch,Call Center,On-line",Same day,12.0,yes,Nationwide,bank account,,9.17,0.72,9.89,3.67,0.72,4.39
48631,2015_2Q,2015,2015.25,KENRWA,KEN,RWA,Equatorial Commercial Bank,Bank,"at Branch,Call Center,On-line",Same day,12.0,yes,Nationwide,bank account,,9.16,0.97,10.13,3.66,0.97,4.63
48636,2015_2Q,2015,2015.25,KENRWA,KEN,RWA,GT Bank,Bank,"at Branch,Call Center,On-line",Same day,12.0,yes,Nationwide,bank account,,9.17,1.44,10.61,3.6700000000000004,1.44,5.11
48632,2015_2Q,2015,2015.25,KENRWA,KEN,RWA,United Bank for Africa (UBA),Bank,"at Branch,Call Center,On-line",2 days,48.0,yes,Nationwide,bank account,,9.17,1.72,10.89,3.67,1.72,5.39
48630,2015_2Q,2015,2015.25,KENRWA,KEN,RWA,Development Bank of Kenya,Bank,"at Branch,Call Center,On-line",Same day,12.0,yes,Nationwide,bank account,,11.11,1.06,12.17,4.449999999999999,1.06,5.51
48633,2015_2Q,2015,2015.25,KENRWA,KEN,RWA,KCB,Bank,"at Branch,Call Center,On-line",2 days,48.0,yes,Nationwide,bank account,,12.23,0.68,12.91,4.890000000000001,0.68,5.57
48650,2015_2Q,2015,2015.25,KENUGA,KEN,UGA,MoneyGram,Money Transfer Operator,at Branch,Less than one hour,0.5,yes,Nationwide,cash,,1.7499999999999998,1.82,3.57,1.7499999999999998,1.82,3.57
48647,2015_2Q,2015,2015.25,KENUGA,KEN,UGA,Ecobank,Bank,at Branch,Same day,12.0,yes,Major cities,cash,,2.5,2.0,4.5,2.5599999999999996,2.0,4.56
48651,2015_2Q,2015,2015.25,KENUGA,KEN,UGA,Western Union,Money Transfer Operator,at Branch,Less than one hour,0.5,yes,Nationwide,cash,,3.45,1.34,4.79,2.76,1.34,4.1
48648,2015_2Q,2015,2015.25,KENUGA,KEN,UGA,UBA Africash,Bank,at Branch,Same day,12.0,yes,Major cities,cash,,3.17,1.72,4.89,2.17,1.72,3.89
48646,2015_2Q,2015,2015.25,KENUGA,KEN,UGA,Citibank,Bank,"at Branch,Call Center,On-line",2 days,48.0,yes,Nationwide,bank account,,8.33,1.25,9.58,3.33,1.25,4.58
48645,2015_2Q,2015,2015.25,KENUGA,KEN,UGA,ABC Bank,Money Transfer Operator,"at Branch,Call Center,On-line",2 days,48.0,yes,Nationwide,bank account,,9.17,0.72,9.89,3.67,0.72,4.39
48642,2015_2Q,2015,2015.25,KENUGA,KEN,UGA,Equatorial Commercial Bank,Bank,"at Branch,Call Center,On-line",Same day,12.0,yes,Nationwide,bank account,,9.16,0.97,10.13,3.66,0.97,4.63
48640,2015_2Q,2015,2015.25,KENUGA,KEN,UGA,GT Bank,Bank,"at Branch,Call Center,On-line",Same day,12.0,yes,Major cities,bank account,,9.17,1.44,10.61,3.6700000000000004,1.44,5.11
48649,2015_2Q,2015,2015.25,KENUGA,KEN,UGA,Posta Kenya,Post office,at Branch,3-5 days,96.0,yes,Nationwide,cash,,9.66,0.97,10.63,6.44,0.97,7.41
48643,2015_2Q,2015,2015.25,KENUGA,KEN,UGA,United Bank for Africa (UBA),Bank,"at Branch,Call Center,On-line",2 days,48.0,yes,Nationwide,bank account,,9.17,1.72,10.89,3.67,1.72,5.39
48641,2015_2Q,2015,2015.25,KENUGA,KEN,UGA,Development Bank of Kenya,Bank,"at Branch,Call Center,On-line",2 days,48.0,yes,Nationwide,bank account,,11.11,1.06,12.17,4.449999999999999,1.06,5.51
48644,2015_2Q,2015,2015.25,KENUGA,KEN,UGA,KCB,Bank,"at Branch,Call Center,On-line",2 days,48.0,yes,Nationwide,bank account,,12.23,0.68,12.91,4.890000000000001,0.68,5.57
49266,2015_2Q,2015,2015.25,TZAKEN,TZA,KEN,UBA Africash,Bank,at Branch,Same day,12.0,yes,Major cities,cash,,3.3499999999999996,0.99,4.34,2.24,0.99,3.23
49268,2015_2Q,2015,2015.25,TZAKEN,TZA,KEN,MoneyGram,Money Transfer Operator,at Branch,Less than one hour,0.5,yes,Nationwide,cash,,5.390000000000001,0.09,5.48,4.62,0.09,4.71
49267,2015_2Q,2015,2015.25,TZAKEN,TZA,KEN,Western Union,Money Transfer Operator,at Branch,Less than one hour,0.5,yes,Nationwide,cash,,5.3500000000000005,1.39,6.74,3.67,1.39,5.06
49269,2015_2Q,2015,2015.25,TZAKEN,TZA,KEN,Tanzania Postal Corporation,Post office,at Branch,Next day,24.0,yes,Nationwide,cash,,7.3999999999999995,0.4,7.8,5.92,0.4,6.32
49262,2015_2Q,2015,2015.25,TZAKEN,TZA,KEN,KCB,Bank,"at Branch,Call Center",Less than one hour,0.5,yes,Nationwide,own/partner bank account,,10.0,0.6,10.6,3.9999999999999996,0.6,4.6
49270,2015_2Q,2015,2015.25,TZAKEN,TZA,KEN,M-Pesa,Mobile Operator,Call Center,Less than one hour,0.5,yes,Nationwide,"mobile, cash",,2.0600000000000005,10.68,12.74,1.1899999999999995,10.68,11.87
49263,2015_2Q,2015,2015.25,TZAKEN,TZA,KEN,KCB,Bank,"at Branch,Call Center",2 days,48.0,yes,Nationwide,bank account,,20.0,0.6,20.6,8.0,0.6,8.6
49264,2015_2Q,2015,2015.25,TZAKEN,TZA,KEN,NBC,Bank,"at Branch,Call Center",2 days,48.0,yes,Nationwide,bank account,,25.0,1.09,26.09,10.0,1.09,11.09
49265,2015_2Q,2015,2015.25,TZAKEN,TZA,KEN,Stanbic Bank,Bank,"at Branch,Call Center",Next day,24.0,yes,Nationwide,bank account,,27.5,0.86,28.36,11.0,0.86,11.86
49281,2015_2Q,2015,2015.25,TZARWA,TZA,RWA,UBA Africash,Bank,at Branch,Same day,12.0,yes,Major cities,cash,,3.3499999999999996,0.99,4.34,2.24,0.99,3.23
49278,2015_2Q,2015,2015.25,TZARWA,TZA,RWA,MoneyGram,Money Transfer Operator,at Branch,Less than one hour,0.5,yes,Nationwide,cash,,5.390000000000001,0.09,5.48,4.62,0.09,4.71
49279,2015_2Q,2015,2015.25,TZARWA,TZA,RWA,Western Union,Money Transfer Operator,at Branch,Less than one hour,0.5,yes,Nationwide,cash,,5.3500000000000005,1.39,6.74,3.67,1.39,5.06
49280,2015_2Q,2015,2015.25,TZARWA,TZA,RWA,Tanzania Postal Corporation,Post office,at Branch,Next day,24.0,yes,Nationwide,cash,,7.3999999999999995,0.4,7.8,5.92,0.4,6.32
49271,2015_2Q,2015,2015.25,TZARWA,TZA,RWA,KCB,Bank,"at Branch,Call Center",Same day,12.0,yes,Major cities,own/partner bank account,,10.0,0.6,10.6,3.9999999999999996,0.6,4.6
49272,2015_2Q,2015,2015.25,TZARWA,TZA,RWA,Barclays,Bank,"at Branch,Call Center",Next day,24.0,yes,Nationwide,bank account,,15.0,0.8,15.8,6.0,0.8,6.8
49273,2015_2Q,2015,2015.25,TZARWA,TZA,RWA,KCB,Bank,"at Branch,Call Center",2 days,48.0,yes,Nationwide,bank account,,20.0,0.6,20.6,8.0,0.6,8.6
49275,2015_2Q,2015,2015.25,TZARWA,TZA,RWA,NMB (National Microfinance Bank),Non-Bank FI,"at Branch,Call Center",3-5 days,96.0,yes,Nationwide,bank account,,25.0,0.99,25.99,10.0,0.99,10.99
49274,2015_2Q,2015,2015.25,TZARWA,TZA,RWA,NBC,Bank,"at Branch,Call Center",3-5 days,96.0,yes,Nationwide,bank account,,25.0,1.09,26.09,10.0,1.09,11.09
49277,2015_2Q,2015,2015.25,TZARWA,TZA,RWA,Stanbic Bank,Bank,"at Branch,Call Center",2 days,48.0,yes,Nationwide,bank account,,27.5,0.86,28.36,11.0,0.86,11.86
49276,2015_2Q,2015,2015.25,TZARWA,TZA,RWA,CRDB Bank,Bank,"at Branch,Call Center",2 days,48.0,yes,Nationwide,bank account,,30.0,0.99,30.99,12.0,0.99,12.99
49292,2015_2Q,2015,2015.25,TZAUGA,TZA,UGA,UBA Africash,Bank,at Branch,Same day,12.0,yes,Major cities,cash,,3.3499999999999996,0.99,4.34,0.010000000000000009,0.99,1.0
49289,2015_2Q,2015,2015.25,TZAUGA,TZA,UGA,MoneyGram,Money Transfer Operator,at Branch,Less than one hour,0.5,yes,Nationwide,cash,,5.390000000000001,0.09,5.48,4.62,0.09,4.71
49290,2015_2Q,2015,2015.25,TZAUGA,TZA,UGA,Western Union,Money Transfer Operator,at Branch,Less than one hour,0.5,yes,Nationwide,cash,,5.3500000000000005,1.39,6.74,3.67,1.39,5.06
49291,2015_2Q,2015,2015.25,TZAUGA,TZA,UGA,Tanzania Postal Corporation,Post office,at Branch,Less than one hour,0.5,yes,Nationwide,cash,,7.3999999999999995,0.4,7.8,2.24,0.4,2.64
49282,2015_2Q,2015,2015.25,TZAUGA,TZA,UGA,KCB,Bank,"at Branch,Call Center",Same day,12.0,yes,Major cities,own/partner bank account,,10.0,0.6,10.6,3.9999999999999996,0.6,4.6
49283,2015_2Q,2015,2015.25,TZAUGA,TZA,UGA,Barclays,Bank,"at Branch,Call Center",Next day,24.0,yes,Nationwide,bank account,,15.0,0.8,15.8,6.0,0.8,6.8
49284,2015_2Q,2015,2015.25,TZAUGA,TZA,UGA,KCB,Bank,"at Branch,Call Center",2 days,48.0,yes,Nationwide,bank account,,20.0,0.6,20.6,8.0,0.6,8.6
49286,2015_2Q,2015,2015.25,TZAUGA,TZA,UGA,NMB (National Microfinance Bank),Non-Bank FI,"at Branch,Call Center",3-5 days,96.0,yes,Nationwide,bank account,,25.0,0.99,25.99,10.0,0.99,10.99
49285,2015_2Q,2015,2015.25,TZAUGA,TZA,UGA,NBC,Bank,"at Branch,Call Center",3-5 days,96.0,yes,Nationwide,bank account,,25.0,1.09,26.09,10.0,1.09,11.09
49288,2015_2Q,2015,2015.25,TZAUGA,TZA,UGA,Stanbic Bank,Bank,"at Branch,Call Center",2 days,48.0,yes,Nationwide,bank account,,27.5,0.86,28.36,11.0,0.86,11.86
49287,2015_2Q,2015,2015.25,TZAUGA,TZA,UGA,CRDB Bank,Bank,"at Branch,Call Center",2 days,48.0,yes,Nationwide,bank account,,30.0,0.99,30.99,12.0,0.99,12.99
50861,2015_3Q,2015,2015.5,KENRWA,KEN,RWA,MoneyGram,Money Transfer Operator,at Branch,Less than one hour,0.5,yes,Main city,cash,,2.2,1.93,4.13,2.2,1.93,4.13
50862,2015_3Q,2015,2015.5,KENRWA,KEN,RWA,Western Union,Money Transfer Operator,at Branch,Less than one hour,0.5,yes,Nationwide,cash,,7.33,1.93,9.26,5.86,1.93,7.79
50863,2015_3Q,2015,2015.5,KENRWA,KEN,RWA,Citibank,Bank,"at Branch,Call Center,On-line",Next day,24.0,yes,Nationwide,bank account,,10.0,0.08,10.08,4.0,0.08,4.08
50864,2015_3Q,2015,2015.5,KENRWA,KEN,RWA,ABC Bank,Money Transfer Operator,"at Branch,Call Center,On-line",Next day,24.0,yes,Nationwide,bank account,,9.17,1.25,10.42,3.67,1.25,4.92
50865,2015_3Q,2015,2015.5,KENRWA,KEN,RWA,GT Bank,Bank,"at Branch,Call Center,On-line",Next day,24.0,yes,Nationwide,bank account,,9.17,1.58,10.75,3.67,1.58,5.25
50866,2015_3Q,2015,2015.5,KENRWA,KEN,RWA,United Bank for Africa (UBA),Bank,"at Branch,Call Center,On-line",Next day,24.0,yes,Nationwide,bank account,,9.17,1.72,10.89,3.67,1.72,5.39
50867,2015_3Q,2015,2015.5,KENRWA,KEN,RWA,Equatorial Commercial Bank,Bank,"at Branch,Call Center,On-line",Next day,24.0,yes,Nationwide,bank account,,9.170000000000002,1.96,11.13,3.67,1.96,5.63
50868,2015_3Q,2015,2015.5,KENRWA,KEN,RWA,Development Bank of Kenya,Bank,"at Branch,Call Center,On-line",Next day,24.0,yes,Nationwide,bank account,,11.399999999999999,1.54,12.94,4.74,1.54,6.28
50869,2015_3Q,2015,2015.5,KENRWA,KEN,RWA,KCB,Bank,"at Branch,Call Center,On-line",Next day,24.0,yes,Nationwide,bank account,,12.219999999999999,3.86,16.08,4.890000000000001,3.86,8.75
50870,2015_3Q,2015,2015.5,KENRWA,KEN,RWA,Ecobank,Bank,at Branch,Next day,24.0,yes,Major cities,cash,,14.999999999999998,2.97,17.97,6.0,2.97,8.97
50871,2015_3Q,2015,2015.5,KENUGA,KEN,UGA,MoneyGram,Money Transfer Operator,at Branch,Less than one hour,0.5,yes,Nationwide,cash,,1.7500000000000002,1.93,3.68,2.2,1.93,4.13
50872,2015_3Q,2015,2015.5,KENUGA,KEN,UGA,UBA Africash,Bank,at Branch,Less than one hour,0.5,yes,Major cities,cash,,2.8600000000000003,1.72,4.58,1.8499999999999999,1.72,3.57
50873,2015_3Q,2015,2015.5,KENUGA,KEN,UGA,Western Union,Money Transfer Operator,at Branch,Less than one hour,0.5,yes,Nationwide,cash,,7.33,1.93,9.26,5.86,1.93,7.79
50874,2015_3Q,2015,2015.5,KENUGA,KEN,UGA,Citibank,Bank,"at Branch,Call Center,On-line",Next day,24.0,yes,Nationwide,bank account,,10.0,0.08,10.08,4.0,0.08,4.08
50875,2015_3Q,2015,2015.5,KENUGA,KEN,UGA,ABC Bank,Money Transfer Operator,"at Branch,Call Center,On-line",Next day,24.0,yes,Nationwide,bank account,,9.17,1.25,10.42,3.67,1.25,4.92
50876,2015_3Q,2015,2015.5,KENUGA,KEN,UGA,GT Bank,Bank,"at Branch,Call Center,On-line",Next day,24.0,yes,Major cities,bank account,,9.17,1.58,10.75,3.67,1.58,5.25
50877,2015_3Q,2015,2015.5,KENUGA,KEN,UGA,United Bank for Africa (UBA),Bank,"at Branch,Call Center,On-line",Next day,24.0,yes,Nationwide,bank account,,9.17,1.72,10.89,3.67,1.72,5.39
50878,2015_3Q,2015,2015.5,KENUGA,KEN,UGA,Equatorial Commercial Bank,Bank,"at Branch,Call Center,On-line",Next day,24.0,yes,Nationwide,bank account,,9.170000000000002,1.96,11.13,3.67,1.96,5.63
50879,2015_3Q,2015,2015.5,KENUGA,KEN,UGA,Posta Kenya,Post office,at Branch,2 days,48.0,yes,Nationwide,cash,,9.66,1.88,11.54,6.44,1.88,8.32
50880,2015_3Q,2015,2015.5,KENUGA,KEN,UGA,Development Bank of Kenya,Bank,"at Branch,Call Center,On-line",Next day,24.0,yes,Nationwide,bank account,,11.399999999999999,1.54,12.94,4.74,1.54,6.28
50881,2015_3Q,2015,2015.5,KENUGA,KEN,UGA,KCB,Bank,"at Branch,Call Center,On-line",Next day,24.0,yes,Nationwide,bank account,,12.219999999999999,3.86,16.08,4.890000000000001,3.86,8.75
50882,2015_3Q,2015,2015.5,KENUGA,KEN,UGA,Ecobank,Bank,at Branch,Same day,12.0,yes,Major cities,cash,,14.999999999999998,2.97,17.97,6.0,2.97,8.97
51680,2015_3Q,2015,2015.5,TZAKEN,TZA,KEN,M-Pesa,Mobile Operator,Call Center,Less than one hour,0.5,yes,Nationwide,"mobile, cash",,2.0599999999999996,1.61,3.67,1.1899999999999997,1.61,2.8
51681,2015_3Q,2015,2015.5,TZAKEN,TZA,KEN,UBA Africash,Bank,at Branch,Same day,12.0,yes,Major cities,cash,,3.3400000000000003,2.14,5.48,2.2399999999999998,2.14,4.38
51682,2015_3Q,2015,2015.5,TZAKEN,TZA,KEN,Western Union,Money Transfer Operator,at Branch,Less than one hour,0.5,yes,Nationwide,cash,,5.35,1.5,6.85,3.67,1.5,5.17
51683,2015_3Q,2015,2015.5,TZAKEN,TZA,KEN,MoneyGram,Money Transfer Operator,at Branch,Less than one hour,0.5,yes,Nationwide,cash,,5.39,1.82,7.21,4.62,1.82,6.44
51684,2015_3Q,2015,2015.5,TZAKEN,TZA,KEN,Tanzania Postal Corporation,Post office,at Branch,Next day,24.0,yes,Nationwide,cash,,7.390000000000001,1.93,9.32,5.91,1.93,7.84
51685,2015_3Q,2015,2015.5,TZAKEN,TZA,KEN,KCB,Bank,"at Branch,Call Center",Less than one hour,0.5,yes,Nationwide,own/partner bank account,,10.0,1.5,11.5,4.0,1.5,5.5
51686,2015_3Q,2015,2015.5,TZAKEN,TZA,KEN,KCB,Bank,"at Branch,Call Center",Next day,24.0,yes,Nationwide,bank account,,20.0,1.5,21.5,8.0,1.5,9.5
51687,2015_3Q,2015,2015.5,TZAKEN,TZA,KEN,NBC,Bank,"at Branch,Call Center",Next day,24.0,yes,Nationwide,bank account,,25.0,1.76,26.76,10.0,1.76,11.76
51688,2015_3Q,2015,2015.5,TZAKEN,TZA,KEN,Stanbic Bank,Bank,"at Branch,Call Center",Next day,24.0,yes,Nationwide,bank account,,27.5,1.08,28.58,11.0,1.08,12.08
51689,2015_3Q,2015,2015.5,TZARWA,TZA,RWA,UBA Africash,Bank,at Branch,Same day,12.0,yes,Major cities,cash,,3.3400000000000003,2.14,5.48,2.2399999999999998,2.14,4.38
51690,2015_3Q,2015,2015.5,TZARWA,TZA,RWA,Western Union,Money Transfer Operator,at Branch,Less than one hour,0.5,yes,Nationwide,cash,,5.44,1.5,6.94,3.67,1.5,5.17
51691,2015_3Q,2015,2015.5,TZARWA,TZA,RWA,MoneyGram,Money Transfer Operator,at Branch,Less than one hour,0.5,yes,Nationwide,cash,,5.39,1.82,7.21,4.62,1.82,6.44
51692,2015_3Q,2015,2015.5,TZARWA,TZA,RWA,Tanzania Postal Corporation,Post office,at Branch,Next day,24.0,yes,Nationwide,cash,,7.390000000000001,1.93,9.32,5.91,1.93,7.84
51693,2015_3Q,2015,2015.5,TZARWA,TZA,RWA,KCB,Bank,"at Branch,Call Center",Same day,12.0,yes,Major cities,own/partner bank account,,10.0,1.5,11.5,4.0,1.5,5.5
51694,2015_3Q,2015,2015.5,TZARWA,TZA,RWA,Barclays,Bank,"at Branch,Call Center",Next day,24.0,yes,Nationwide,bank account,,15.0,0.87,15.87,6.0,0.87,6.87
51695,2015_3Q,2015,2015.5,TZARWA,TZA,RWA,KCB,Bank,"at Branch,Call Center",Next day,24.0,yes,Nationwide,bank account,,20.0,1.5,21.5,8.0,1.5,9.5
51696,2015_3Q,2015,2015.5,TZARWA,TZA,RWA,NMB (National Microfinance Bank),Non-Bank FI,"at Branch,Call Center",Next day,24.0,yes,Nationwide,bank account,,25.0,0.87,25.87,10.0,0.87,10.87
51697,2015_3Q,2015,2015.5,TZARWA,TZA,RWA,NBC,Bank,"at Branch,Call Center",Next day,24.0,yes,Nationwide,bank account,,25.0,1.76,26.76,10.0,1.76,11.76
51698,2015_3Q,2015,2015.5,TZARWA,TZA,RWA,Stanbic Bank,Bank,"at Branch,Call Center",Next day,24.0,yes,Nationwide,bank account,,27.5,1.08,28.58,11.0,1.08,12.08
51699,2015_3Q,2015,2015.5,TZARWA,TZA,RWA,CRDB Bank,Bank,"at Branch,Call Center",Next day,24.0,yes,Nationwide,bank account,,30.0,1.08,31.08,12.0,1.08,13.08
51700,2015_3Q,2015,2015.5,TZAUGA,TZA,UGA,UBA Africash,Bank,at Branch,Same day,12.0,yes,Major cities,cash,,3.3400000000000003,2.14,5.48,0.0,2.14,2.14
51701,2015_3Q,2015,2015.5,TZAUGA,TZA,UGA,Western Union,Money Transfer Operator,at Branch,Less than one hour,0.5,yes,Nationwide,cash,,5.35,1.5,6.85,3.67,1.5,5.17
51702,2015_3Q,2015,2015.5,TZAUGA,TZA,UGA,MoneyGram,Money Transfer Operator,at Branch,Less than one hour,0.5,yes,Nationwide,cash,,5.39,1.82,7.21,4.62,1.82,6.44
51703,2015_3Q,2015,2015.5,TZAUGA,TZA,UGA,Tanzania Postal Corporation,Post office,at Branch,Less than one hour,0.5,yes,Nationwide,cash,,7.390000000000001,1.93,9.32,2.2300000000000004,1.93,4.16
51704,2015_3Q,2015,2015.5,TZAUGA,TZA,UGA,KCB,Bank,"at Branch,Call Center",Same day,12.0,yes,Major cities,own/partner bank account,,10.0,1.5,11.5,4.0,1.5,5.5
51705,2015_3Q,2015,2015.5,TZAUGA,TZA,UGA,Barclays,Bank,"at Branch,Call Center",Next day,24.0,yes,Nationwide,bank account,,15.0,0.87,15.87,6.0,0.87,6.87
51706,2015_3Q,2015,2015.5,TZAUGA,TZA,UGA,KCB,Bank,"at Branch,Call Center",Next day,24.0,yes,Nationwide,bank account,,20.0,1.5,21.5,8.0,1.5,9.5
51707,2015_3Q,2015,2015.5,TZAUGA,TZA,UGA,NMB (National Microfinance Bank),Non-Bank FI,"at Branch,Call Center",Next day,24.0,yes,Nationwide,bank account,,25.0,0.87,25.87,10.0,0.87,10.87
51708,2015_3Q,2015,2015.5,TZAUGA,TZA,UGA,NBC,Bank,"at Branch,Call Center",Next day,24.0,yes,Nationwide,bank account,,25.0,1.76,26.76,10.0,1.76,11.76
51709,2015_3Q,2015,2015.5,TZAUGA,TZA,UGA,Stanbic Bank,Bank,"at Branch,Call Center",Next day,24.0,yes,Nationwide,bank account,,27.5,1.08,28.58,11.0,1.08,12.08
51710,2015_3Q,2015,2015.5,TZAUGA,TZA,UGA,CRDB Bank,Bank,"at Branch,Call Center",Next day,24.0,yes,Nationwide,bank account,,30.0,1.08,31.08,12.0,1.08,13.08
52792,2015_4Q,2015,2015.75,TZAKEN,TZA,KEN,KCB,Bank,"at Branch,Call Center",Less than one hour,0.5,yes,Nationwide,own/partner bank account,,10.0,1.08,11.08,4.0,1.08,5.08
52793,2015_4Q,2015,2015.75,TZAKEN,TZA,KEN,KCB,Bank,"at Branch,Call Center",Next day,24.0,yes,Nationwide,bank account,,20.0,1.08,21.08,8.0,1.08,9.08
53545,2015_4Q,2015,2015.75,KENRWA,KEN,RWA,Development Bank of Kenya,Bank,"at Branch,Call Center,On-line",Next day,24.0,yes,Nationwide,bank account,,11.4,0.86,12.26,4.739999999999999,0.86,5.6
53546,2015_4Q,2015,2015.75,KENRWA,KEN,RWA,Equatorial Commercial Bank,Bank,"at Branch,Call Center,On-line",Next day,24.0,yes,Nationwide,bank account,,9.17,1.33,10.5,3.67,1.33,5.0
53547,2015_4Q,2015,2015.75,KENRWA,KEN,RWA,United Bank for Africa (UBA),Bank,"at Branch,Call Center,On-line",Next day,24.0,yes,Nationwide,bank account,,9.16,1.29,10.45,3.66,1.29,4.95
53548,2015_4Q,2015,2015.75,KENRWA,KEN,RWA,KCB,Bank,"at Branch,Call Center,On-line",Next day,24.0,yes,Nationwide,bank account,,12.22,1.43,13.65,4.890000000000001,1.43,6.32
53549,2015_4Q,2015,2015.75,KENRWA,KEN,RWA,ABC Bank,Money Transfer Operator,"at Branch,Call Center,On-line",Next day,24.0,yes,Nationwide,bank account,,9.16,0.86,10.02,3.6599999999999997,0.86,4.52
53550,2015_4Q,2015,2015.75,KENRWA,KEN,RWA,Citibank,Bank,"at Branch,Call Center,On-line",Next day,24.0,yes,Nationwide,bank account,,10.0,1.24,11.24,4.0,1.24,5.24
53551,2015_4Q,2015,2015.75,KENRWA,KEN,RWA,GT Bank,Bank,"at Branch,Call Center,On-line",Next day,24.0,yes,Nationwide,bank account,,9.17,1.19,10.36,3.6700000000000004,1.19,4.86
53552,2015_4Q,2015,2015.75,KENRWA,KEN,RWA,MoneyGram,Money Transfer Operator,at Branch,Less than one hour,0.5,yes,Nationwide,cash,,2.2,1.41,3.61,2.2,1.41,3.61
53553,2015_4Q,2015,2015.75,KENRWA,KEN,RWA,Ecobank,Bank,at Branch,Next day,24.0,yes,Major cities,cash,,15.0,0.9,15.9,6.0,0.9,6.9
53554,2015_4Q,2015,2015.75,KENRWA,KEN,RWA,Western Union,Money Transfer Operator,at Branch,Less than one hour,0.5,yes,Nationwide,cash,,7.33,1.41,8.74,5.87,1.41,7.28
53555,2015_4Q,2015,2015.75,KENUGA,KEN,UGA,GT Bank,Bank,"at Branch,Call Center,On-line",Next day,24.0,yes,Major cities,bank account,,9.17,1.33,10.5,3.6700000000000004,1.19,4.86
53556,2015_4Q,2015,2015.75,KENUGA,KEN,UGA,Development Bank of Kenya,Bank,"at Branch,Call Center,On-line",Next day,24.0,yes,Nationwide,bank account,,11.4,1.24,12.64,4.56,0.86,5.42
53557,2015_4Q,2015,2015.75,KENUGA,KEN,UGA,Equatorial Commercial Bank,Bank,"at Branch,Call Center,On-line",Next day,24.0,yes,Nationwide,bank account,,9.17,0.9,10.07,3.67,1.33,5.0
53558,2015_4Q,2015,2015.75,KENUGA,KEN,UGA,United Bank for Africa (UBA),Bank,"at Branch,Call Center,On-line",Next day,24.0,yes,Nationwide,bank account,,9.16,1.29,10.45,3.67,0.88,4.55
53559,2015_4Q,2015,2015.75,KENUGA,KEN,UGA,KCB,Bank,"at Branch,Call Center,On-line",Next day,24.0,yes,Nationwide,bank account,,12.22,1.19,13.41,4.890000000000001,1.43,6.32
53560,2015_4Q,2015,2015.75,KENUGA,KEN,UGA,ABC Bank,Money Transfer Operator,"at Branch,Call Center,On-line",Next day,24.0,yes,Nationwide,bank account,,9.17,1.33,10.5,3.6599999999999997,0.86,4.52
53561,2015_4Q,2015,2015.75,KENUGA,KEN,UGA,Citibank,Bank,"at Branch,Call Center,On-line",Next day,24.0,yes,Nationwide,bank account,,10.0,1.26,11.26,4.0,1.24,5.24
53562,2015_4Q,2015,2015.75,KENUGA,KEN,UGA,Ecobank,Bank,at Branch,Same day,12.0,yes,Major cities,cash,,15.0,0.86,15.86,6.0,0.9,6.9
53563,2015_4Q,2015,2015.75,KENUGA,KEN,UGA,UBA Africash,Bank,at Branch,Less than one hour,0.5,yes,Major cities,cash,,2.8499999999999996,1.29,4.14,1.85,1.29,3.14
53564,2015_4Q,2015,2015.75,KENUGA,KEN,UGA,Posta Kenya,Post office,at Branch,2 days,48.0,yes,Nationwide,cash,,9.670000000000002,1.71,11.38,6.45,1.71,8.16
53565,2015_4Q,2015,2015.75,KENUGA,KEN,UGA,MoneyGram,Money Transfer Operator,at Branch,Less than one hour,0.5,yes,Nationwide,cash,,2.2,1.43,3.63,2.2,1.41,3.61
53566,2015_4Q,2015,2015.75,KENUGA,KEN,UGA,Western Union,Money Transfer Operator,at Branch,Less than one hour,0.5,yes,Nationwide,cash,,7.33,1.41,8.74,5.87,1.41,7.28
53915,2015_4Q,2015,2015.75,TZAKEN,TZA,KEN,NBC,Bank,"at Branch,Call Center",Next day,24.0,yes,Nationwide,bank account,,25.0,1.18,26.18,10.0,1.18,11.18
53916,2015_4Q,2015,2015.75,TZAKEN,TZA,KEN,Stanbic Bank,Bank,"at Branch,Call Center",Next day,24.0,yes,Nationwide,bank account,,27.5,1.55,29.05,11.0,1.55,12.55
53917,2015_4Q,2015,2015.75,TZAKEN,TZA,KEN,UBA Africash,Bank,at Branch,Same day,12.0,yes,Major cities,cash,,3.3400000000000003,1.4,4.74,2.24,1.4,3.64
53918,2015_4Q,2015,2015.75,TZAKEN,TZA,KEN,Western Union,Money Transfer Operator,at Branch,Less than one hour,0.5,yes,Nationwide,cash,,5.4399999999999995,1.83,7.27,3.67,1.83,5.5
53919,2015_4Q,2015,2015.75,TZAKEN,TZA,KEN,MoneyGram,Money Transfer Operator,at Branch,Less than one hour,0.5,yes,Nationwide,cash,,5.390000000000001,1.51,6.9,4.62,1.51,6.13
53920,2015_4Q,2015,2015.75,TZAKEN,TZA,KEN,Tanzania Postal Corporation,Post office,at Branch,Next day,24.0,yes,Nationwide,cash,,7.3999999999999995,1.14,8.54,5.92,1.14,7.06
53921,2015_4Q,2015,2015.75,TZARWA,TZA,RWA,KCB,Bank,"at Branch,Call Center",Same day,12.0,yes,Major cities,own/partner bank account,,10.0,1.08,11.08,4.0,1.08,5.08
53922,2015_4Q,2015,2015.75,TZARWA,TZA,RWA,Barclays,Bank,"at Branch,Call Center",Next day,24.0,yes,Nationwide,bank account,,17.5,1.38,18.88,7.000000000000001,1.38,8.38
53923,2015_4Q,2015,2015.75,TZARWA,TZA,RWA,KCB,Bank,"at Branch,Call Center",Next day,24.0,yes,Nationwide,bank account,,20.0,1.08,21.08,8.0,1.08,9.08
53924,2015_4Q,2015,2015.75,TZARWA,TZA,RWA,NBC,Bank,"at Branch,Call Center",Next day,24.0,yes,Nationwide,bank account,,25.0,1.18,26.18,10.0,1.18,11.18
53925,2015_4Q,2015,2015.75,TZARWA,TZA,RWA,NMB (National Microfinance Bank),Non-Bank FI,"at Branch,Call Center",Next day,24.0,yes,Nationwide,bank account,,25.0,1.55,26.55,10.0,1.55,11.55
53926,2015_4Q,2015,2015.75,TZARWA,TZA,RWA,CRDB Bank,Bank,"at Branch,Call Center",Next day,24.0,yes,Nationwide,bank account,,28.0,1.16,29.16,11.2,1.16,12.36
53927,2015_4Q,2015,2015.75,TZARWA,TZA,RWA,Stanbic Bank,Bank,"at Branch,Call Center",Next day,24.0,yes,Nationwide,bank account,,27.5,1.55,29.05,11.0,1.55,12.55
53928,2015_4Q,2015,2015.75,TZARWA,TZA,RWA,MoneyGram,Money Transfer Operator,at Branch,Less than one hour,0.5,yes,Nationwide,cash,,5.390000000000001,1.51,6.9,4.62,1.51,6.13
53929,2015_4Q,2015,2015.75,TZARWA,TZA,RWA,Western Union,Money Transfer Operator,at Branch,Less than one hour,0.5,yes,Nationwide,cash,,5.4399999999999995,1.83,7.27,3.67,1.83,5.5
53930,2015_4Q,2015,2015.75,TZARWA,TZA,RWA,Tanzania Postal Corporation,Post office,at Branch,Next day,24.0,yes,Nationwide,cash,,7.3999999999999995,1.14,8.54,5.92,1.14,7.06
53931,2015_4Q,2015,2015.75,TZAUGA,TZA,UGA,KCB,Bank,"at Branch,Call Center",Same day,12.0,yes,Major cities,own/partner bank account,,10.0,1.08,11.08,4.0,1.08,5.08
53932,2015_4Q,2015,2015.75,TZAUGA,TZA,UGA,Barclays,Bank,"at Branch,Call Center",Next day,24.0,yes,Nationwide,bank account,,17.5,1.38,18.88,7.000000000000001,1.38,8.38
53933,2015_4Q,2015,2015.75,TZAUGA,TZA,UGA,KCB,Bank,"at Branch,Call Center",Next day,24.0,yes,Nationwide,bank account,,20.0,1.08,21.08,8.0,1.08,9.08
53934,2015_4Q,2015,2015.75,TZAUGA,TZA,UGA,NBC,Bank,"at Branch,Call Center",Next day,24.0,yes,Nationwide,bank account,,25.0,1.18,26.18,10.0,1.18,11.18
53935,2015_4Q,2015,2015.75,TZAUGA,TZA,UGA,NMB (National Microfinance Bank),Non-Bank FI,"at Branch,Call Center",Next day,24.0,yes,Nationwide,bank account,,25.0,1.38,26.38,10.0,1.38,11.38
53936,2015_4Q,2015,2015.75,TZAUGA,TZA,UGA,CRDB Bank,Bank,"at Branch,Call Center",Next day,24.0,yes,Nationwide,bank account,,28.0,1.16,29.16,11.2,1.16,12.36
53937,2015_4Q,2015,2015.75,TZAUGA,TZA,UGA,Stanbic Bank,Bank,"at Branch,Call Center",Next day,24.0,yes,Nationwide,bank account,,27.5,1.55,29.05,11.0,1.55,12.55
53938,2015_4Q,2015,2015.75,TZAUGA,TZA,UGA,MoneyGram,Money Transfer Operator,at Branch,Less than one hour,0.5,yes,Nationwide,cash,,5.390000000000001,1.51,6.9,4.62,1.51,6.13
53939,2015_4Q,2015,2015.75,TZAUGA,TZA,UGA,Western Union,Money Transfer Operator,at Branch,Less than one hour,0.5,yes,Nationwide,cash,,5.4399999999999995,1.83,7.27,3.67,1.83,5.5
53940,2015_4Q,2015,2015.75,TZAUGA,TZA,UGA,Tanzania Postal Corporation,Post office,at Branch,Less than one hour,0.5,yes,Nationwide,cash,,7.3999999999999995,1.14,8.54,2.24,1.14,3.38
54164,2015_4Q,2015,2015.75,TZARWA,TZA,RWA,UBA Africash,Bank,at Branch,Same day,12.0,yes,Major cities,cash,,3.3400000000000003,1.4,4.74,2.24,1.4,3.64
54165,2015_4Q,2015,2015.75,TZAUGA,TZA,UGA,UBA Africash,Bank,at Branch,Same day,12.0,yes,Major cities,cash,,3.3400000000000003,1.4,4.74,0.0,1.4,1.4
55110,2015_4Q,2015,2015.75,TZAKEN,TZA,KEN,M-Pesa,Mobile Operator,on mobile phone,Less than one hour,0.5,yes,Nationwide,"cash, mobile",,2.07,1.29,3.36,1.19,1.29,2.48
55589,2015_4Q,2015,2015.75,KENTZA,KEN,TZA,ABC Bank,Money Transfer Operator,"at Branch,Call Center,On-line",Next day,24.0,yes,Nationwide,bank account,,9.16,0.86,10.02,3.6599999999999997,0.86,4.52
55590,2015_4Q,2015,2015.75,KENTZA,KEN,TZA,Citibank,Bank,"at Branch,Call Center,On-line",Next day,24.0,yes,Nationwide,bank account,,10.0,1.24,11.24,4.0,1.24,5.24
55591,2015_4Q,2015,2015.75,KENTZA,KEN,TZA,Development Bank of Kenya,Bank,"at Branch,Call Center,On-line",Next day,24.0,yes,Nationwide,bank account,,11.4,0.86,12.26,4.739999999999999,0.86,5.6
55592,2015_4Q,2015,2015.75,KENTZA,KEN,TZA,Ecobank,Bank,at Branch,Next day,24.0,yes,Major cities,cash,,15.0,0.9,15.9,6.0,0.9,6.9
55593,2015_4Q,2015,2015.75,KENTZA,KEN,TZA,Equatorial Commercial Bank,Bank,"at Branch,Call Center,On-line",Next day,24.0,yes,Nationwide,bank account,,9.17,1.33,10.5,3.67,1.2,4.87
55594,2015_4Q,2015,2015.75,KENTZA,KEN,TZA,GT Bank,Bank,"at Branch,Call Center,On-line",Next day,24.0,yes,Nationwide,bank account,,9.17,1.19,10.36,3.6700000000000004,1.19,4.86
55595,2015_4Q,2015,2015.75,KENTZA,KEN,TZA,KCB,Bank,"at Branch,Call Center,On-line",Next day,24.0,yes,Nationwide,bank account,,12.22,1.43,13.65,4.890000000000001,1.43,6.32
55596,2015_4Q,2015,2015.75,KENTZA,KEN,TZA,MoneyGram,Money Transfer Operator,at Branch,Less than one hour,0.5,yes,Nationwide,cash,,2.2,1.41,3.61,2.2,1.41,3.61
55597,2015_4Q,2015,2015.75,KENTZA,KEN,TZA,Posta Kenya,Post office,at Branch,2 days,48.0,yes,Nationwide,cash,,9.670000000000002,1.71,11.38,6.45,1.71,8.16
55598,2015_4Q,2015,2015.75,KENTZA,KEN,TZA,UBA Africash,Bank,at Branch,Less than one hour,0.5,yes,Major cities,cash,,2.8499999999999996,1.29,4.14,1.85,1.29,3.14
55599,2015_4Q,2015,2015.75,KENTZA,KEN,TZA,United Bank for Africa (UBA),Bank,"at Branch,Call Center,On-line",Next day,24.0,yes,Nationwide,bank account,,9.16,1.29,10.45,3.66,1.29,4.95
55600,2015_4Q,2015,2015.75,KENTZA,KEN,TZA,Western Union,Money Transfer Operator,at Branch,Less than one hour,0.5,yes,Nationwide,cash,,7.33,1.41,8.74,5.87,1.41,7.28
57936,2016_1Q,2016,2016.0,KENRWA,KEN,RWA,ABC Bank,Money Transfer Operator,"at Branch,Call Center,On-line",Next day,24.0,yes,Nationwide,bank account,,9.170000000000002,1.13,10.3,3.67,1.13,4.8
57937,2016_1Q,2016,2016.0,KENRWA,KEN,RWA,GT Bank,Bank,"at Branch,Call Center,On-line",Next day,24.0,yes,Nationwide,bank account,,9.170000000000002,1.13,10.3,3.67,1.13,4.8
57938,2016_1Q,2016,2016.0,KENRWA,KEN,RWA,Equatorial Commercial Bank,Bank,"at Branch,Call Center,On-line",Next day,24.0,yes,Nationwide,bank account,,9.17,1.34,10.51,3.67,1.34,5.01
57939,2016_1Q,2016,2016.0,KENRWA,KEN,RWA,MoneyGram,Money Transfer Operator,at Branch,Less than one hour,0.5,yes,Nationwide,cash,,2.2,1.44,3.64,2.2,1.44,3.64
57940,2016_1Q,2016,2016.0,KENRWA,KEN,RWA,Western Union,Money Transfer Operator,at Branch,Less than one hour,0.5,yes,Nationwide,cash,,7.33,1.44,8.77,5.869999999999999,1.44,7.31
57941,2016_1Q,2016,2016.0,KENRWA,KEN,RWA,Development Bank of Kenya,Bank,"at Branch,Call Center,On-line",Next day,24.0,yes,Nationwide,bank account,,11.41,1.54,12.95,4.74,1.54,6.28
57942,2016_1Q,2016,2016.0,KENRWA,KEN,RWA,United Bank for Africa (UBA),Bank,"at Branch,Call Center,On-line",Next day,24.0,yes,Nationwide,bank account,,9.170000000000002,1.54,10.71,3.67,1.54,5.21
57943,2016_1Q,2016,2016.0,KENRWA,KEN,RWA,Citibank,Bank,"at Branch,Call Center,On-line",Next day,24.0,yes,Nationwide,bank account,,10.0,1.64,11.64,4.0,1.64,5.64
57944,2016_1Q,2016,2016.0,KENRWA,KEN,RWA,KCB,Bank,"at Branch,Call Center,On-line",Next day,24.0,yes,Nationwide,bank account,,12.22,1.95,14.17,4.89,1.95,6.84
57945,2016_1Q,2016,2016.0,KENRWA,KEN,RWA,Ecobank,Bank,at Branch,Next day,24.0,yes,Major cities,cash,,15.0,1.95,16.95,6.0,1.95,7.95
57946,2016_1Q,2016,2016.0,KENTZA,KEN,TZA,ABC Bank,Money Transfer Operator,"at Branch,Call Center,On-line",Next day,24.0,yes,Nationwide,bank account,,9.170000000000002,1.13,10.3,3.67,1.13,4.8
57947,2016_1Q,2016,2016.0,KENTZA,KEN,TZA,GT Bank,Bank,"at Branch,Call Center,On-line",Next day,24.0,yes,Nationwide,bank account,,9.170000000000002,1.13,10.3,3.67,1.13,4.8
57948,2016_1Q,2016,2016.0,KENTZA,KEN,TZA,Equatorial Commercial Bank,Bank,"at Branch,Call Center,On-line",Next day,24.0,yes,Nationwide,bank account,,9.17,1.34,10.51,3.67,1.34,5.01
57949,2016_1Q,2016,2016.0,KENTZA,KEN,TZA,MoneyGram,Money Transfer Operator,at Branch,Less than one hour,0.5,yes,Nationwide,cash,,2.2,1.44,3.64,2.2,1.44,3.64
57950,2016_1Q,2016,2016.0,KENTZA,KEN,TZA,Western Union,Money Transfer Operator,at Branch,Less than one hour,0.5,yes,Nationwide,cash,,7.33,1.44,8.77,5.869999999999999,1.44,7.31
57951,2016_1Q,2016,2016.0,KENTZA,KEN,TZA,Development Bank of Kenya,Bank,"at Branch,Call Center,On-line",Next day,24.0,yes,Nationwide,bank account,,11.41,1.54,12.95,4.74,1.54,6.28
57952,2016_1Q,2016,2016.0,KENTZA,KEN,TZA,UBA Africash,Bank,at Branch,Less than one hour,0.5,yes,Major cities,cash,,2.8600000000000003,1.54,4.4,1.8599999999999999,1.54,3.4
57953,2016_1Q,2016,2016.0,KENTZA,KEN,TZA,United Bank for Africa (UBA),Bank,"at Branch,Call Center,On-line",Next day,24.0,yes,Nationwide,bank account,,9.170000000000002,1.54,10.71,3.67,1.54,5.21
57954,2016_1Q,2016,2016.0,KENTZA,KEN,TZA,Citibank,Bank,"at Branch,Call Center,On-line",Next day,24.0,yes,Nationwide,bank account,,10.0,1.64,11.64,4.0,1.64,5.64
57955,2016_1Q,2016,2016.0,KENTZA,KEN,TZA,Posta Kenya,Post office,at Branch,2 days,48.0,yes,Nationwide,cash,,9.66,1.75,11.41,6.4399999999999995,1.75,8.19
57956,2016_1Q,2016,2016.0,KENTZA,KEN,TZA,Ecobank,Bank,at Branch,Next day,24.0,yes,Major cities,cash,,15.0,1.95,16.95,6.0,1.95,7.95
57957,2016_1Q,2016,2016.0,KENTZA,KEN,TZA,KCB,Bank,"at Branch,Call Center,On-line",Next day,24.0,yes,Nationwide,bank account,,12.22,1.95,14.17,4.89,1.95,6.84
57958,2016_1Q,2016,2016.0,KENUGA,KEN,UGA,GT Bank,Bank,"at Branch,Call Center,On-line",Next day,24.0,yes,Major cities,bank account,,9.170000000000002,1.13,10.3,3.67,1.13,4.8
57959,2016_1Q,2016,2016.0,KENUGA,KEN,UGA,ABC Bank,Money Transfer Operator,"at Branch,Call Center,On-line",Next day,24.0,yes,Nationwide,bank account,,9.170000000000002,1.13,10.3,3.67,1.13,4.8
57960,2016_1Q,2016,2016.0,KENUGA,KEN,UGA,Equatorial Commercial Bank,Bank,"at Branch,Call Center,On-line",Next day,24.0,yes,Nationwide,bank account,,9.17,1.34,10.51,3.67,1.34,5.01
57961,2016_1Q,2016,2016.0,KENUGA,KEN,UGA,MoneyGram,Money Transfer Operator,at Branch,Less than one hour,0.5,yes,Nationwide,cash,,2.2,1.44,3.64,2.2,1.44,3.64
57962,2016_1Q,2016,2016.0,KENUGA,KEN,UGA,Western Union,Money Transfer Operator,at Branch,Less than one hour,0.5,yes,Nationwide,cash,,7.33,1.44,8.77,5.869999999999999,1.44,7.31
57963,2016_1Q,2016,2016.0,KENUGA,KEN,UGA,Development Bank of Kenya,Bank,"at Branch,Call Center,On-line",Next day,24.0,yes,Nationwide,bank account,,11.41,1.54,12.95,4.56,1.54,6.1
57964,2016_1Q,2016,2016.0,KENUGA,KEN,UGA,United Bank for Africa (UBA),Bank,"at Branch,Call Center,On-line",Next day,24.0,yes,Nationwide,bank account,,9.170000000000002,1.54,10.71,3.67,1.54,5.21
57965,2016_1Q,2016,2016.0,KENUGA,KEN,UGA,UBA Africash,Bank,at Branch,Less than one hour,0.5,yes,Major cities,cash,,2.8600000000000003,1.54,4.4,1.8599999999999999,1.54,3.4
57966,2016_1Q,2016,2016.0,KENUGA,KEN,UGA,Citibank,Bank,"at Branch,Call Center,On-line",Next day,24.0,yes,Nationwide,bank account,,10.0,1.64,11.64,4.0,1.64,5.64
57967,2016_1Q,2016,2016.0,KENUGA,KEN,UGA,Posta Kenya,Post office,at Branch,2 days,48.0,yes,Nationwide,cash,,9.66,1.75,11.41,6.4399999999999995,1.75,8.19
57968,2016_1Q,2016,2016.0,KENUGA,KEN,UGA,KCB,Bank,"at Branch,Call Center,On-line",Next day,24.0,yes,Nationwide,bank account,,12.22,1.95,14.17,4.89,1.95,6.84
57969,2016_1Q,2016,2016.0,KENUGA,KEN,UGA,Ecobank,Bank,at Branch,Same day,12.0,yes,Major cities,cash,,15.0,1.95,16.95,6.0,1.95,7.95
58814,2016_1Q,2016,2016.0,TZAKEN,TZA,KEN,Western Union,Money Transfer Operator,at Branch,Less than one hour,0.5,yes,Nationwide,cash,,5.44,0.84,6.28,3.67,0.84,4.51
58815,2016_1Q,2016,2016.0,TZAKEN,TZA,KEN,MoneyGram,Money Transfer Operator,at Branch,Less than one hour,0.5,yes,Nationwide,cash,,5.390000000000001,0.84,6.23,4.62,0.84,5.46
58816,2016_1Q,2016,2016.0,TZAKEN,TZA,KEN,Stanbic Bank,Bank,"at Branch,Call Center",Next day,24.0,yes,Nationwide,bank account,,27.5,0.95,28.45,11.0,0.95,11.95
58817,2016_1Q,2016,2016.0,TZAKEN,TZA,KEN,KCB,Bank,"at Branch,Call Center",Less than one hour,0.5,yes,Nationwide,own/partner bank account,,10.0,1.17,11.17,4.0,1.17,5.17
58818,2016_1Q,2016,2016.0,TZAKEN,TZA,KEN,KCB,Bank,"at Branch,Call Center",Next day,24.0,yes,Nationwide,bank account,,20.0,1.17,21.17,8.0,1.17,9.17
58819,2016_1Q,2016,2016.0,TZAKEN,TZA,KEN,Tanzania Postal Corporation,Post office,at Branch,Next day,24.0,yes,Nationwide,cash,,7.390000000000001,1.17,8.56,5.91,1.17,7.08
58820,2016_1Q,2016,2016.0,TZAKEN,TZA,KEN,NBC,Bank,"at Branch,Call Center",Next day,24.0,yes,Nationwide,bank account,,25.0,1.6,26.6,10.0,1.6,11.6
58821,2016_1Q,2016,2016.0,TZAKEN,TZA,KEN,UBA Africash,Bank,at Branch,Same day,12.0,yes,Major cities,cash,,3.35,1.6,4.95,2.2399999999999998,1.6,3.84
58822,2016_1Q,2016,2016.0,TZAKEN,TZA,KEN,M-Pesa,Mobile Operator,on mobile phone,Less than one hour,0.5,yes,Nationwide,"cash, mobile",,2.0599999999999996,2.04,4.1,1.19,2.04,3.23
58823,2016_1Q,2016,2016.0,TZARWA,TZA,RWA,MoneyGram,Money Transfer Operator,at Branch,Less than one hour,0.5,yes,Nationwide,cash,,5.390000000000001,0.84,6.23,4.62,0.84,5.46
58824,2016_1Q,2016,2016.0,TZARWA,TZA,RWA,Western Union,Money Transfer Operator,at Branch,Less than one hour,0.5,yes,Nationwide,cash,,5.44,0.84,6.28,3.67,0.84,4.51
58825,2016_1Q,2016,2016.0,TZARWA,TZA,RWA,CRDB Bank,Bank,"at Branch,Call Center",Next day,24.0,yes,Nationwide,bank account,,28.0,0.95,28.95,11.200000000000001,0.95,12.15
58826,2016_1Q,2016,2016.0,TZARWA,TZA,RWA,Stanbic Bank,Bank,"at Branch,Call Center",Next day,24.0,yes,Nationwide,bank account,,27.5,0.95,28.45,11.0,0.95,11.95
58827,2016_1Q,2016,2016.0,TZARWA,TZA,RWA,KCB,Bank,"at Branch,Call Center",Same day,12.0,yes,Major cities,own/partner bank account,,10.0,1.17,11.17,4.0,1.17,5.17
58828,2016_1Q,2016,2016.0,TZARWA,TZA,RWA,KCB,Bank,"at Branch,Call Center",Next day,24.0,yes,Nationwide,bank account,,20.0,1.17,21.17,8.0,1.17,9.17
58829,2016_1Q,2016,2016.0,TZARWA,TZA,RWA,NMB (National Microfinance Bank),Non-Bank FI,"at Branch,Call Center",Next day,24.0,yes,Nationwide,bank account,,25.0,1.17,26.17,10.0,1.17,11.17
58830,2016_1Q,2016,2016.0,TZARWA,TZA,RWA,Tanzania Postal Corporation,Post office,at Branch,Next day,24.0,yes,Nationwide,cash,,7.390000000000001,1.17,8.56,5.91,1.17,7.08
58831,2016_1Q,2016,2016.0,TZARWA,TZA,RWA,Barclays,Bank,"at Branch,Call Center",Next day,24.0,yes,Nationwide,bank account,,17.5,1.38,18.88,7.000000000000001,1.38,8.38
58832,2016_1Q,2016,2016.0,TZARWA,TZA,RWA,NBC,Bank,"at Branch,Call Center",Next day,24.0,yes,Nationwide,bank account,,25.0,1.6,26.6,10.0,1.6,11.6
58833,2016_1Q,2016,2016.0,TZARWA,TZA,RWA,UBA Africash,Bank,at Branch,Same day,12.0,yes,Major cities,cash,,3.35,1.6,4.95,2.2399999999999998,1.6,3.84
58834,2016_1Q,2016,2016.0,TZAUGA,TZA,UGA,MoneyGram,Money Transfer Operator,at Branch,Less than one hour,0.5,yes,Nationwide,cash,,5.390000000000001,0.84,6.23,4.62,0.84,5.46
58835,2016_1Q,2016,2016.0,TZAUGA,TZA,UGA,Western Union,Money Transfer Operator,at Branch,Less than one hour,0.5,yes,Nationwide,cash,,5.44,0.84,6.28,3.67,0.84,4.51
58836,2016_1Q,2016,2016.0,TZAUGA,TZA,UGA,CRDB Bank,Bank,"at Branch,Call Center",Next day,24.0,yes,Nationwide,bank account,,28.0,0.95,28.95,11.200000000000001,0.95,12.15
58837,2016_1Q,2016,2016.0,TZAUGA,TZA,UGA,Stanbic Bank,Bank,"at Branch,Call Center",Next day,24.0,yes,Nationwide,bank account,,27.5,0.95,28.45,11.0,0.95,11.95
58838,2016_1Q,2016,2016.0,TZAUGA,TZA,UGA,KCB,Bank,"at Branch,Call Center",Same day,12.0,yes,Major cities,own/partner bank account,,10.0,1.17,11.17,4.0,1.17,5.17
58839,2016_1Q,2016,2016.0,TZAUGA,TZA,UGA,KCB,Bank,"at Branch,Call Center",Next day,24.0,yes,Nationwide,bank account,,20.0,1.17,21.17,8.0,1.17,9.17
58840,2016_1Q,2016,2016.0,TZAUGA,TZA,UGA,NMB (National Microfinance Bank),Non-Bank FI,"at Branch,Call Center",Next day,24.0,yes,Nationwide,bank account,,25.0,1.17,26.17,10.0,1.17,11.17
58841,2016_1Q,2016,2016.0,TZAUGA,TZA,UGA,Tanzania Postal Corporation,Post office,at Branch,Less than one hour,0.5,yes,Nationwide,cash,,7.390000000000001,1.17,8.56,5.91,1.17,7.08
58842,2016_1Q,2016,2016.0,TZAUGA,TZA,UGA,Barclays,Bank,"at Branch,Call Center",Next day,24.0,yes,Nationwide,bank account,,17.5,1.38,18.88,7.000000000000001,1.38,8.38
58843,2016_1Q,2016,2016.0,TZAUGA,TZA,UGA,NBC,Bank,"at Branch,Call Center",Next day,24.0,yes,Nationwide,bank account,,25.0,1.6,26.6,10.0,1.6,11.6
58844,2016_1Q,2016,2016.0,TZAUGA,TZA,UGA,UBA Africash,Bank,at Branch,Same day,12.0,yes,Major cities,cash,,3.35,1.6,4.95,2.2399999999999998,1.6,3.84
620162055,2016_2Q,2016,2016.25,KENRWA,KEN,RWA,Development Bank of Kenya,Bank,"Bank branch,Call Center,Internet",Next day,24.0,yes,Low,bank account,Bank account transfer,11.4,1.11,12.51,4.739999999999999,1.11,5.85
620162056,2016_2Q,2016,2016.25,KENRWA,KEN,RWA,Equatorial Commercial Bank,Bank,"Bank branch,Call Center,Internet",Next day,24.0,yes,Low,bank account,Bank account transfer,9.16,0.91,10.07,3.66,0.91,4.57
620162057,2016_2Q,2016,2016.25,KENRWA,KEN,RWA,United Bank for Africa (UBA),Bank,"Bank branch,Call Center,Internet",Next day,24.0,yes,Low,bank account,Bank account transfer,9.17,1.51,10.68,3.67,1.51,5.18
620162058,2016_2Q,2016,2016.25,KENRWA,KEN,RWA,KCB,Bank,"Bank branch,Call Center,Internet",Next day,24.0,yes,Low,bank account,Bank account transfer,12.22,1.41,13.63,4.89,1.41,6.3
620162059,2016_2Q,2016,2016.25,KENRWA,KEN,RWA,ABC Bank,Money Transfer Operator,"Bank branch,Call Center,Internet",Next day,24.0,yes,Low,bank account,Bank account transfer,9.16,1.21,10.37,3.66,1.21,4.87
620162060,2016_2Q,2016,2016.25,KENRWA,KEN,RWA,Citibank,Bank,"Bank branch,Call Center,Internet",Next day,24.0,yes,Low,bank account,Bank account transfer,10.0,1.41,11.41,4.0,1.41,5.41
620162061,2016_2Q,2016,2016.25,KENRWA,KEN,RWA,GT Bank,Bank,"Bank branch,Call Center,Internet",Next day,24.0,yes,Low,bank account,Bank account transfer,9.16,1.01,10.17,3.66,1.01,4.67
620162062,2016_2Q,2016,2016.25,KENRWA,KEN,RWA,MoneyGram,Money Transfer Operator,Agent,Less than one hour,0.5,yes,High,cash,Cash,2.2,1.51,3.71,2.2,1.51,3.71
620162063,2016_2Q,2016,2016.25,KENRWA,KEN,RWA,Ecobank,Bank,Bank branch,Next day,24.0,yes,Medium,cash,Cash,15.0,1.21,16.21,6.0,1.21,7.21
620162064,2016_2Q,2016,2016.25,KENRWA,KEN,RWA,Western Union,Money Transfer Operator,Agent,Less than one hour,0.5,yes,High,cash,Cash,7.33,1.51,8.84,5.87,1.51,7.38
620162065,2016_2Q,2016,2016.25,KENUGA,KEN,UGA,GT Bank,Bank,"Bank branch,Call Center,Internet",Next day,24.0,yes,Low,bank account,Bank account transfer,9.16,1.01,10.17,3.66,1.01,4.67
620162066,2016_2Q,2016,2016.25,KENUGA,KEN,UGA,Development Bank of Kenya,Bank,"Bank branch,Call Center,Internet",Next day,24.0,yes,Low,bank account,Bank account transfer,11.4,1.11,12.51,4.56,1.11,5.67
620162067,2016_2Q,2016,2016.25,KENUGA,KEN,UGA,Equatorial Commercial Bank,Bank,"Bank branch,Call Center,Internet",Next day,24.0,yes,Low,bank account,Bank account transfer,9.16,0.91,10.07,3.66,0.91,4.57
620162068,2016_2Q,2016,2016.25,KENUGA,KEN,UGA,United Bank for Africa (UBA),Bank,"Bank branch,Call Center,Internet",Next day,24.0,yes,Low,bank account,Bank account transfer,9.17,1.51,10.68,3.67,1.51,5.18
620162069,2016_2Q,2016,2016.25,KENUGA,KEN,UGA,KCB,Bank,"Bank branch,Call Center,Internet",Next day,24.0,yes,Low,bank account,Bank account transfer,12.22,1.41,13.63,4.89,1.41,6.3
620162070,2016_2Q,2016,2016.25,KENUGA,KEN,UGA,ABC Bank,Money Transfer Operator,"Bank branch,Call Center,Internet",Next day,24.0,yes,Low,bank account,Bank account transfer,9.16,1.21,10.37,3.66,1.21,4.87
620162071,2016_2Q,2016,2016.25,KENUGA,KEN,UGA,Citibank,Bank,"Bank branch,Call Center,Internet",Next day,24.0,yes,Low,bank account,Bank account transfer,10.0,1.41,11.41,4.0,1.41,5.41
620162072,2016_2Q,2016,2016.25,KENUGA,KEN,UGA,Ecobank,Bank,Bank branch,Same day,12.0,yes,Low,cash,Cash,15.0,1.21,16.21,6.0,1.21,7.21
620162073,2016_2Q,2016,2016.25,KENUGA,KEN,UGA,UBA Africash,Bank,Bank branch,Less than one hour,0.5,yes,Medium,cash,Cash,2.8600000000000003,1.51,4.37,1.8499999999999999,1.51,3.36
620162074,2016_2Q,2016,2016.25,KENUGA,KEN,UGA,Posta Kenya,Post office,Post Office,2 days,48.0,yes,High,cash,Cash,9.67,1.41,11.08,6.4399999999999995,1.41,7.85
620162075,2016_2Q,2016,2016.25,KENUGA,KEN,UGA,MoneyGram,Money Transfer Operator,Agent,Less than one hour,0.5,yes,High,cash,Cash,2.2,1.51,3.71,2.2,1.51,3.71
620162076,2016_2Q,2016,2016.25,KENUGA,KEN,UGA,Western Union,Money Transfer Operator,Agent,Less than one hour,0.5,yes,High,cash,Cash,7.33,1.51,8.84,5.87,1.51,7.38
620162598,2016_2Q,2016,2016.25,KENTZA,KEN,TZA,ABC Bank,Money Transfer Operator,"Bank branch,Call Center,Internet",Next day,24.0,yes,Low,bank account,Bank account transfer,9.16,1.21,10.37,3.66,1.21,4.87
620162599,2016_2Q,2016,2016.25,KENTZA,KEN,TZA,Citibank,Bank,"Bank branch,Call Center,Internet",Next day,24.0,yes,Low,bank account,Bank account transfer,10.0,1.41,11.41,4.0,1.41,5.41
620162600,2016_2Q,2016,2016.25,KENTZA,KEN,TZA,Development Bank of Kenya,Bank,"Bank branch,Call Center,Internet",Next day,24.0,yes,Low,bank account,Bank account transfer,11.4,1.11,12.51,4.739999999999999,1.11,5.85
620162601,2016_2Q,2016,2016.25,KENTZA,KEN,TZA,Ecobank,Bank,Bank branch,Next day,24.0,yes,High,cash,Cash,15.0,1.21,16.21,6.0,1.21,7.21
620162602,2016_2Q,2016,2016.25,KENTZA,KEN,TZA,Equatorial Commercial Bank,Bank,"Bank branch,Call Center,Internet",Next day,24.0,yes,Low,bank account,Bank account transfer,9.16,0.91,10.07,3.66,0.91,4.57
620162603,2016_2Q,2016,2016.25,KENTZA,KEN,TZA,GT Bank,Bank,"Bank branch,Call Center,Internet",Next day,24.0,yes,Low,bank account,Bank account transfer,9.16,1.01,10.17,3.66,1.01,4.67
620162604,2016_2Q,2016,2016.25,KENTZA,KEN,TZA,KCB,Bank,"Bank branch,Call Center,Internet",Next day,24.0,yes,Low,bank account,Bank account transfer,12.22,1.41,13.63,4.89,1.41,6.3
620162605,2016_2Q,2016,2016.25,KENTZA,KEN,TZA,MoneyGram,Money Transfer Operator,Agent,Less than one hour,0.5,yes,High,cash,Cash,2.2,1.51,3.71,2.2,1.51,3.71
620162606,2016_2Q,2016,2016.25,KENTZA,KEN,TZA,Posta Kenya,Post office,Post Office,2 days,48.0,yes,High,cash,Cash,9.67,1.41,11.08,6.4399999999999995,1.41,7.85
620162607,2016_2Q,2016,2016.25,KENTZA,KEN,TZA,UBA Africash,Bank,Bank branch,Less than one hour,0.5,yes,Medium,cash,Cash,2.8600000000000003,1.51,4.37,1.8499999999999999,1.51,3.36
620162608,2016_2Q,2016,2016.25,KENTZA,KEN,TZA,United Bank for Africa (UBA),Bank,"Bank branch,Call Center,Internet",Next day,24.0,yes,Low,bank account,Bank account transfer,9.17,1.51,10.68,3.67,1.51,5.18
620162609,2016_2Q,2016,2016.25,KENTZA,KEN,TZA,Western Union,Money Transfer Operator,Agent,Less than one hour,0.5,yes,High,cash,Cash,7.33,1.51,8.84,5.87,1.51,7.38
620162809,2016_2Q,2016,2016.25,KENSSD,KEN,SSD,ABC Bank,Money Transfer Operator,"Bank branch,Call Center,Internet",Next day,24.0,yes,Low,bank account,Bank account transfer,9.16,1.21,10.37,3.66,1.21,4.87
620162810,2016_2Q,2016,2016.25,KENSSD,KEN,SSD,Citibank,Bank,"Bank branch,Call Center,Internet",Next day,24.0,yes,Low,bank account,Bank account transfer,10.0,1.41,11.41,4.0,1.41,5.41
620162811,2016_2Q,2016,2016.25,KENSSD,KEN,SSD,Development Bank of Kenya,Bank,"Bank branch,Call Center,Internet",Next day,24.0,yes,Low,bank account,Bank account transfer,11.4,1.11,12.51,4.739999999999999,1.11,5.85
620162812,2016_2Q,2016,2016.25,KENSSD,KEN,SSD,Ecobank,Bank,Bank branch,Next day,24.0,yes,Low,bank account,Cash,15.0,1.21,16.21,6.0,1.21,7.21
620162813,2016_2Q,2016,2016.25,KENSSD,KEN,SSD,Equatorial Commercial Bank,Bank,"Bank branch,Call Center,Internet",Next day,24.0,yes,Low,bank account,Bank account transfer,9.16,0.91,10.07,3.66,0.91,4.57
620162814,2016_2Q,2016,2016.25,KENSSD,KEN,SSD,GT Bank,Bank,"Bank branch,Call Center,Internet",Next day,24.0,yes,Low,bank account,Bank account transfer,9.16,1.01,10.17,3.66,1.01,4.67
620162815,2016_2Q,2016,2016.25,KENSSD,KEN,SSD,KCB,Bank,"Bank branch,Call Center,Internet",Next day,24.0,yes,Low,bank account,Bank account transfer,12.22,1.41,13.63,4.89,1.41,6.3
620162816,2016_2Q,2016,2016.25,KENSSD,KEN,SSD,MoneyGram,Money Transfer Operator,Agent,Less than one hour,0.5,yes,Low,cash,Cash,1.7499999999999998,1.51,3.26,1.7499999999999998,1.51,3.26
620162817,2016_2Q,2016,2016.25,KENSSD,KEN,SSD,United Bank for Africa (UBA),Bank,"Bank branch,Call Center,Internet",Next day,24.0,yes,Low,bank account,Bank account transfer,9.17,1.51,10.68,3.67,1.51,5.18
620162818,2016_2Q,2016,2016.25,KENSSD,KEN,SSD,Western Union,Money Transfer Operator,Agent,Less than one hour,0.5,yes,Medium,cash,Cash,7.33,1.51,8.84,5.87,1.51,7.38
620162986,2016_2Q,2016,2016.25,RWAKEN,RWA,KEN,Ecobank,Bank,Bank branch,Next day,24.0,no,High,bank account,Bank account transfer,1.0,0.0,1.0,0.4,0.0,0.4
620162987,2016_2Q,2016,2016.25,RWAKEN,RWA,KEN,KCB,Bank,Bank branch,Next day,24.0,yes,High,bank account,Bank account transfer,1.040000000000001,11.76,12.8,1.040000000000001,11.76,12.8
620162988,2016_2Q,2016,2016.25,RWAKEN,RWA,KEN,MoneyGram,Money Transfer Operator,Agent,Less than one hour,0.5,yes,High,cash,Cash,7.34,5.23,12.57,5.869999999999999,5.23,11.1
620162989,2016_2Q,2016,2016.25,RWAKEN,RWA,KEN,MTN Mobile Money,Money Transfer Operator,Mobile phone,Less than one hour,0.5,no,High,mobile wallet,Mobile money,0.37,0.0,0.37,0.15,0.0,0.15
620162990,2016_2Q,2016,2016.25,RWAKEN,RWA,KEN,Use Remit,Money Transfer Operator,Internet,Less than one hour,0.5,yes,High,mobile wallet,Bank account transfer,4.989999999999999,4.04,9.03,4.989999999999999,4.04,9.03
620162991,2016_2Q,2016,2016.25,RWAKEN,RWA,KEN,Western Union,Money Transfer Operator,Agent,Less than one hour,0.5,yes,High,cash,Cash,9.459999999999999,3.39,12.85,6.77,3.39,10.16
620162992,2016_2Q,2016,2016.25,RWAKEN,RWA,KEN,Express Money,Money Transfer Operator,Agent,Same day,12.0,yes,High,cash,Cash,4.600000000000001,10.87,15.47,4.270000000000001,10.87,15.14
620162993,2016_2Q,2016,2016.25,RWAKEN,RWA,KEN,Tigo,Mobile Operator,Mobile phone,Less than one hour,0.5,no,High,mobile wallet,Mobile money,0.6,0.0,0.6,0.29,0.0,0.29
620162999,2016_2Q,2016,2016.25,TZAKEN,TZA,KEN,KCB,Bank,"Bank branch,Call Center",Next day,24.0,yes,High,bank account,Bank account transfer,20.0,0.83,20.83,8.01,0.83,8.84
620163147,2016_2Q,2016,2016.25,TZAKEN,TZA,KEN,NBC,Bank,"Bank branch,Call Center",Next day,24.0,yes,High,bank account,Bank account transfer,25.0,1.16,26.16,10.0,1.16,11.16
620163148,2016_2Q,2016,2016.25,TZAKEN,TZA,KEN,Stanbic Bank,Bank,"Bank branch,Call Center",Next day,24.0,yes,High,bank account,Bank account transfer,27.5,1.27,28.77,11.0,1.27,12.27
620163149,2016_2Q,2016,2016.25,TZAKEN,TZA,KEN,UBA Africash,Bank,Bank branch,Same day,12.0,yes,Low,cash,Cash,3.34,0.99,4.33,2.2300000000000004,0.99,3.22
620163150,2016_2Q,2016,2016.25,TZAKEN,TZA,KEN,Western Union,Money Transfer Operator,Agent,Less than one hour,0.5,yes,High,cash,Cash,5.4399999999999995,1.27,6.71,3.6700000000000004,1.27,4.94
620163151,2016_2Q,2016,2016.25,TZAKEN,TZA,KEN,MoneyGram,Money Transfer Operator,Agent,Less than one hour,0.5,yes,High,cash,Cash,5.39,1.16,6.55,4.62,1.16,5.78
620163152,2016_2Q,2016,2016.25,TZAKEN,TZA,KEN,Tanzania Postal Corporation,Post office,Post Office,Next day,24.0,yes,High,cash,Cash,7.390000000000001,0.99,8.38,5.91,0.99,6.9
620163153,2016_2Q,2016,2016.25,TZARWA,TZA,RWA,KCB,Bank,"Bank branch,Call Center",Same day,12.0,yes,Low,bank account (same/partner bank),Bank account transfer,10.0,0.83,10.83,4.0,0.83,4.83
620163154,2016_2Q,2016,2016.25,TZARWA,TZA,RWA,Barclays,Bank,"Bank branch,Call Center",Next day,24.0,yes,Low,bank account,Bank account transfer,17.5,0.83,18.33,7.0,0.83,7.83
620163155,2016_2Q,2016,2016.25,TZARWA,TZA,RWA,KCB,Bank,"Bank branch,Call Center",Next day,24.0,yes,Low,bank account,Bank account transfer,20.0,0.83,20.83,8.01,0.83,8.84
620163156,2016_2Q,2016,2016.25,TZARWA,TZA,RWA,NBC,Bank,"Bank branch,Call Center",Next day,24.0,yes,Low,bank account,Bank account transfer,25.0,1.16,26.16,10.0,1.16,11.16
620163157,2016_2Q,2016,2016.25,TZARWA,TZA,RWA,NMB (National Microfinance Bank),Non-Bank FI,"Bank branch,Call Center",Next day,24.0,yes,Low,bank account,Bank account transfer,25.0,0.93,25.93,10.0,0.93,10.93
620163158,2016_2Q,2016,2016.25,TZARWA,TZA,RWA,CRDB Bank,Bank,"Bank branch,Call Center",Next day,24.0,yes,Low,bank account,Bank account transfer,28.01,0.83,28.84,11.209999999999999,0.83,12.04
620163159,2016_2Q,2016,2016.25,TZARWA,TZA,RWA,Stanbic Bank,Bank,"Bank branch,Call Center",Next day,24.0,yes,Low,bank account,Bank account transfer,27.5,1.27,28.77,11.0,1.27,12.27
620163160,2016_2Q,2016,2016.25,TZARWA,TZA,RWA,MoneyGram,Money Transfer Operator,Agent,Less than one hour,0.5,yes,High,cash,Cash,5.39,1.16,6.55,4.62,1.16,5.78
620163161,2016_2Q,2016,2016.25,TZARWA,TZA,RWA,Western Union,Money Transfer Operator,Agent,Less than one hour,0.5,yes,High,cash,Cash,5.4399999999999995,1.27,6.71,3.6700000000000004,1.27,4.94
620163162,2016_2Q,2016,2016.25,TZARWA,TZA,RWA,Tanzania Postal Corporation,Post office,Post Office,Next day,24.0,yes,Low,cash,Cash,7.390000000000001,0.99,8.38,5.91,0.99,6.9
620163163,2016_2Q,2016,2016.25,TZAUGA,TZA,UGA,KCB,Bank,"Bank branch,Call Center",Same day,12.0,yes,Low,bank account (same/partner bank),Bank account transfer,10.0,0.83,10.83,4.0,0.83,4.83
620163164,2016_2Q,2016,2016.25,TZAUGA,TZA,UGA,Barclays,Bank,"Bank branch,Call Center",Next day,24.0,yes,Low,bank account,Bank account transfer,17.5,0.83,18.33,7.0,0.83,7.83
620163165,2016_2Q,2016,2016.25,TZAUGA,TZA,UGA,KCB,Bank,"Bank branch,Call Center",Next day,24.0,yes,Low,bank account,Bank account transfer,20.0,0.83,20.83,8.01,0.83,8.84
620163166,2016_2Q,2016,2016.25,TZAUGA,TZA,UGA,NBC,Bank,"Bank branch,Call Center",Next day,24.0,yes,Low,bank account,Bank account transfer,25.0,1.16,26.16,10.0,1.16,11.16
620163167,2016_2Q,2016,2016.25,TZAUGA,TZA,UGA,NMB (National Microfinance Bank),Non-Bank FI,"Bank branch,Call Center",Next day,24.0,yes,Low,bank account,Bank account transfer,25.0,0.93,25.93,10.0,0.93,10.93
620163168,2016_2Q,2016,2016.25,TZAUGA,TZA,UGA,CRDB Bank,Bank,"Bank branch,Call Center",Next day,24.0,yes,Low,bank account,Bank account transfer,28.01,0.83,28.84,11.209999999999999,0.83,12.04
620163169,2016_2Q,2016,2016.25,TZAUGA,TZA,UGA,Stanbic Bank,Bank,"Bank branch,Call Center",Next day,24.0,yes,Low,bank account,Bank account transfer,27.5,1.27,28.77,11.0,1.27,12.27
620163170,2016_2Q,2016,2016.25,TZAUGA,TZA,UGA,MoneyGram,Money Transfer Operator,Agent,Less than one hour,0.5,yes,High,cash,Cash,5.39,1.16,6.55,4.62,1.16,5.78
620163171,2016_2Q,2016,2016.25,TZAUGA,TZA,UGA,Western Union,Money Transfer Operator,Agent,Less than one hour,0.5,yes,High,cash,Cash,5.4399999999999995,1.27,6.71,3.6700000000000004,1.27,4.94
620163172,2016_2Q,2016,2016.25,TZAUGA,TZA,UGA,Tanzania Postal Corporation,Post office,Post Office,Less than one hour,0.5,yes,High,cash,Cash,7.390000000000001,0.99,8.38,5.91,0.99,6.9
620163392,2016_2Q,2016,2016.25,TZARWA,TZA,RWA,UBA Africash,Bank,Bank branch,Same day,12.0,yes,Low,cash,Cash,3.34,0.99,4.33,2.2300000000000004,0.99,3.22
620163393,2016_2Q,2016,2016.25,TZAUGA,TZA,UGA,UBA Africash,Bank,Bank branch,Same day,12.0,yes,Low,cash,Cash,3.34,0.99,4.33,2.2300000000000004,0.99,3.22
620163538,2016_2Q,2016,2016.25,TZAKEN,TZA,KEN,M-Pesa,Mobile Operator,Mobile phone,Less than one hour,0.5,yes,High,cash,Mobile money,2.06,0.79,2.85,1.19,0.79,1.98
920162200,2016_3Q,2016,2016.5,KENRWA,KEN,RWA,ABC Bank,Money Transfer Operator,"Bank branch,Call Center,Internet",Next day,24.0,yes,Low,bank account,Bank account transfer,9.16,0.74,9.9,3.66,0.74,4.4
920162201,2016_3Q,2016,2016.5,KENRWA,KEN,RWA,Citibank,Bank,"Bank branch,Call Center,Internet",Next day,24.0,yes,Low,bank account,Bank account transfer,10.0,1.14,11.14,4.0,1.14,5.14
920162202,2016_3Q,2016,2016.5,KENRWA,KEN,RWA,Development Bank of Kenya,Bank,"Bank branch,Call Center,Internet",Next day,24.0,yes,Low,bank account,Bank account transfer,11.41,0.94,12.35,4.74,0.94,5.68
920162203,2016_3Q,2016,2016.5,KENRWA,KEN,RWA,Ecobank,Bank,Bank branch,Next day,24.0,yes,Medium,cash,Cash,15.0,0.84,15.84,6.0,0.84,6.84
920162204,2016_3Q,2016,2016.5,KENRWA,KEN,RWA,Equatorial Commercial Bank,Bank,"Bank branch,Call Center,Internet",Next day,24.0,yes,Low,bank account,Bank account transfer,9.17,1.24,10.41,3.67,1.24,4.91
920162205,2016_3Q,2016,2016.5,KENRWA,KEN,RWA,GT Bank,Bank,"Bank branch,Call Center,Internet",Next day,24.0,yes,Low,bank account,Bank account transfer,9.17,0.94,10.11,3.6700000000000004,0.94,4.61
920162206,2016_3Q,2016,2016.5,KENRWA,KEN,RWA,KCB,Bank,"Bank branch,Call Center,Internet",Next day,24.0,yes,Low,bank account,Bank account transfer,12.22,1.35,13.57,4.880000000000001,1.35,6.23
920162207,2016_3Q,2016,2016.5,KENRWA,KEN,RWA,MoneyGram,Money Transfer Operator,Agent,Less than one hour,0.5,yes,High,cash,Cash,2.2,1.19,3.39,2.21,1.19,3.4
920162208,2016_3Q,2016,2016.5,KENRWA,KEN,RWA,United Bank for Africa (UBA),Bank,"Bank branch,Call Center,Internet",Next day,24.0,yes,Low,bank account,Bank account transfer,9.17,1.14,10.31,3.67,1.14,4.81
920162209,2016_3Q,2016,2016.5,KENRWA,KEN,RWA,Western Union,Money Transfer Operator,Agent,Less than one hour,0.5,yes,High,cash,Cash,7.34,1.19,8.53,5.869999999999999,1.19,7.06
920162210,2016_3Q,2016,2016.5,KENSSD,KEN,SSD,ABC Bank,Money Transfer Operator,"Bank branch,Call Center,Internet",Next day,24.0,yes,Low,bank account,Bank account transfer,9.16,0.74,9.9,3.66,0.74,4.4
920162211,2016_3Q,2016,2016.5,KENSSD,KEN,SSD,Citibank,Bank,"Bank branch,Call Center,Internet",Next day,24.0,yes,Low,bank account,Bank account transfer,10.0,1.14,11.14,4.0,1.14,5.14
920162212,2016_3Q,2016,2016.5,KENSSD,KEN,SSD,Development Bank of Kenya,Bank,"Bank branch,Call Center,Internet",Next day,24.0,yes,Low,bank account,Bank account transfer,11.41,0.94,12.35,4.74,0.94,5.68
920162213,2016_3Q,2016,2016.5,KENSSD,KEN,SSD,Ecobank,Bank,Bank branch,Next day,24.0,yes,Low,bank account,Cash,15.0,0.84,15.84,6.0,0.84,6.84
920162214,2016_3Q,2016,2016.5,KENSSD,KEN,SSD,Equatorial Commercial Bank,Bank,"Bank branch,Call Center,Internet",Next day,24.0,yes,Low,bank account,Bank account transfer,9.17,1.24,10.41,3.67,1.24,4.91
920162215,2016_3Q,2016,2016.5,KENSSD,KEN,SSD,GT Bank,Bank,"Bank branch,Call Center,Internet",Next day,24.0,yes,Low,bank account,Bank account transfer,9.17,0.94,10.11,3.6700000000000004,0.94,4.61
920162216,2016_3Q,2016,2016.5,KENSSD,KEN,SSD,KCB,Bank,"Bank branch,Call Center,Internet",Next day,24.0,yes,Low,bank account,Bank account transfer,12.22,1.35,13.57,4.880000000000001,1.35,6.23
920162217,2016_3Q,2016,2016.5,KENSSD,KEN,SSD,MoneyGram,Money Transfer Operator,Agent,Less than one hour,0.5,yes,Low,cash,Cash,1.75,1.19,2.94,1.75,1.19,2.94
920162218,2016_3Q,2016,2016.5,KENSSD,KEN,SSD,United Bank for Africa (UBA),Bank,"Bank branch,Call Center,Internet",Next day,24.0,yes,Low,bank account,Bank account transfer,9.17,1.14,10.31,3.67,1.14,4.81
920162219,2016_3Q,2016,2016.5,KENSSD,KEN,SSD,Western Union,Money Transfer Operator,Agent,Less than one hour,0.5,yes,Medium,cash,Cash,7.34,1.19,8.53,5.869999999999999,1.19,7.06
920162220,2016_3Q,2016,2016.5,KENTZA,KEN,TZA,ABC Bank,Money Transfer Operator,"Bank branch,Call Center,Internet",Next day,24.0,yes,Low,bank account,Bank account transfer,9.16,0.74,9.9,3.66,0.74,4.4
920162221,2016_3Q,2016,2016.5,KENTZA,KEN,TZA,Citibank,Bank,"Bank branch,Call Center,Internet",Next day,24.0,yes,Low,bank account,Bank account transfer,10.0,1.14,11.14,4.0,1.14,5.14
920162222,2016_3Q,2016,2016.5,KENTZA,KEN,TZA,Development Bank of Kenya,Bank,"Bank branch,Call Center,Internet",Next day,24.0,yes,Low,bank account,Bank account transfer,11.41,0.94,12.35,4.74,0.94,5.68
920162223,2016_3Q,2016,2016.5,KENTZA,KEN,TZA,Ecobank,Bank,Bank branch,Next day,24.0,yes,High,cash,Cash,15.0,0.84,15.84,6.0,0.84,6.84
920162224,2016_3Q,2016,2016.5,KENTZA,KEN,TZA,Equatorial Commercial Bank,Bank,"Bank branch,Call Center,Internet",Next day,24.0,yes,Low,bank account,Bank account transfer,9.17,1.24,10.41,3.67,1.24,4.91
920162225,2016_3Q,2016,2016.5,KENTZA,KEN,TZA,GT Bank,Bank,"Bank branch,Call Center,Internet",Next day,24.0,yes,Low,bank account,Bank account transfer,9.17,0.94,10.11,3.6700000000000004,0.94,4.61
920162226,2016_3Q,2016,2016.5,KENTZA,KEN,TZA,KCB,Bank,"Bank branch,Call Center,Internet",Next day,24.0,yes,Low,bank account,Bank account transfer,12.22,1.35,13.57,4.880000000000001,1.35,6.23
920162227,2016_3Q,2016,2016.5,KENTZA,KEN,TZA,MoneyGram,Money Transfer Operator,Agent,Less than one hour,0.5,yes,High,cash,Cash,2.2,1.19,3.39,2.21,1.19,3.4
920162228,2016_3Q,2016,2016.5,KENTZA,KEN,TZA,Posta Kenya,Post office,Post Office branch,2 days,48.0,yes,High,cash,Cash,9.67,1.09,10.76,6.45,1.09,7.54
920162229,2016_3Q,2016,2016.5,KENTZA,KEN,TZA,UBA Africash,Bank,Bank branch,Less than one hour,0.5,yes,Medium,cash,Cash,2.8600000000000003,1.14,4.0,1.86,1.14,3.0
920162230,2016_3Q,2016,2016.5,KENTZA,KEN,TZA,United Bank for Africa (UBA),Bank,"Bank branch,Call Center,Internet",Next day,24.0,yes,Low,bank account,Bank account transfer,9.17,1.14,10.31,3.67,1.14,4.81
920162231,2016_3Q,2016,2016.5,KENTZA,KEN,TZA,Western Union,Money Transfer Operator,Agent,Less than one hour,0.5,yes,High,cash,Cash,7.34,1.19,8.53,5.869999999999999,1.19,7.06
920162232,2016_3Q,2016,2016.5,KENUGA,KEN,UGA,ABC Bank,Money Transfer Operator,"Bank branch,Call Center,Internet",Next day,24.0,yes,Low,bank account,Bank account transfer,9.16,0.74,9.9,3.66,0.74,4.4
920162233,2016_3Q,2016,2016.5,KENUGA,KEN,UGA,Citibank,Bank,"Bank branch,Call Center,Internet",Next day,24.0,yes,Low,bank account,Bank account transfer,10.0,1.14,11.14,4.0,1.14,5.14
920162234,2016_3Q,2016,2016.5,KENUGA,KEN,UGA,Development Bank of Kenya,Bank,"Bank branch,Call Center,Internet",Next day,24.0,yes,Low,bank account,Bank account transfer,11.41,0.94,12.35,4.5600000000000005,0.94,5.5
920162235,2016_3Q,2016,2016.5,KENUGA,KEN,UGA,Ecobank,Bank,Bank branch,Same day,12.0,yes,Low,cash,Cash,15.0,0.84,15.84,6.0,0.84,6.84
920162236,2016_3Q,2016,2016.5,KENUGA,KEN,UGA,Equatorial Commercial Bank,Bank,"Bank branch,Call Center,Internet",Next day,24.0,yes,Low,bank account,Bank account transfer,9.17,1.24,10.41,3.67,1.24,4.91
920162237,2016_3Q,2016,2016.5,KENUGA,KEN,UGA,GT Bank,Bank,"Bank branch,Call Center,Internet",Next day,24.0,yes,Low,bank account,Bank account transfer,9.17,0.94,10.11,3.6700000000000004,0.94,4.61
920162238,2016_3Q,2016,2016.5,KENUGA,KEN,UGA,KCB,Bank,"Bank branch,Call Center,Internet",Next day,24.0,yes,Low,bank account,Bank account transfer,12.22,1.35,13.57,4.880000000000001,1.35,6.23
920162239,2016_3Q,2016,2016.5,KENUGA,KEN,UGA,MoneyGram,Money Transfer Operator,Agent,Less than one hour,0.5,yes,High,cash,Cash,2.2,1.19,3.39,2.21,1.19,3.4
920162240,2016_3Q,2016,2016.5,KENUGA,KEN,UGA,Posta Kenya,Post office,Post Office branch,2 days,48.0,yes,High,cash,Cash,9.67,1.09,10.76,6.45,1.09,7.54
920162241,2016_3Q,2016,2016.5,KENUGA,KEN,UGA,UBA Africash,Bank,Bank branch,Less than one hour,0.5,yes,Medium,cash,Cash,2.8600000000000003,1.14,4.0,1.86,1.14,3.0
920162242,2016_3Q,2016,2016.5,KENUGA,KEN,UGA,United Bank for Africa (UBA),Bank,"Bank branch,Call Center,Internet",Next day,24.0,yes,Low,bank account,Bank account transfer,9.17,1.14,10.31,3.67,1.14,4.81
920162243,2016_3Q,2016,2016.5,KENUGA,KEN,UGA,Western Union,Money Transfer Operator,Agent,Less than one hour,0.5,yes,High,cash,Cash,7.34,1.19,8.53,5.869999999999999,1.19,7.06
920162990,2016_3Q,2016,2016.5,RWAKEN,RWA,KEN,Ecobank RapidCash,Bank,Bank branch,Next day,24.0,yes,High,bank account,Bank account transfer,2.57,0.0,2.57,2.19,0.0,2.19
920162991,2016_3Q,2016,2016.5,RWAKEN,RWA,KEN,Express Money,Money Transfer Operator,Agent,Same day,12.0,yes,High,cash,Cash,4.6,5.48,10.08,4.27,5.48,9.75
920162992,2016_3Q,2016,2016.5,RWAKEN,RWA,KEN,Express Money,Money Transfer Operator,Agent,Same day,12.0,yes,High,mobile wallet,Cash,4.6,5.48,10.08,,,
920162993,2016_3Q,2016,2016.5,RWAKEN,RWA,KEN,KCB,Bank,Bank branch,Next day,24.0,yes,High,bank account,Bank account transfer,1.04,6.15,7.19,1.04,6.15,7.19
920162994,2016_3Q,2016,2016.5,RWAKEN,RWA,KEN,MoneyGram,Money Transfer Operator,Agent,Less than one hour,0.5,yes,High,cash,Cash,7.33,1.99,9.32,5.87,1.99,7.86
920162995,2016_3Q,2016,2016.5,RWAKEN,RWA,KEN,MTN Mobile Money,Mobile Operator,Mobile phone,Less than one hour,0.5,yes,High,mobile wallet,Mobile money,5.329999999999999,-0.31,5.02,3.2,-0.31,2.89
920162996,2016_3Q,2016,2016.5,RWAKEN,RWA,KEN,Tigo,Mobile Operator,Mobile phone,Less than one hour,0.5,no,High,mobile wallet,Mobile money,0.6,0.0,0.6,0.29,0.0,0.29
920162997,2016_3Q,2016,2016.5,RWAKEN,RWA,KEN,Use Remit,Money Transfer Operator,Internet,Less than one hour,0.5,yes,High,mobile wallet,Bank account transfer,0.57,0.0,0.57,0.57,0.0,0.57
920162998,2016_3Q,2016,2016.5,RWAKEN,RWA,KEN,Western Union,Money Transfer Operator,Agent,Less than one hour,0.5,yes,High,cash,Cash,11.5,0.0,11.5,6.0,0.0,6.0
920163347,2016_3Q,2016,2016.5,TZAKEN,TZA,KEN,KCB,Bank,"Bank branch,Call Center",Less than one hour,0.5,yes,High,bank account (same/partner bank),Bank account transfer,10.0,1.58,11.58,4.0,1.58,5.58
920163348,2016_3Q,2016,2016.5,TZAKEN,TZA,KEN,KCB,Bank,"Bank branch,Call Center",Next day,24.0,yes,High,bank account,Bank account transfer,20.0,1.58,21.58,8.0,1.58,9.58
920163349,2016_3Q,2016,2016.5,TZAKEN,TZA,KEN,MoneyGram,Money Transfer Operator,Agent,Less than one hour,0.5,yes,High,cash,Cash,5.4,1.14,6.54,4.63,1.14,5.77
920163350,2016_3Q,2016,2016.5,TZAKEN,TZA,KEN,M-Pesa,Mobile Operator,Mobile phone,Less than one hour,0.5,yes,High,cash,Mobile money,2.06,0.93,2.99,1.19,0.93,2.12
920163351,2016_3Q,2016,2016.5,TZAKEN,TZA,KEN,NBC,Bank,"Bank branch,Call Center",Next day,24.0,yes,High,bank account,Bank account transfer,25.0,1.28,26.28,10.0,1.28,11.28
920163352,2016_3Q,2016,2016.5,TZAKEN,TZA,KEN,Stanbic Bank,Bank,"Bank branch,Call Center",Next day,24.0,yes,High,bank account,Bank account transfer,27.5,1.03,28.53,11.0,1.03,12.03
920163353,2016_3Q,2016,2016.5,TZAKEN,TZA,KEN,Tanzania Postal Corporation,Post office,Post Office branch,Next day,24.0,yes,High,cash,Cash,7.3999999999999995,1.14,8.54,5.92,1.14,7.06
920163354,2016_3Q,2016,2016.5,TZAKEN,TZA,KEN,UBA Africash,Bank,Bank branch,Same day,12.0,yes,Low,cash,Cash,3.34,0.84,4.18,2.24,0.84,3.08
920163355,2016_3Q,2016,2016.5,TZAKEN,TZA,KEN,Western Union,Money Transfer Operator,Agent,Less than one hour,0.5,yes,High,cash,Cash,5.4399999999999995,0.82,6.26,3.6700000000000004,0.82,4.49
920163356,2016_3Q,2016,2016.5,TZARWA,TZA,RWA,Barclays,Bank,"Bank branch,Call Center",Next day,24.0,yes,Low,bank account,Bank account transfer,17.5,1.25,18.75,7.0,1.25,8.25
920163357,2016_3Q,2016,2016.5,TZARWA,TZA,RWA,CRDB Bank,Bank,"Bank branch,Call Center",Next day,24.0,yes,Low,bank account,Bank account transfer,28.0,1.36,29.36,11.21,1.36,12.57
920163358,2016_3Q,2016,2016.5,TZARWA,TZA,RWA,KCB,Bank,"Bank branch,Call Center",Same day,12.0,yes,Low,bank account (same/partner bank),Bank account transfer,10.0,1.58,11.58,4.0,1.58,5.58
920163359,2016_3Q,2016,2016.5,TZARWA,TZA,RWA,KCB,Bank,"Bank branch,Call Center",Next day,24.0,yes,Low,bank account,Bank account transfer,20.0,1.58,21.58,8.0,1.58,9.58
920163360,2016_3Q,2016,2016.5,TZARWA,TZA,RWA,MoneyGram,Money Transfer Operator,Agent,Less than one hour,0.5,yes,High,cash,Cash,5.4,1.14,6.54,4.63,1.14,5.77
920163361,2016_3Q,2016,2016.5,TZARWA,TZA,RWA,NBC,Bank,"Bank branch,Call Center",Next day,24.0,yes,Low,bank account,Bank account transfer,25.0,1.28,26.28,10.0,1.28,11.28
920163362,2016_3Q,2016,2016.5,TZARWA,TZA,RWA,NMB (National Microfinance Bank),Non-Bank FI,"Bank branch,Call Center",Next day,24.0,yes,Low,bank account,Bank account transfer,25.0,0.93,25.93,10.0,0.93,10.93
920163363,2016_3Q,2016,2016.5,TZARWA,TZA,RWA,Stanbic Bank,Bank,"Bank branch,Call Center",Next day,24.0,yes,Low,bank account,Bank account transfer,27.5,1.03,28.53,11.0,1.03,12.03
920163364,2016_3Q,2016,2016.5,TZARWA,TZA,RWA,Tanzania Postal Corporation,Post office,Post Office branch,Next day,24.0,yes,Low,cash,Cash,7.3999999999999995,1.14,8.54,5.92,1.14,7.06
920163365,2016_3Q,2016,2016.5,TZARWA,TZA,RWA,UBA Africash,Bank,Bank branch,Same day,12.0,yes,Low,cash,Cash,3.34,0.84,4.18,2.24,0.84,3.08
920163366,2016_3Q,2016,2016.5,TZARWA,TZA,RWA,Western Union,Money Transfer Operator,Agent,Less than one hour,0.5,yes,High,cash,Cash,5.4399999999999995,0.82,6.26,3.6700000000000004,0.82,4.49
920163367,2016_3Q,2016,2016.5,TZAUGA,TZA,UGA,Barclays,Bank,"Bank branch,Call Center",Next day,24.0,yes,Low,bank account,Bank account transfer,17.5,1.25,18.75,7.0,1.25,8.25
920163368,2016_3Q,2016,2016.5,TZAUGA,TZA,UGA,CRDB Bank,Bank,"Bank branch,Call Center",Next day,24.0,yes,Low,bank account,Bank account transfer,28.0,1.36,29.36,11.200000000000001,1.36,12.56
920163369,2016_3Q,2016,2016.5,TZAUGA,TZA,UGA,KCB,Bank,"Bank branch,Call Center",Same day,12.0,yes,Low,bank account (same/partner bank),Bank account transfer,10.0,1.58,11.58,4.0,1.58,5.58
920163370,2016_3Q,2016,2016.5,TZAUGA,TZA,UGA,KCB,Bank,"Bank branch,Call Center",Next day,24.0,yes,Low,bank account,Bank account transfer,20.0,1.58,21.58,8.0,1.58,9.58
920163371,2016_3Q,2016,2016.5,TZAUGA,TZA,UGA,MoneyGram,Money Transfer Operator,Agent,Less than one hour,0.5,yes,High,cash,Cash,5.4,1.14,6.54,4.63,1.14,5.77
920163372,2016_3Q,2016,2016.5,TZAUGA,TZA,UGA,NBC,Bank,"Bank branch,Call Center",Next day,24.0,yes,Low,bank account,Bank account transfer,25.0,1.28,26.28,10.0,1.28,11.28
920163373,2016_3Q,2016,2016.5,TZAUGA,TZA,UGA,NMB (National Microfinance Bank),Non-Bank FI,"Bank branch,Call Center",Next day,24.0,yes,Low,bank account,Bank account transfer,25.0,0.93,25.93,10.0,0.93,10.93
920163374,2016_3Q,2016,2016.5,TZAUGA,TZA,UGA,Stanbic Bank,Bank,"Bank branch,Call Center",Next day,24.0,yes,Low,bank account,Bank account transfer,27.5,1.03,28.53,11.0,1.03,12.03
920163375,2016_3Q,2016,2016.5,TZAUGA,TZA,UGA,Tanzania Postal Corporation,Post office,Post Office branch,Less than one hour,0.5,yes,High,cash,Cash,7.3999999999999995,1.14,8.54,5.92,1.14,7.06
920163376,2016_3Q,2016,2016.5,TZAUGA,TZA,UGA,UBA Africash,Bank,Bank branch,Same day,12.0,yes,Low,cash,Cash,3.34,0.84,4.18,2.24,0.84,3.08
920163377,2016_3Q,2016,2016.5,TZAUGA,TZA,UGA,Western Union,Money Transfer Operator,Agent,Less than one hour,0.5,yes,High,cash,Cash,5.4399999999999995,0.82,6.26,3.6700000000000004,0.82,4.49
1220162195,2016_4Q,2016,2016.75,KENRWA,KEN,RWA,Development Bank of Kenya,Bank,"Bank branch,Call Center,Internet",Next day,24.0,yes,Low,bank account,Bank account transfer,11.4,1.17,12.57,4.74,1.17,5.91
1220162196,2016_4Q,2016,2016.75,KENRWA,KEN,RWA,Equatorial Commercial Bank,Bank,"Bank branch,Call Center,Internet",Next day,24.0,yes,Low,bank account,Bank account transfer,9.169999999999998,1.12,10.29,3.67,1.12,4.79
1220162197,2016_4Q,2016,2016.75,KENRWA,KEN,RWA,United Bank for Africa (UBA),Bank,"Bank branch,Call Center,Internet",Next day,24.0,yes,Low,bank account,Bank account transfer,9.170000000000002,0.71,9.88,3.67,0.71,4.38
1220162198,2016_4Q,2016,2016.75,KENRWA,KEN,RWA,KCB,Bank,"Bank branch,Call Center,Internet",Next day,24.0,yes,Low,bank account,Bank account transfer,12.219999999999999,1.22,13.44,4.890000000000001,1.22,6.11
1220162199,2016_4Q,2016,2016.75,KENRWA,KEN,RWA,ABC Bank,Money Transfer Operator,"Bank branch,Call Center,Internet",Next day,24.0,yes,Low,bank account,Bank account transfer,9.17,0.86,10.03,3.6700000000000004,0.86,4.53
1220162200,2016_4Q,2016,2016.75,KENRWA,KEN,RWA,Citibank,Bank,"Bank branch,Call Center,Internet",Next day,24.0,yes,Low,bank account,Bank account transfer,10.0,1.27,11.27,3.9999999999999996,1.27,5.27
1220162201,2016_4Q,2016,2016.75,KENRWA,KEN,RWA,GT Bank,Bank,"Bank branch,Call Center,Internet",Next day,24.0,yes,Low,bank account,Bank account transfer,9.16,0.92,10.08,3.66,0.92,4.58
1220162202,2016_4Q,2016,2016.75,KENRWA,KEN,RWA,MoneyGram,Money Transfer Operator,Agent,Less than one hour,0.5,yes,High,cash,Cash,2.2,1.02,3.22,2.2,1.02,3.22
1220162203,2016_4Q,2016,2016.75,KENRWA,KEN,RWA,Ecobank,Bank,Bank branch,Next day,24.0,yes,Medium,cash,Cash,15.0,0.97,15.97,6.0,0.97,6.97
1220162204,2016_4Q,2016,2016.75,KENRWA,KEN,RWA,Western Union,Money Transfer Operator,Agent,Less than one hour,0.5,yes,High,cash,Cash,7.33,2.19,9.52,5.860000000000001,2.19,8.05
1220162205,2016_4Q,2016,2016.75,KENRWA,KEN,RWA,M-Pesa,Mobile Operator,Mobile phone,Less than one hour,0.5,yes,High,cash,Mobile money,0.61,0.82,1.43,0.4900000000000001,0.82,1.31
1220162206,2016_4Q,2016,2016.75,KENSSD,KEN,SSD,ABC Bank,Money Transfer Operator,"Bank branch,Call Center,Internet",Next day,24.0,yes,Low,bank account,Bank account transfer,9.17,0.86,10.03,3.6700000000000004,0.86,4.53
1220162207,2016_4Q,2016,2016.75,KENSSD,KEN,SSD,Citibank,Bank,"Bank branch,Call Center,Internet",Next day,24.0,yes,Low,bank account,Bank account transfer,10.0,1.27,11.27,3.9999999999999996,1.27,5.27
1220162208,2016_4Q,2016,2016.75,KENSSD,KEN,SSD,Development Bank of Kenya,Bank,"Bank branch,Call Center,Internet",Next day,24.0,yes,Low,bank account,Bank account transfer,11.4,1.17,12.57,4.74,1.17,5.91
1220162209,2016_4Q,2016,2016.75,KENSSD,KEN,SSD,Ecobank,Bank,Bank branch,Next day,24.0,yes,Low,bank account,Cash,15.0,0.97,15.97,6.0,0.97,6.97
1220162210,2016_4Q,2016,2016.75,KENSSD,KEN,SSD,Equatorial Commercial Bank,Bank,"Bank branch,Call Center,Internet",Next day,24.0,yes,Low,bank account,Bank account transfer,9.169999999999998,1.12,10.29,3.67,1.12,4.79
1220162211,2016_4Q,2016,2016.75,KENSSD,KEN,SSD,GT Bank,Bank,"Bank branch,Call Center,Internet",Next day,24.0,yes,Low,bank account,Bank account transfer,9.16,0.92,10.08,3.66,0.92,4.58
1220162212,2016_4Q,2016,2016.75,KENSSD,KEN,SSD,KCB,Bank,"Bank branch,Call Center,Internet",Next day,24.0,yes,Low,bank account,Bank account transfer,12.219999999999999,1.22,13.44,4.890000000000001,1.22,6.11
1220162213,2016_4Q,2016,2016.75,KENSSD,KEN,SSD,MoneyGram,Money Transfer Operator,Agent,Less than one hour,0.5,yes,Low,cash,Cash,2.2,1.02,3.22,2.2,1.02,3.22
1220162214,2016_4Q,2016,2016.75,KENSSD,KEN,SSD,United Bank for Africa (UBA),Bank,"Bank branch,Call Center,Internet",Next day,24.0,yes,Low,bank account,Bank account transfer,9.170000000000002,0.71,9.88,3.67,0.71,4.38
1220162215,2016_4Q,2016,2016.75,KENSSD,KEN,SSD,Western Union,Money Transfer Operator,Agent,Less than one hour,0.5,yes,Medium,cash,Cash,7.33,2.19,9.52,5.860000000000001,2.19,8.05
1220162216,2016_4Q,2016,2016.75,KENTZA,KEN,TZA,ABC Bank,Money Transfer Operator,"Bank branch,Call Center,Internet",Next day,24.0,yes,Low,bank account,Bank account transfer,9.17,0.86,10.03,3.6700000000000004,0.86,4.53
1220162217,2016_4Q,2016,2016.75,KENTZA,KEN,TZA,Citibank,Bank,"Bank branch,Call Center,Internet",Next day,24.0,yes,Low,bank account,Bank account transfer,10.0,1.27,11.27,3.9999999999999996,1.27,5.27
1220162218,2016_4Q,2016,2016.75,KENTZA,KEN,TZA,Development Bank of Kenya,Bank,"Bank branch,Call Center,Internet",Next day,24.0,yes,Low,bank account,Bank account transfer,11.4,1.17,12.57,4.74,1.17,5.91
1220162219,2016_4Q,2016,2016.75,KENTZA,KEN,TZA,Ecobank,Bank,Bank branch,Next day,24.0,yes,High,cash,Cash,15.0,0.97,15.97,6.0,0.97,6.97
1220162220,2016_4Q,2016,2016.75,KENTZA,KEN,TZA,Equatorial Commercial Bank,Bank,"Bank branch,Call Center,Internet",Next day,24.0,yes,Low,bank account,Bank account transfer,9.169999999999998,1.12,10.29,3.67,1.12,4.79
1220162221,2016_4Q,2016,2016.75,KENTZA,KEN,TZA,GT Bank,Bank,"Bank branch,Call Center,Internet",Next day,24.0,yes,Low,bank account,Bank account transfer,9.16,0.92,10.08,3.66,0.92,4.58
1220162222,2016_4Q,2016,2016.75,KENTZA,KEN,TZA,KCB,Bank,"Bank branch,Call Center,Internet",Next day,24.0,yes,Low,bank account,Bank account transfer,12.219999999999999,1.22,13.44,4.890000000000001,1.22,6.11
1220162223,2016_4Q,2016,2016.75,KENTZA,KEN,TZA,MoneyGram,Money Transfer Operator,Agent,Less than one hour,0.5,yes,High,cash,Cash,2.1999999999999997,2.19,4.39,2.1999999999999997,2.19,4.39
1220162224,2016_4Q,2016,2016.75,KENTZA,KEN,TZA,Posta Kenya,Post office,Post Office branch,2 days,48.0,yes,High,cash,Cash,9.66,1.07,10.73,6.4399999999999995,1.07,7.51
1220162225,2016_4Q,2016,2016.75,KENTZA,KEN,TZA,UBA Africash,Bank,Bank branch,Less than one hour,0.5,yes,Medium,cash,Cash,2.86,0.71,3.57,1.8599999999999999,0.71,2.57
1220162226,2016_4Q,2016,2016.75,KENTZA,KEN,TZA,United Bank for Africa (UBA),Bank,"Bank branch,Call Center,Internet",Next day,24.0,yes,Low,bank account,Bank account transfer,9.170000000000002,0.71,9.88,3.67,0.71,4.38
1220162227,2016_4Q,2016,2016.75,KENTZA,KEN,TZA,Western Union,Money Transfer Operator,Agent,Less than one hour,0.5,yes,High,cash,Cash,7.33,2.19,9.52,5.860000000000001,2.19,8.05
1220162228,2016_4Q,2016,2016.75,KENTZA,KEN,TZA,M-Pesa,Mobile Operator,Mobile phone,Less than one hour,0.5,yes,High,cash,Mobile money,0.61,0.82,1.43,0.4900000000000001,0.82,1.31
1220162229,2016_4Q,2016,2016.75,KENUGA,KEN,UGA,GT Bank,Bank,"Bank branch,Call Center,Internet",Next day,24.0,yes,Low,bank account,Bank account transfer,9.16,0.92,10.08,3.66,0.92,4.58
1220162230,2016_4Q,2016,2016.75,KENUGA,KEN,UGA,Development Bank of Kenya,Bank,"Bank branch,Call Center,Internet",Next day,24.0,yes,Low,bank account,Bank account transfer,11.4,1.17,12.57,4.74,1.17,5.91
1220162231,2016_4Q,2016,2016.75,KENUGA,KEN,UGA,Equatorial Commercial Bank,Bank,"Bank branch,Call Center,Internet",Next day,24.0,yes,Low,bank account,Bank account transfer,9.169999999999998,1.12,10.29,3.67,1.12,4.79
1220162232,2016_4Q,2016,2016.75,KENUGA,KEN,UGA,United Bank for Africa (UBA),Bank,"Bank branch,Call Center,Internet",Next day,24.0,yes,Low,bank account,Bank account transfer,9.170000000000002,0.71,9.88,3.67,0.71,4.38
1220162233,2016_4Q,2016,2016.75,KENUGA,KEN,UGA,KCB,Bank,"Bank branch,Call Center,Internet",Next day,24.0,yes,Low,bank account,Bank account transfer,12.219999999999999,1.22,13.44,4.890000000000001,1.22,6.11
1220162234,2016_4Q,2016,2016.75,KENUGA,KEN,UGA,ABC Bank,Money Transfer Operator,"Bank branch,Call Center,Internet",Next day,24.0,yes,Low,bank account,Bank account transfer,9.17,0.86,10.03,3.6700000000000004,0.86,4.53
1220162235,2016_4Q,2016,2016.75,KENUGA,KEN,UGA,Citibank,Bank,"Bank branch,Call Center,Internet",Next day,24.0,yes,Low,bank account,Bank account transfer,10.0,1.27,11.27,3.9999999999999996,1.27,5.27
1220162236,2016_4Q,2016,2016.75,KENUGA,KEN,UGA,Ecobank,Bank,Bank branch,Same day,12.0,yes,Low,cash,Cash,15.0,0.97,15.97,6.0,0.97,6.97
1220162237,2016_4Q,2016,2016.75,KENUGA,KEN,UGA,UBA Africash,Bank,Bank branch,Less than one hour,0.5,yes,Medium,cash,Cash,2.86,0.71,3.57,1.8599999999999999,0.71,2.57
1220162238,2016_4Q,2016,2016.75,KENUGA,KEN,UGA,Posta Kenya,Post office,Post Office branch,2 days,48.0,yes,High,cash,Cash,9.66,1.07,10.73,6.4399999999999995,1.07,7.51
1220162239,2016_4Q,2016,2016.75,KENUGA,KEN,UGA,MoneyGram,Money Transfer Operator,Agent,Less than one hour,0.5,yes,High,cash,Cash,2.1999999999999997,2.19,4.39,2.1999999999999997,2.19,4.39
1220162240,2016_4Q,2016,2016.75,KENUGA,KEN,UGA,Western Union,Money Transfer Operator,Agent,Less than one hour,0.5,yes,High,cash,Cash,7.33,2.19,9.52,5.860000000000001,2.19,8.05
1220162241,2016_4Q,2016,2016.75,KENUGA,KEN,UGA,M-Pesa,Mobile Operator,Mobile phone,Less than one hour,0.5,yes,High,cash,Mobile money,0.61,0.82,1.43,0.4900000000000001,0.82,1.31
1220162976,2016_4Q,2016,2016.75,RWAKEN,RWA,KEN,Ecobank RapidCash,Bank,Bank branch,Next day,24.0,yes,High,bank account,Bank account transfer,2.5700000000000003,0.7,3.27,2.1900000000000004,0.7,2.89
1220162977,2016_4Q,2016,2016.75,RWAKEN,RWA,KEN,KCB,Bank,Bank branch,Next day,24.0,yes,High,bank account,Bank account transfer,1.04,3.88,4.92,1.04,3.88,4.92
1220162978,2016_4Q,2016,2016.75,RWAKEN,RWA,KEN,MoneyGram,Money Transfer Operator,Agent,Less than one hour,0.5,yes,High,cash,Cash,7.34,0.55,7.89,5.87,0.55,6.42
1220162979,2016_4Q,2016,2016.75,RWAKEN,RWA,KEN,MTN Mobile Money,Mobile Operator,Mobile phone,Less than one hour,0.5,yes,High,mobile wallet,Mobile money,5.33,0.56,5.89,3.1999999999999997,0.56,3.76
1220162980,2016_4Q,2016,2016.75,RWAKEN,RWA,KEN,Use Remit,Money Transfer Operator,Internet,Less than one hour,0.5,yes,High,mobile wallet,Bank account transfer,0.56,0.7,1.26,0.5700000000000001,0.7,1.27
1220162981,2016_4Q,2016,2016.75,RWAKEN,RWA,KEN,Western Union,Money Transfer Operator,Agent,Less than one hour,0.5,yes,High,cash,Cash,11.5,0.54,12.04,6.0,0.54,6.54
1220162982,2016_4Q,2016,2016.75,RWAKEN,RWA,KEN,Express Money,Money Transfer Operator,Agent,Same day,12.0,yes,High,cash,Cash,4.609999999999999,3.98,8.59,4.279999999999999,3.98,8.26
1220162983,2016_4Q,2016,2016.75,RWAKEN,RWA,KEN,Tigo,Mobile Operator,Mobile phone,Less than one hour,0.5,yes,High,mobile wallet,Mobile money,0.6,0.66,1.26,0.29999999999999993,0.66,0.96
1220162984,2016_4Q,2016,2016.75,RWAKEN,RWA,KEN,Express Money,Money Transfer Operator,Agent,Same day,12.0,yes,High,mobile wallet,Cash,4.6000000000000005,0.8,5.4,,,
1220163333,2016_4Q,2016,2016.75,TZAKEN,TZA,KEN,KCB,Bank,"Bank branch,Call Center",Less than one hour,0.5,yes,High,bank account (same/partner bank),Bank account transfer,10.0,1.9,11.9,4.0,1.9,5.9
1220163334,2016_4Q,2016,2016.75,TZAKEN,TZA,KEN,KCB,Bank,"Bank branch,Call Center",Next day,24.0,yes,High,bank account,Bank account transfer,20.0,1.9,21.9,8.0,1.9,9.9
1220163335,2016_4Q,2016,2016.75,TZAKEN,TZA,KEN,NBC,Bank,"Bank branch,Call Center",Next day,24.0,yes,High,bank account,Bank account transfer,25.0,1.35,26.35,10.0,1.35,11.35
1220163336,2016_4Q,2016,2016.75,TZAKEN,TZA,KEN,Stanbic Bank,Bank,"Bank branch,Call Center",Next day,24.0,yes,High,bank account,Bank account transfer,27.5,1.2,28.7,11.0,1.2,12.2
1220163337,2016_4Q,2016,2016.75,TZAKEN,TZA,KEN,UBA Africash,Bank,Bank branch,Same day,12.0,yes,Low,cash,Cash,3.3500000000000005,0.76,4.11,2.24,0.76,3.0
1220163338,2016_4Q,2016,2016.75,TZAKEN,TZA,KEN,Western Union,Money Transfer Operator,Agent,Less than one hour,0.5,yes,High,cash,Cash,5.44,1.18,6.62,3.67,1.18,4.85
1220163339,2016_4Q,2016,2016.75,TZAKEN,TZA,KEN,MoneyGram,Money Transfer Operator,Agent,Less than one hour,0.5,yes,High,cash,Cash,5.39,1.46,6.85,4.62,1.46,6.08
1220163340,2016_4Q,2016,2016.75,TZAKEN,TZA,KEN,Tanzania Postal Corporation,Post office,Post Office branch,Next day,24.0,yes,High,cash,Cash,7.3999999999999995,1.13,8.53,5.92,1.13,7.05
1220163341,2016_4Q,2016,2016.75,TZAKEN,TZA,KEN,M-Pesa,Mobile Operator,Mobile phone,Less than one hour,0.5,yes,High,cash,Mobile money,2.0700000000000003,1.13,3.2,1.19,1.13,2.32
1220163342,2016_4Q,2016,2016.75,TZARWA,TZA,RWA,KCB,Bank,"Bank branch,Call Center",Same day,12.0,yes,Low,bank account (same/partner bank),Bank account transfer,10.0,1.9,11.9,4.0,1.9,5.9
1220163343,2016_4Q,2016,2016.75,TZARWA,TZA,RWA,Barclays,Bank,"Bank branch,Call Center",Next day,24.0,yes,Low,bank account,Bank account transfer,17.5,0.94,18.44,7.0,0.94,7.94
1220163344,2016_4Q,2016,2016.75,TZARWA,TZA,RWA,KCB,Bank,"Bank branch,Call Center",Next day,24.0,yes,Low,bank account,Bank account transfer,20.0,1.9,21.9,8.0,1.9,9.9
1220163345,2016_4Q,2016,2016.75,TZARWA,TZA,RWA,NBC,Bank,"Bank branch,Call Center",Next day,24.0,yes,Low,bank account,Bank account transfer,25.0,1.35,26.35,10.0,1.35,11.35
1220163346,2016_4Q,2016,2016.75,TZARWA,TZA,RWA,NMB (National Microfinance Bank),Non-Bank FI,"Bank branch,Call Center",Next day,24.0,yes,Low,bank account,Bank account transfer,25.0,0.81,25.81,10.0,0.81,10.81
1220163347,2016_4Q,2016,2016.75,TZARWA,TZA,RWA,CRDB Bank,Bank,"Bank branch,Call Center",Next day,24.0,yes,Low,bank account,Bank account transfer,28.0,0.87,28.87,11.200000000000001,0.87,12.07
1220163348,2016_4Q,2016,2016.75,TZARWA,TZA,RWA,Stanbic Bank,Bank,"Bank branch,Call Center",Next day,24.0,yes,Low,bank account,Bank account transfer,27.5,1.2,28.7,11.0,1.2,12.2
1220163349,2016_4Q,2016,2016.75,TZARWA,TZA,RWA,MoneyGram,Money Transfer Operator,Agent,Less than one hour,0.5,yes,High,cash,Cash,5.39,1.46,6.85,4.62,1.46,6.08
1220163350,2016_4Q,2016,2016.75,TZARWA,TZA,RWA,Western Union,Money Transfer Operator,Agent,Less than one hour,0.5,yes,High,cash,Cash,5.44,1.18,6.62,3.67,1.18,4.85
1220163351,2016_4Q,2016,2016.75,TZARWA,TZA,RWA,Tanzania Postal Corporation,Post office,Post Office branch,Next day,24.0,yes,Low,cash,Cash,7.3999999999999995,1.13,8.53,5.92,1.13,7.05
1220163352,2016_4Q,2016,2016.75,TZARWA,TZA,RWA,UBA Africash,Bank,Bank branch,Same day,12.0,yes,Low,cash,Cash,3.3500000000000005,0.76,4.11,2.24,0.76,3.0
1220163353,2016_4Q,2016,2016.75,TZARWA,TZA,RWA,Tigo,Mobile Operator,Mobile phone,Less than one hour,0.5,yes,High,cash,Mobile money,0.31000000000000005,1.2,1.51,0.3700000000000001,1.2,1.57
1220163354,2016_4Q,2016,2016.75,TZAUGA,TZA,UGA,KCB,Bank,"Bank branch,Call Center",Same day,12.0,yes,Low,bank account (same/partner bank),Bank account transfer,10.0,1.9,11.9,4.0,1.9,5.9
1220163355,2016_4Q,2016,2016.75,TZAUGA,TZA,UGA,Barclays,Bank,"Bank branch,Call Center",Next day,24.0,yes,Low,bank account,Bank account transfer,17.5,0.94,18.44,7.0,0.94,7.94
1220163356,2016_4Q,2016,2016.75,TZAUGA,TZA,UGA,KCB,Bank,"Bank branch,Call Center",Next day,24.0,yes,Low,bank account,Bank account transfer,20.0,1.9,21.9,8.0,1.9,9.9
1220163357,2016_4Q,2016,2016.75,TZAUGA,TZA,UGA,NBC,Bank,"Bank branch,Call Center",Next day,24.0,yes,Low,bank account,Bank account transfer,25.0,1.35,26.35,10.0,1.35,11.35
1220163358,2016_4Q,2016,2016.75,TZAUGA,TZA,UGA,NMB (National Microfinance Bank),Non-Bank FI,"Bank branch,Call Center",Next day,24.0,yes,Low,bank account,Bank account transfer,25.0,0.81,25.81,10.0,0.81,10.81
1220163359,2016_4Q,2016,2016.75,TZAUGA,TZA,UGA,CRDB Bank,Bank,"Bank branch,Call Center",Next day,24.0,yes,Low,bank account,Bank account transfer,28.0,0.87,28.87,11.200000000000001,0.87,12.07
1220163360,2016_4Q,2016,2016.75,TZAUGA,TZA,UGA,Stanbic Bank,Bank,"Bank branch,Call Center",Next day,24.0,yes,Low,bank account,Bank account transfer,27.5,1.2,28.7,11.0,1.2,12.2
1220163361,2016_4Q,2016,2016.75,TZAUGA,TZA,UGA,MoneyGram,Money Transfer Operator,Agent,Less than one hour,0.5,yes,High,cash,Cash,5.39,1.46,6.85,4.62,1.46,6.08
1220163362,2016_4Q,2016,2016.75,TZAUGA,TZA,UGA,Western Union,Money Transfer Operator,Agent,Less than one hour,0.5,yes,High,cash,Cash,5.44,1.18,6.62,3.67,1.18,4.85
1220163363,2016_4Q,2016,2016.75,TZAUGA,TZA,UGA,Tanzania Postal Corporation,Post office,Post Office branch,Less than one hour,0.5,yes,High,cash,Cash,7.3999999999999995,1.13,8.53,5.92,1.13,7.05
1220163364,2016_4Q,2016,2016.75,TZAUGA,TZA,UGA,UBA Africash,Bank,Bank branch,Same day,12.0,yes,Low,cash,Cash,3.3500000000000005,0.76,4.11,2.24,0.76,3.0
320172214,2017_1Q,2017,2017.0,KENRWA,KEN,RWA,ABC Bank,Money Transfer Operator,"Bank branch,Call Center,Internet",Next day,24.0,yes,Medium,bank account,Bank account transfer,9.17,1.44,10.61,3.6700000000000004,1.44,5.11
320172215,2017_1Q,2017,2017.0,KENRWA,KEN,RWA,Citibank,Bank,"Bank branch,Call Center,Internet",Next day,24.0,yes,Medium,bank account,Bank account transfer,10.0,0.97,10.97,4.0,0.97,4.97
320172216,2017_1Q,2017,2017.0,KENRWA,KEN,RWA,Development Bank of Kenya,Bank,"Bank branch,Call Center,Internet",Next day,24.0,yes,Medium,bank account,Bank account transfer,11.41,0.87,12.28,4.74,0.87,5.61
320172217,2017_1Q,2017,2017.0,KENRWA,KEN,RWA,Ecobank,Bank,Bank branch,Next day,24.0,yes,Medium,cash,Cash,14.999999999999998,1.08,16.08,6.0,1.08,7.08
320172218,2017_1Q,2017,2017.0,KENRWA,KEN,RWA,Equatorial Commercial Bank,Bank,"Bank branch,Call Center,Internet",Next day,24.0,yes,Medium,bank account,Bank account transfer,9.16,1.29,10.45,3.66,1.29,4.95
320172219,2017_1Q,2017,2017.0,KENRWA,KEN,RWA,GT Bank,Bank,"Bank branch,Call Center,Internet",Next day,24.0,yes,Medium,bank account,Bank account transfer,9.16,1.6,10.76,3.6599999999999997,1.6,5.26
320172220,2017_1Q,2017,2017.0,KENRWA,KEN,RWA,KCB,Bank,"Bank branch,Call Center,Internet",Next day,24.0,yes,Medium,bank account,Bank account transfer,12.22,1.03,13.25,4.89,1.03,5.92
320172221,2017_1Q,2017,2017.0,KENRWA,KEN,RWA,MoneyGram,Money Transfer Operator,Agent,Less than one hour,0.5,yes,High,cash,Cash,1.7499999999999998,1.03,2.78,1.7499999999999998,1.03,2.78
320172222,2017_1Q,2017,2017.0,KENRWA,KEN,RWA,M-Pesa,Mobile Operator,Mobile phone,Less than one hour,0.5,yes,High,cash,Mobile money,0.6100000000000001,1.18,1.79,0.49,1.18,1.67
320172223,2017_1Q,2017,2017.0,KENRWA,KEN,RWA,United Bank for Africa (UBA),Bank,"Bank branch,Call Center,Internet",Next day,24.0,yes,Medium,bank account,Bank account transfer,9.17,1.08,10.25,3.67,1.08,4.75
320172224,2017_1Q,2017,2017.0,KENRWA,KEN,RWA,Western Union,Money Transfer Operator,Agent,Less than one hour,0.5,yes,High,cash,Cash,7.329999999999999,1.03,8.36,5.859999999999999,1.03,6.89
320172225,2017_1Q,2017,2017.0,KENSSD,KEN,SSD,ABC Bank,Money Transfer Operator,"Bank branch,Call Center,Internet",Next day,24.0,yes,Low,bank account,Bank account transfer,9.17,1.44,10.61,3.6700000000000004,1.44,5.11
320172226,2017_1Q,2017,2017.0,KENSSD,KEN,SSD,Citibank,Bank,"Bank branch,Call Center,Internet",Next day,24.0,yes,Low,bank account,Bank account transfer,10.0,0.97,10.97,4.0,0.97,4.97
320172227,2017_1Q,2017,2017.0,KENSSD,KEN,SSD,Development Bank of Kenya,Bank,"Bank branch,Call Center,Internet",Next day,24.0,yes,Low,bank account,Bank account transfer,11.41,0.87,12.28,4.74,0.87,5.61
320172228,2017_1Q,2017,2017.0,KENSSD,KEN,SSD,Ecobank,Bank,Bank branch,Next day,24.0,yes,Low,bank account,Cash,14.999999999999998,1.08,16.08,6.0,1.08,7.08
320172229,2017_1Q,2017,2017.0,KENSSD,KEN,SSD,Equatorial Commercial Bank,Bank,"Bank branch,Call Center,Internet",Next day,24.0,yes,Low,bank account,Bank account transfer,9.16,1.29,10.45,3.66,1.29,4.95
320172230,2017_1Q,2017,2017.0,KENSSD,KEN,SSD,GT Bank,Bank,"Bank branch,Call Center,Internet",Next day,24.0,yes,Low,bank account,Bank account transfer,9.16,1.6,10.76,3.6599999999999997,1.6,5.26
320172231,2017_1Q,2017,2017.0,KENSSD,KEN,SSD,KCB,Bank,"Bank branch,Call Center,Internet",Next day,24.0,yes,Low,bank account,Bank account transfer,12.22,1.03,13.25,4.89,1.03,5.92
320172232,2017_1Q,2017,2017.0,KENSSD,KEN,SSD,MoneyGram,Money Transfer Operator,Agent,Less than one hour,0.5,yes,Low,cash,Cash,1.7499999999999998,1.03,2.78,1.7499999999999998,1.03,2.78
320172233,2017_1Q,2017,2017.0,KENSSD,KEN,SSD,United Bank for Africa (UBA),Bank,"Bank branch,Call Center,Internet",Next day,24.0,yes,Low,bank account,Bank account transfer,9.16,1.29,10.45,3.66,1.29,4.95
320172234,2017_1Q,2017,2017.0,KENSSD,KEN,SSD,Western Union,Money Transfer Operator,Agent,Less than one hour,0.5,yes,Low,cash,Cash,7.329999999999999,1.03,8.36,5.859999999999999,1.03,6.89
320172235,2017_1Q,2017,2017.0,KENTZA,KEN,TZA,ABC Bank,Money Transfer Operator,"Bank branch,Call Center,Internet",Next day,24.0,yes,Medium,bank account,Bank account transfer,9.17,1.44,10.61,3.6700000000000004,1.44,5.11
320172236,2017_1Q,2017,2017.0,KENTZA,KEN,TZA,Citibank,Bank,"Bank branch,Call Center,Internet",Next day,24.0,yes,Medium,bank account,Bank account transfer,10.0,0.97,10.97,4.0,0.97,4.97
320172237,2017_1Q,2017,2017.0,KENTZA,KEN,TZA,Development Bank of Kenya,Bank,"Bank branch,Call Center,Internet",Next day,24.0,yes,Medium,bank account,Bank account transfer,11.41,0.87,12.28,4.74,0.87,5.61
320172238,2017_1Q,2017,2017.0,KENTZA,KEN,TZA,Ecobank,Bank,Bank branch,Next day,24.0,yes,Low,cash,Cash,14.999999999999998,1.08,16.08,6.0,1.08,7.08
320172239,2017_1Q,2017,2017.0,KENTZA,KEN,TZA,Equatorial Commercial Bank,Bank,"Bank branch,Call Center,Internet",Next day,24.0,yes,Medium,bank account,Bank account transfer,9.16,1.29,10.45,3.66,1.29,4.95
320172240,2017_1Q,2017,2017.0,KENTZA,KEN,TZA,GT Bank,Bank,"Bank branch,Call Center,Internet",Next day,24.0,yes,Medium,bank account,Bank account transfer,9.16,1.6,10.76,3.6599999999999997,1.6,5.26
320172241,2017_1Q,2017,2017.0,KENTZA,KEN,TZA,KCB,Bank,"Bank branch,Call Center,Internet",Next day,24.0,yes,Medium,bank account,Bank account transfer,12.22,1.03,13.25,4.89,1.03,5.92
320172242,2017_1Q,2017,2017.0,KENTZA,KEN,TZA,MoneyGram,Money Transfer Operator,Agent,Less than one hour,0.5,yes,High,cash,Cash,1.7499999999999998,1.03,2.78,1.7499999999999998,1.03,2.78
320172243,2017_1Q,2017,2017.0,KENTZA,KEN,TZA,M-Pesa,Mobile Operator,Mobile phone,Less than one hour,0.5,yes,High,cash,Mobile money,0.6100000000000001,1.18,1.79,0.49,1.18,1.67
320172244,2017_1Q,2017,2017.0,KENTZA,KEN,TZA,Posta Kenya,Post office,Post Office branch,2 days,48.0,yes,High,cash,Cash,9.67,1.1,10.77,6.4399999999999995,1.1,7.54
320172245,2017_1Q,2017,2017.0,KENTZA,KEN,TZA,UBA Africash,Bank,Bank branch,Less than one hour,0.5,yes,Medium,cash,Cash,2.8499999999999996,1.29,4.14,1.85,1.29,3.14
320172246,2017_1Q,2017,2017.0,KENTZA,KEN,TZA,United Bank for Africa (UBA),Bank,"Bank branch,Call Center,Internet",Next day,24.0,yes,Medium,bank account,Bank account transfer,9.16,1.29,10.45,3.66,1.29,4.95
320172247,2017_1Q,2017,2017.0,KENTZA,KEN,TZA,Western Union,Money Transfer Operator,Agent,Less than one hour,0.5,yes,High,cash,Cash,7.329999999999999,1.03,8.36,5.859999999999999,1.03,6.89
320172248,2017_1Q,2017,2017.0,KENUGA,KEN,UGA,ABC Bank,Money Transfer Operator,"Bank branch,Call Center,Internet",Next day,24.0,yes,Medium,bank account,Bank account transfer,9.17,1.44,10.61,3.6700000000000004,1.44,5.11
320172249,2017_1Q,2017,2017.0,KENUGA,KEN,UGA,Citibank,Bank,"Bank branch,Call Center,Internet",Next day,24.0,yes,Medium,bank account,Bank account transfer,10.0,0.97,10.97,4.0,0.97,4.97
320172250,2017_1Q,2017,2017.0,KENUGA,KEN,UGA,Development Bank of Kenya,Bank,"Bank branch,Call Center,Internet",Next day,24.0,yes,Medium,bank account,Bank account transfer,11.41,0.87,12.28,4.74,0.87,5.61
320172251,2017_1Q,2017,2017.0,KENUGA,KEN,UGA,Ecobank,Bank,Bank branch,Same day,12.0,yes,Low,cash,Cash,14.999999999999998,1.08,16.08,6.0,1.08,7.08
320172252,2017_1Q,2017,2017.0,KENUGA,KEN,UGA,Equatorial Commercial Bank,Bank,"Bank branch,Call Center,Internet",Next day,24.0,yes,Medium,bank account,Bank account transfer,9.16,1.29,10.45,3.66,1.29,4.95
320172253,2017_1Q,2017,2017.0,KENUGA,KEN,UGA,GT Bank,Bank,"Bank branch,Call Center,Internet",Next day,24.0,yes,Medium,bank account,Bank account transfer,9.16,1.6,10.76,3.6599999999999997,1.6,5.26
320172254,2017_1Q,2017,2017.0,KENUGA,KEN,UGA,KCB,Bank,"Bank branch,Call Center,Internet",Next day,24.0,yes,Medium,bank account,Bank account transfer,12.22,1.03,13.25,4.89,1.03,5.92
320172255,2017_1Q,2017,2017.0,KENUGA,KEN,UGA,MoneyGram,Money Transfer Operator,Agent,Less than one hour,0.5,yes,High,cash,Cash,1.7499999999999998,1.03,2.78,1.7499999999999998,1.03,2.78
320172256,2017_1Q,2017,2017.0,KENUGA,KEN,UGA,M-Pesa,Mobile Operator,Mobile phone,Less than one hour,0.5,yes,High,cash,Mobile money,0.6100000000000001,1.18,1.79,0.49,1.18,1.67
320172257,2017_1Q,2017,2017.0,KENUGA,KEN,UGA,Posta Kenya,Post office,Post Office branch,2 days,48.0,yes,High,cash,Cash,9.67,1.1,10.77,6.4399999999999995,1.1,7.54
320172258,2017_1Q,2017,2017.0,KENUGA,KEN,UGA,UBA Africash,Bank,Bank branch,Less than one hour,0.5,yes,Medium,cash,Cash,2.8499999999999996,1.29,4.14,1.85,1.29,3.14
320172259,2017_1Q,2017,2017.0,KENUGA,KEN,UGA,United Bank for Africa (UBA),Bank,"Bank branch,Call Center,Internet",Next day,24.0,yes,Medium,bank account,Bank account transfer,9.16,1.29,10.45,3.66,1.29,4.95
320172260,2017_1Q,2017,2017.0,KENUGA,KEN,UGA,Western Union,Money Transfer Operator,Agent,Less than one hour,0.5,yes,High,cash,Cash,7.329999999999999,1.03,8.36,5.859999999999999,1.03,6.89
320172979,2017_1Q,2017,2017.0,RWAKEN,RWA,KEN,Ecobank RapidCash,Bank,Bank branch,Next day,24.0,yes,High,bank account,Bank account transfer,2.5599999999999996,1.24,3.8,2.1799999999999997,1.24,3.42
320172980,2017_1Q,2017,2017.0,RWAKEN,RWA,KEN,Express Money,Money Transfer Operator,Agent,Same day,12.0,yes,High,cash,Cash,4.61,1.34,5.95,4.2700000000000005,1.34,5.61
320172981,2017_1Q,2017,2017.0,RWAKEN,RWA,KEN,Express Money,Money Transfer Operator,Agent,Same day,12.0,yes,High,mobile wallet,Cash,4.61,1.34,5.95,,,
320172982,2017_1Q,2017,2017.0,RWAKEN,RWA,KEN,KCB,Bank,Bank branch,Next day,24.0,yes,High,bank account,Bank account transfer,1.04,1.21,2.25,1.04,1.21,2.25
320172983,2017_1Q,2017,2017.0,RWAKEN,RWA,KEN,MoneyGram,Money Transfer Operator,Agent,Less than one hour,0.5,yes,High,cash,Cash,7.34,1.33,8.67,5.87,1.33,7.2
320172984,2017_1Q,2017,2017.0,RWAKEN,RWA,KEN,MTN Mobile Money,Mobile Operator,Mobile phone,Less than one hour,0.5,yes,High,mobile wallet,Mobile money,5.33,1.36,6.69,3.1999999999999993,1.36,4.56
320172985,2017_1Q,2017,2017.0,RWAKEN,RWA,KEN,Tigo,Mobile Operator,Mobile phone,Less than one hour,0.5,yes,High,mobile wallet,Mobile money,0.5999999999999999,1.08,1.68,0.29000000000000004,1.08,1.37
320172986,2017_1Q,2017,2017.0,RWAKEN,RWA,KEN,Use Remit,Money Transfer Operator,Internet,Less than one hour,0.5,yes,High,mobile wallet,Bank account transfer,0.56,1.15,1.71,0.5700000000000001,1.15,1.72
320172987,2017_1Q,2017,2017.0,RWAKEN,RWA,KEN,Western Union,Money Transfer Operator,Agent,Less than one hour,0.5,yes,High,cash,Cash,11.5,1.38,12.88,6.0,1.38,7.38
320173334,2017_1Q,2017,2017.0,TZAKEN,TZA,KEN,KCB,Bank,"Bank branch,Call Center",Less than one hour,0.5,yes,High,bank account (same/partner bank),Bank account transfer,10.0,1.14,11.14,4.0,1.14,5.14
320173335,2017_1Q,2017,2017.0,TZAKEN,TZA,KEN,KCB,Bank,"Bank branch,Call Center",Next day,24.0,yes,High,bank account,Bank account transfer,20.0,1.14,21.14,8.0,1.14,9.14
320173336,2017_1Q,2017,2017.0,TZAKEN,TZA,KEN,MoneyGram,Money Transfer Operator,Agent,Less than one hour,0.5,yes,High,cash,Cash,5.4,1.17,6.57,4.63,1.17,5.8
320173337,2017_1Q,2017,2017.0,TZAKEN,TZA,KEN,M-Pesa,Mobile Operator,Mobile phone,Less than one hour,0.5,yes,High,cash,Mobile money,2.07,1.27,3.34,1.19,1.27,2.46
320173338,2017_1Q,2017,2017.0,TZAKEN,TZA,KEN,NBC,Bank,"Bank branch,Call Center",Next day,24.0,yes,High,bank account,Bank account transfer,25.0,1.58,26.58,10.0,1.58,11.58
320173339,2017_1Q,2017,2017.0,TZAKEN,TZA,KEN,Stanbic Bank,Bank,"Bank branch,Call Center",Next day,24.0,yes,High,bank account,Bank account transfer,27.5,1.36,28.86,11.0,1.36,12.36
320173340,2017_1Q,2017,2017.0,TZAKEN,TZA,KEN,Tanzania Postal Corporation,Post office,Post Office branch,Next day,24.0,yes,High,cash,Cash,7.390000000000001,1.25,8.64,5.92,1.25,7.17
320173341,2017_1Q,2017,2017.0,TZAKEN,TZA,KEN,UBA Africash,Bank,Bank branch,Same day,12.0,yes,Low,cash,Cash,3.3499999999999996,1.58,4.93,2.2399999999999998,1.58,3.82
320173342,2017_1Q,2017,2017.0,TZAKEN,TZA,KEN,Western Union,Money Transfer Operator,Agent,Less than one hour,0.5,yes,High,cash,Cash,5.4399999999999995,1.02,6.46,3.6700000000000004,1.02,4.69
320173343,2017_1Q,2017,2017.0,TZARWA,TZA,RWA,Barclays,Bank,"Bank branch,Call Center",Next day,24.0,yes,Medium,bank account,Bank account transfer,17.5,1.02,18.52,7.0,1.02,8.02
320173344,2017_1Q,2017,2017.0,TZARWA,TZA,RWA,CRDB Bank,Bank,"Bank branch,Call Center",Next day,24.0,yes,Medium,bank account,Bank account transfer,28.0,1.02,29.02,11.200000000000001,1.02,12.22
320173345,2017_1Q,2017,2017.0,TZARWA,TZA,RWA,KCB,Bank,"Bank branch,Call Center",Same day,12.0,yes,Medium,bank account (same/partner bank),Bank account transfer,10.0,1.14,11.14,4.0,1.14,5.14
320173346,2017_1Q,2017,2017.0,TZARWA,TZA,RWA,KCB,Bank,"Bank branch,Call Center",Next day,24.0,yes,Medium,bank account,Bank account transfer,20.0,1.14,21.14,8.0,1.14,9.14
320173347,2017_1Q,2017,2017.0,TZARWA,TZA,RWA,MoneyGram,Money Transfer Operator,Agent,Less than one hour,0.5,yes,High,cash,Cash,5.4,1.17,6.57,4.63,1.17,5.8
320173348,2017_1Q,2017,2017.0,TZARWA,TZA,RWA,NBC,Bank,"Bank branch,Call Center",Next day,24.0,yes,Medium,bank account,Bank account transfer,25.0,1.58,26.58,10.0,1.58,11.58
320173349,2017_1Q,2017,2017.0,TZARWA,TZA,RWA,NMB (National Microfinance Bank),Non-Bank FI,"Bank branch,Call Center",Next day,24.0,yes,Medium,bank account,Bank account transfer,25.0,1.58,26.58,10.0,1.58,11.58
320173350,2017_1Q,2017,2017.0,TZARWA,TZA,RWA,Stanbic Bank,Bank,"Bank branch,Call Center",Next day,24.0,yes,Medium,bank account,Bank account transfer,27.5,1.36,28.86,11.0,1.36,12.36
320173351,2017_1Q,2017,2017.0,TZARWA,TZA,RWA,Tanzania Postal Corporation,Post office,Post Office branch,Next day,24.0,yes,Low,cash,Cash,7.390000000000001,1.25,8.64,5.92,1.25,7.17
320173352,2017_1Q,2017,2017.0,TZARWA,TZA,RWA,Tigo,Mobile Operator,Mobile phone,Less than one hour,0.5,yes,High,cash,Mobile money,0.31000000000000005,1.28,1.59,0.3699999999999999,1.28,1.65
320173353,2017_1Q,2017,2017.0,TZARWA,TZA,RWA,UBA Africash,Bank,Bank branch,Same day,12.0,yes,Low,cash,Cash,3.3499999999999996,1.58,4.93,2.2399999999999998,1.58,3.82
320173354,2017_1Q,2017,2017.0,TZARWA,TZA,RWA,Western Union,Money Transfer Operator,Agent,Less than one hour,0.5,yes,High,cash,Cash,5.4399999999999995,1.02,6.46,3.6700000000000004,1.02,4.69
320173355,2017_1Q,2017,2017.0,TZAUGA,TZA,UGA,Barclays,Bank,"Bank branch,Call Center",Next day,24.0,yes,Medium,bank account,Bank account transfer,17.5,1.02,18.52,7.0,1.02,8.02
320173356,2017_1Q,2017,2017.0,TZAUGA,TZA,UGA,CRDB Bank,Bank,"Bank branch,Call Center",Next day,24.0,yes,Medium,bank account,Bank account transfer,28.0,1.02,29.02,11.200000000000001,1.02,12.22
320173357,2017_1Q,2017,2017.0,TZAUGA,TZA,UGA,KCB,Bank,"Bank branch,Call Center",Same day,12.0,yes,Medium,bank account (same/partner bank),Bank account transfer,10.0,1.14,11.14,4.0,1.14,5.14
320173358,2017_1Q,2017,2017.0,TZAUGA,TZA,UGA,KCB,Bank,"Bank branch,Call Center",Next day,24.0,yes,Medium,bank account,Bank account transfer,20.0,1.14,21.14,8.0,1.14,9.14
320173359,2017_1Q,2017,2017.0,TZAUGA,TZA,UGA,MoneyGram,Money Transfer Operator,Agent,Less than one hour,0.5,yes,High,cash,Cash,5.4,1.17,6.57,4.63,1.17,5.8
320173360,2017_1Q,2017,2017.0,TZAUGA,TZA,UGA,NBC,Bank,"Bank branch,Call Center",Next day,24.0,yes,Medium,bank account,Bank account transfer,25.0,1.58,26.58,10.0,1.58,11.58
320173361,2017_1Q,2017,2017.0,TZAUGA,TZA,UGA,NMB (National Microfinance Bank),Non-Bank FI,"Bank branch,Call Center",Next day,24.0,yes,Medium,bank account,Bank account transfer,25.0,1.58,26.58,10.0,1.58,11.58
320173362,2017_1Q,2017,2017.0,TZAUGA,TZA,UGA,Stanbic Bank,Bank,"Bank branch,Call Center",Next day,24.0,yes,Medium,bank account,Bank account transfer,27.5,1.36,28.86,11.0,1.36,12.36
320173363,2017_1Q,2017,2017.0,TZAUGA,TZA,UGA,Tanzania Postal Corporation,Post office,Post Office branch,Less than one hour,0.5,yes,High,cash,Cash,7.390000000000001,1.25,8.64,5.92,1.25,7.17
320173364,2017_1Q,2017,2017.0,TZAUGA,TZA,UGA,UBA Africash,Bank,Bank branch,Same day,12.0,yes,Low,cash,Cash,3.3499999999999996,1.58,4.93,2.2399999999999998,1.58,3.82
320173365,2017_1Q,2017,2017.0,TZAUGA,TZA,UGA,Western Union,Money Transfer Operator,Agent,Less than one hour,0.5,yes,High,cash,Cash,5.4399999999999995,1.02,6.46,3.6700000000000004,1.02,4.69
620172318,2017_2Q,2017,2017.25,KENRWA,KEN,RWA,MoneyGram,Money Transfer Operator,Agent,Less than one hour,0.5,yes,High,cash,Cash,1.7499999999999998,1.57,3.32,1.7499999999999998,1.57,3.32
620172319,2017_2Q,2017,2017.25,KENRWA,KEN,RWA,Ecobank,Bank,Bank branch,Next day,24.0,yes,Medium,cash,Cash,14.999999999999998,1.49,16.49,6.0,1.49,7.49
620172320,2017_2Q,2017,2017.25,KENRWA,KEN,RWA,Western Union,Money Transfer Operator,Agent,Less than one hour,0.5,yes,High,cash,Cash,7.34,1.57,8.91,5.87,1.57,7.44
620172321,2017_2Q,2017,2017.25,KENRWA,KEN,RWA,M-Pesa,Mobile Operator,Mobile phone,Less than one hour,0.5,yes,High,cash,Mobile money,0.6100000000000001,1.95,2.56,0.49,1.95,2.44
620172322,2017_2Q,2017,2017.25,KENSSD,KEN,SSD,ABC Bank,Money Transfer Operator,"Bank branch,Call Center,Internet",Next day,24.0,yes,Low,bank account,Bank account transfer,9.17,1.66,10.83,3.67,1.66,5.33
620172323,2017_2Q,2017,2017.25,KENSSD,KEN,SSD,Citibank,Bank,"Bank branch,Call Center,Internet",Next day,24.0,yes,Low,bank account,Bank account transfer,10.0,1.19,11.19,4.0,1.19,5.19
620172324,2017_2Q,2017,2017.25,KENSSD,KEN,SSD,Development Bank of Kenya,Bank,"Bank branch,Call Center,Internet",Next day,24.0,yes,Low,bank account,Bank account transfer,11.41,1.91,13.32,4.74,1.91,6.65
620172325,2017_2Q,2017,2017.25,KENSSD,KEN,SSD,Ecobank,Bank,Bank branch,Next day,24.0,yes,Low,bank account,Cash,14.999999999999998,1.49,16.49,6.0,1.49,7.49
620172326,2017_2Q,2017,2017.25,KENSSD,KEN,SSD,Equatorial Commercial Bank,Bank,"Bank branch,Call Center,Internet",Next day,24.0,yes,Low,bank account,Bank account transfer,9.170000000000002,1.29,10.46,3.67,1.29,4.96
620172327,2017_2Q,2017,2017.25,KENSSD,KEN,SSD,GT Bank,Bank,"Bank branch,Call Center,Internet",Next day,24.0,yes,Low,bank account,Bank account transfer,9.17,1.5,10.67,3.67,1.5,5.17
620172328,2017_2Q,2017,2017.25,KENSSD,KEN,SSD,KCB,Bank,"Bank branch,Call Center,Internet",Next day,24.0,yes,Low,bank account,Bank account transfer,12.219999999999999,1.81,14.03,4.890000000000001,1.81,6.7
620172329,2017_2Q,2017,2017.25,KENSSD,KEN,SSD,MoneyGram,Money Transfer Operator,Agent,Less than one hour,0.5,yes,Low,cash,Cash,1.7499999999999998,1.57,3.32,1.7499999999999998,1.57,3.32
620172330,2017_2Q,2017,2017.25,KENSSD,KEN,SSD,United Bank for Africa (UBA),Bank,"Bank branch,Call Center,Internet",Next day,24.0,yes,Low,bank account,Bank account transfer,9.17,1.66,10.83,3.67,1.66,5.33
620172331,2017_2Q,2017,2017.25,KENSSD,KEN,SSD,Western Union,Money Transfer Operator,Agent,Less than one hour,0.5,yes,Low,cash,Cash,7.34,1.57,8.91,5.87,1.57,7.44
620172332,2017_2Q,2017,2017.25,KENTZA,KEN,TZA,ABC Bank,Money Transfer Operator,"Bank branch,Call Center,Internet",Next day,24.0,yes,Medium,bank account,Bank account transfer,9.17,1.66,10.83,3.67,1.66,5.33
620172333,2017_2Q,2017,2017.25,KENTZA,KEN,TZA,Citibank,Bank,"Bank branch,Call Center,Internet",Next day,24.0,yes,Medium,bank account,Bank account transfer,10.0,1.19,11.19,4.0,1.19,5.19
620172334,2017_2Q,2017,2017.25,KENTZA,KEN,TZA,Development Bank of Kenya,Bank,"Bank branch,Call Center,Internet",Next day,24.0,yes,Medium,bank account,Bank account transfer,11.41,1.91,13.32,4.74,1.91,6.65
620172335,2017_2Q,2017,2017.25,KENTZA,KEN,TZA,Ecobank,Bank,Bank branch,Next day,24.0,yes,Low,cash,Cash,14.999999999999998,1.49,16.49,6.0,1.49,7.49
620172336,2017_2Q,2017,2017.25,KENTZA,KEN,TZA,Equatorial Commercial Bank,Bank,"Bank branch,Call Center,Internet",Next day,24.0,yes,Medium,bank account,Bank account transfer,9.170000000000002,1.29,10.46,3.67,1.29,4.96
620172337,2017_2Q,2017,2017.25,KENTZA,KEN,TZA,GT Bank,Bank,"Bank branch,Call Center,Internet",Next day,24.0,yes,Medium,bank account,Bank account transfer,9.17,1.5,10.67,3.67,1.5,5.17
620172338,2017_2Q,2017,2017.25,KENTZA,KEN,TZA,KCB,Bank,"Bank branch,Call Center,Internet",Next day,24.0,yes,Medium,bank account,Bank account transfer,12.219999999999999,1.81,14.03,4.890000000000001,1.81,6.7
620172339,2017_2Q,2017,2017.25,KENTZA,KEN,TZA,MoneyGram,Money Transfer Operator,Agent,Less than one hour,0.5,yes,High,cash,Cash,1.7499999999999998,1.57,3.32,1.7499999999999998,1.57,3.32
620172340,2017_2Q,2017,2017.25,KENTZA,KEN,TZA,Posta Kenya,Post office,Post Office branch,2 days,48.0,yes,High,cash,Cash,9.67,1.85,11.52,6.4399999999999995,1.85,8.29
620172341,2017_2Q,2017,2017.25,KENTZA,KEN,TZA,UBA Africash,Bank,Bank branch,Less than one hour,0.5,yes,Medium,cash,Cash,2.8599999999999994,1.66,4.52,1.86,1.66,3.52
620172342,2017_2Q,2017,2017.25,KENTZA,KEN,TZA,United Bank for Africa (UBA),Bank,"Bank branch,Call Center,Internet",Next day,24.0,yes,Medium,bank account,Bank account transfer,9.17,1.66,10.83,3.67,1.66,5.33
620172343,2017_2Q,2017,2017.25,KENTZA,KEN,TZA,Western Union,Money Transfer Operator,Agent,Less than one hour,0.5,yes,High,cash,Cash,7.34,1.57,8.91,5.87,1.57,7.44
620172344,2017_2Q,2017,2017.25,KENTZA,KEN,TZA,M-Pesa,Mobile Operator,Mobile phone,Less than one hour,0.5,yes,High,cash,Mobile money,0.6100000000000001,1.95,2.56,0.49,1.95,2.44
620172345,2017_2Q,2017,2017.25,KENUGA,KEN,UGA,GT Bank,Bank,"Bank branch,Call Center,Internet",Next day,24.0,yes,Medium,bank account,Bank account transfer,9.17,1.5,10.67,3.67,1.5,5.17
620172346,2017_2Q,2017,2017.25,KENUGA,KEN,UGA,Development Bank of Kenya,Bank,"Bank branch,Call Center,Internet",Next day,24.0,yes,Medium,bank account,Bank account transfer,11.41,1.91,13.32,4.74,1.91,6.65
620172347,2017_2Q,2017,2017.25,KENUGA,KEN,UGA,Equatorial Commercial Bank,Bank,"Bank branch,Call Center,Internet",Next day,24.0,yes,Medium,bank account,Bank account transfer,9.170000000000002,1.29,10.46,3.67,1.29,4.96
620172348,2017_2Q,2017,2017.25,KENUGA,KEN,UGA,United Bank for Africa (UBA),Bank,"Bank branch,Call Center,Internet",Next day,24.0,yes,Medium,bank account,Bank account transfer,9.17,1.66,10.83,3.67,1.66,5.33
620172349,2017_2Q,2017,2017.25,KENUGA,KEN,UGA,KCB,Bank,"Bank branch,Call Center,Internet",Next day,24.0,yes,Medium,bank account,Bank account transfer,12.219999999999999,1.81,14.03,4.890000000000001,1.81,6.7
620172350,2017_2Q,2017,2017.25,KENUGA,KEN,UGA,ABC Bank,Money Transfer Operator,"Bank branch,Call Center,Internet",Next day,24.0,yes,Medium,bank account,Bank account transfer,9.17,1.66,10.83,3.67,1.66,5.33
620172351,2017_2Q,2017,2017.25,KENUGA,KEN,UGA,Citibank,Bank,"Bank branch,Call Center,Internet",Next day,24.0,yes,Medium,bank account,Bank account transfer,10.0,1.19,11.19,4.0,1.19,5.19
620172352,2017_2Q,2017,2017.25,KENUGA,KEN,UGA,Ecobank,Bank,Bank branch,Same day,12.0,yes,Low,cash,Cash,14.999999999999998,1.49,16.49,6.0,1.49,7.49
620172353,2017_2Q,2017,2017.25,KENUGA,KEN,UGA,UBA Africash,Bank,Bank branch,Less than one hour,0.5,yes,Medium,cash,Cash,2.8599999999999994,1.66,4.52,1.86,1.66,3.52
620172354,2017_2Q,2017,2017.25,KENUGA,KEN,UGA,Posta Kenya,Post office,Post Office branch,2 days,48.0,yes,High,cash,Cash,9.67,1.85,11.52,6.4399999999999995,1.85,8.29
620172355,2017_2Q,2017,2017.25,KENUGA,KEN,UGA,MoneyGram,Money Transfer Operator,Agent,Less than one hour,0.5,yes,High,cash,Cash,1.7499999999999998,1.57,3.32,1.7499999999999998,1.57,3.32
620172356,2017_2Q,2017,2017.25,KENUGA,KEN,UGA,Western Union,Money Transfer Operator,Agent,Less than one hour,0.5,yes,High,cash,Cash,7.34,1.57,8.91,5.87,1.57,7.44
620172357,2017_2Q,2017,2017.25,KENUGA,KEN,UGA,M-Pesa,Mobile Operator,Mobile phone,Less than one hour,0.5,yes,High,cash,Mobile money,0.6100000000000001,1.95,2.56,0.49,1.95,2.44
620173086,2017_2Q,2017,2017.25,RWAKEN,RWA,KEN,Ecobank RapidCash,Bank,Bank branch,Next day,24.0,yes,High,bank account,Bank account transfer,2.5699999999999994,1.61,4.18,2.1899999999999995,1.61,3.8
620173087,2017_2Q,2017,2017.25,RWAKEN,RWA,KEN,KCB,Bank,Bank branch,Next day,24.0,yes,High,bank account,Bank account transfer,1.04,1.94,2.98,1.04,1.94,2.98
620173088,2017_2Q,2017,2017.25,RWAKEN,RWA,KEN,MoneyGram,Money Transfer Operator,Agent,Less than one hour,0.5,yes,High,cash,Cash,7.329999999999999,1.61,8.94,5.87,1.61,7.48
620173089,2017_2Q,2017,2017.25,RWAKEN,RWA,KEN,MTN Mobile Money,Mobile Operator,Mobile phone,Less than one hour,0.5,yes,High,mobile wallet,Mobile money,5.34,1.03,6.37,3.2,1.03,4.23
620173090,2017_2Q,2017,2017.25,RWAKEN,RWA,KEN,Use Remit,Money Transfer Operator,Internet,Less than one hour,0.5,yes,High,mobile wallet,Bank account transfer,0.5699999999999998,1.69,2.26,0.5800000000000001,1.69,2.27
620173091,2017_2Q,2017,2017.25,RWAKEN,RWA,KEN,Western Union,Money Transfer Operator,Agent,Less than one hour,0.5,yes,High,cash,Cash,11.5,1.61,13.11,6.0,1.61,7.61
620173092,2017_2Q,2017,2017.25,RWAKEN,RWA,KEN,Express Money,Money Transfer Operator,Agent,Same day,12.0,yes,High,cash,Cash,4.6,1.2,5.8,4.27,1.2,5.47
620173093,2017_2Q,2017,2017.25,RWAKEN,RWA,KEN,Tigo,Mobile Operator,Mobile phone,Less than one hour,0.5,yes,High,mobile wallet,Mobile money,0.5999999999999999,1.36,1.96,0.2999999999999998,1.36,1.66
620173094,2017_2Q,2017,2017.25,RWAKEN,RWA,KEN,Express Money,Money Transfer Operator,Agent,Same day,12.0,yes,High,mobile wallet,Cash,4.6,1.2,5.8,,,
620173447,2017_2Q,2017,2017.25,TZAKEN,TZA,KEN,KCB,Bank,"Bank branch,Call Center",Less than one hour,0.5,yes,High,bank account (same/partner bank),Bank account transfer,10.0,0.75,10.75,4.0,0.75,4.75
620173448,2017_2Q,2017,2017.25,TZAKEN,TZA,KEN,KCB,Bank,"Bank branch,Call Center",Next day,24.0,yes,High,bank account,Bank account transfer,20.0,0.75,20.75,8.0,0.75,8.75
620173449,2017_2Q,2017,2017.25,TZAKEN,TZA,KEN,NBC,Bank,"Bank branch,Call Center",Next day,24.0,yes,High,bank account,Bank account transfer,25.0,1.39,26.39,10.0,1.39,11.39
620173450,2017_2Q,2017,2017.25,TZAKEN,TZA,KEN,Stanbic Bank,Bank,"Bank branch,Call Center",Next day,24.0,yes,High,bank account,Bank account transfer,27.5,0.88,28.38,11.0,0.88,11.88
620173451,2017_2Q,2017,2017.25,TZAKEN,TZA,KEN,UBA Africash,Bank,Bank branch,Same day,12.0,yes,Low,cash,Cash,3.3400000000000003,1.15,4.49,2.24,1.15,3.39
620173452,2017_2Q,2017,2017.25,TZAKEN,TZA,KEN,Western Union,Money Transfer Operator,Agent,Less than one hour,0.5,yes,High,cash,Cash,5.44,1.39,6.83,3.67,1.39,5.06
620173453,2017_2Q,2017,2017.25,TZAKEN,TZA,KEN,MoneyGram,Money Transfer Operator,Agent,Less than one hour,0.5,yes,High,cash,Cash,5.4,1.39,6.79,4.63,1.39,6.02
620173454,2017_2Q,2017,2017.25,TZAKEN,TZA,KEN,Tanzania Postal Corporation,Post office,Post Office branch,Next day,24.0,yes,High,cash,Cash,7.3999999999999995,1.28,8.68,5.92,1.28,7.2
620173455,2017_2Q,2017,2017.25,TZAKEN,TZA,KEN,M-Pesa,Mobile Operator,Mobile phone,Less than one hour,0.5,yes,High,cash,Mobile money,2.0700000000000003,1.28,3.35,1.1900000000000002,1.28,2.47
620173456,2017_2Q,2017,2017.25,TZARWA,TZA,RWA,KCB,Bank,"Bank branch,Call Center",Same day,12.0,yes,Medium,bank account (same/partner bank),Bank account transfer,10.0,0.75,10.75,4.0,0.75,4.75
620173457,2017_2Q,2017,2017.25,TZARWA,TZA,RWA,Barclays,Bank,"Bank branch,Call Center",Next day,24.0,yes,Medium,bank account,Bank account transfer,17.5,1.33,18.83,7.0,1.33,8.33
620173458,2017_2Q,2017,2017.25,TZARWA,TZA,RWA,KCB,Bank,"Bank branch,Call Center",Next day,24.0,yes,Medium,bank account,Bank account transfer,20.0,0.75,20.75,8.0,0.75,8.75
620173459,2017_2Q,2017,2017.25,TZARWA,TZA,RWA,NBC,Bank,"Bank branch,Call Center",Next day,24.0,yes,Medium,bank account,Bank account transfer,25.0,1.39,26.39,10.0,1.39,11.39
620173460,2017_2Q,2017,2017.25,TZARWA,TZA,RWA,NMB (National Microfinance Bank),Non-Bank FI,"Bank branch,Call Center",Next day,24.0,yes,Medium,bank account,Bank account transfer,25.0,1.41,26.41,10.0,1.41,11.41
620173461,2017_2Q,2017,2017.25,TZARWA,TZA,RWA,CRDB Bank,Bank,"Bank branch,Call Center",Next day,24.0,yes,Medium,bank account,Bank account transfer,28.0,1.41,29.41,11.2,1.41,12.61
620173462,2017_2Q,2017,2017.25,TZARWA,TZA,RWA,Stanbic Bank,Bank,"Bank branch,Call Center",Next day,24.0,yes,Medium,bank account,Bank account transfer,27.5,0.88,28.38,11.0,0.88,11.88
620173463,2017_2Q,2017,2017.25,TZARWA,TZA,RWA,MoneyGram,Money Transfer Operator,Agent,Less than one hour,0.5,yes,High,cash,Cash,5.4,1.39,6.79,4.63,1.39,6.02
620173464,2017_2Q,2017,2017.25,TZARWA,TZA,RWA,Western Union,Money Transfer Operator,Agent,Less than one hour,0.5,yes,High,cash,Cash,5.44,1.39,6.83,3.67,1.39,5.06
620173465,2017_2Q,2017,2017.25,TZARWA,TZA,RWA,Tanzania Postal Corporation,Post office,Post Office branch,Next day,24.0,yes,Low,cash,Cash,7.3999999999999995,1.28,8.68,5.92,1.28,7.2
620173466,2017_2Q,2017,2017.25,TZARWA,TZA,RWA,UBA Africash,Bank,Bank branch,Same day,12.0,yes,Low,cash,Cash,3.3400000000000003,1.15,4.49,2.24,1.15,3.39
620173467,2017_2Q,2017,2017.25,TZARWA,TZA,RWA,Tigo,Mobile Operator,Mobile phone,Less than one hour,0.5,yes,High,cash,Mobile money,0.31000000000000005,0.97,1.28,0.3700000000000001,0.97,1.34
620173468,2017_2Q,2017,2017.25,TZAUGA,TZA,UGA,KCB,Bank,"Bank branch,Call Center",Same day,12.0,yes,Medium,bank account (same/partner bank),Bank account transfer,10.0,0.75,10.75,4.0,0.75,4.75
620173469,2017_2Q,2017,2017.25,TZAUGA,TZA,UGA,Barclays,Bank,"Bank branch,Call Center",Next day,24.0,yes,Medium,bank account,Bank account transfer,17.5,1.33,18.83,7.0,1.33,8.33
620173470,2017_2Q,2017,2017.25,TZAUGA,TZA,UGA,KCB,Bank,"Bank branch,Call Center",Next day,24.0,yes,Medium,bank account,Bank account transfer,20.0,0.75,20.75,8.0,0.75,8.75
620173471,2017_2Q,2017,2017.25,TZAUGA,TZA,UGA,NBC,Bank,"Bank branch,Call Center",Next day,24.0,yes,Medium,bank account,Bank account transfer,25.0,1.39,26.39,10.0,1.39,11.39
620173472,2017_2Q,2017,2017.25,TZAUGA,TZA,UGA,NMB (National Microfinance Bank),Non-Bank FI,"Bank branch,Call Center",Next day,24.0,yes,Medium,bank account,Bank account transfer,25.0,1.41,26.41,10.0,1.41,11.41
620173473,2017_2Q,2017,2017.25,TZAUGA,TZA,UGA,CRDB Bank,Bank,"Bank branch,Call Center",Next day,24.0,yes,Medium,bank account,Bank account transfer,28.0,1.41,29.41,11.2,1.41,12.61
620173474,2017_2Q,2017,2017.25,TZAUGA,TZA,UGA,Stanbic Bank,Bank,"Bank branch,Call Center",Next day,24.0,yes,Medium,bank account,Bank account transfer,27.5,0.88,28.38,11.0,0.88,11.88
620173475,2017_2Q,2017,2017.25,TZAUGA,TZA,UGA,MoneyGram,Money Transfer Operator,Agent,Less than one hour,0.5,yes,High,cash,Cash,5.4,1.39,6.79,4.63,1.39,6.02
620173476,2017_2Q,2017,2017.25,TZAUGA,TZA,UGA,Western Union,Money Transfer Operator,Agent,Less than one hour,0.5,yes,High,cash,Cash,5.44,1.39,6.83,3.67,1.39,5.06
620173477,2017_2Q,2017,2017.25,TZAUGA,TZA,UGA,Tanzania Postal Corporation,Post office,Post Office branch,Less than one hour,0.5,yes,High,cash,Cash,7.3999999999999995,1.28,8.68,5.92,1.28,7.2
620173478,2017_2Q,2017,2017.25,TZAUGA,TZA,UGA,UBA Africash,Bank,Bank branch,Same day,12.0,yes,Low,cash,Cash,3.3400000000000003,1.15,4.49,2.24,1.15,3.39
920172369,2017_3Q,2017,2017.5,KENRWA,KEN,RWA,Ecobank,Bank,Bank branch,Next day,24.0,yes,Medium,cash,Cash,14.999999999999998,1.49,16.49,6.0,1.49,7.49
920172370,2017_3Q,2017,2017.5,KENRWA,KEN,RWA,MoneyGram,Money Transfer Operator,Agent,Less than one hour,0.5,yes,High,cash,Cash,1.75,1.67,3.42,1.75,1.67,3.42
920172371,2017_3Q,2017,2017.5,KENRWA,KEN,RWA,M-Pesa,Mobile Operator,Mobile phone,Less than one hour,0.5,yes,High,cash,Mobile money,0.6100000000000001,1.95,2.56,0.49,1.95,2.44
920172372,2017_3Q,2017,2017.5,KENRWA,KEN,RWA,Western Union,Money Transfer Operator,Agent,Less than one hour,0.5,yes,High,cash,Cash,7.34,1.67,9.01,5.87,1.67,7.54
920172373,2017_3Q,2017,2017.5,KENRWA,KEN,RWA,Xpress Money,Money Transfer Operator,Agent,Less than one hour,0.5,yes,Medium,cash,Cash,2.2199999999999998,1.58,3.8,1.33,1.58,2.91
920172374,2017_3Q,2017,2017.5,KENSSD,KEN,SSD,ABC Bank,Money Transfer Operator,"Bank branch,Call Center,Internet",Next day,24.0,yes,Low,bank account,Bank account transfer,9.17,1.16,10.33,3.67,1.16,4.83
920172375,2017_3Q,2017,2017.5,KENSSD,KEN,SSD,Citibank,Bank,"Bank branch,Call Center,Internet",Next day,24.0,yes,Low,bank account,Bank account transfer,10.0,1.67,11.67,4.0,1.67,5.67
920172376,2017_3Q,2017,2017.5,KENSSD,KEN,SSD,Development Bank of Kenya,Bank,"Bank branch,Call Center,Internet",Next day,24.0,yes,Low,bank account,Bank account transfer,11.399999999999999,1.3,12.7,4.74,1.3,6.04
920172377,2017_3Q,2017,2017.5,KENSSD,KEN,SSD,Ecobank,Bank,Bank branch,Next day,24.0,yes,Low,bank account,Cash,14.999999999999998,1.49,16.49,6.0,1.49,7.49
920172378,2017_3Q,2017,2017.5,KENSSD,KEN,SSD,Equatorial Commercial Bank,Bank,"Bank branch,Call Center,Internet",Next day,24.0,yes,Low,bank account,Bank account transfer,9.17,1.7,10.87,3.67,1.7,5.37
920172379,2017_3Q,2017,2017.5,KENSSD,KEN,SSD,GT Bank,Bank,"Bank branch,Call Center,Internet",Next day,24.0,yes,Low,bank account,Bank account transfer,9.16,1.77,10.93,3.6599999999999997,1.77,5.43
920172380,2017_3Q,2017,2017.5,KENSSD,KEN,SSD,KCB,Bank,"Bank branch,Call Center,Internet",Next day,24.0,yes,Low,bank account,Bank account transfer,12.22,1.74,13.96,4.88,1.74,6.62
920172381,2017_3Q,2017,2017.5,KENSSD,KEN,SSD,MoneyGram,Money Transfer Operator,Agent,Less than one hour,0.5,yes,Low,cash,Cash,1.75,1.67,3.42,1.75,1.67,3.42
920172382,2017_3Q,2017,2017.5,KENSSD,KEN,SSD,United Bank for Africa (UBA),Bank,"Bank branch,Call Center,Internet",Next day,24.0,yes,Low,bank account,Bank account transfer,9.17,1.16,10.33,3.67,1.16,4.83
920172383,2017_3Q,2017,2017.5,KENSSD,KEN,SSD,Western Union,Money Transfer Operator,Agent,Less than one hour,0.5,yes,Low,cash,Cash,7.34,1.67,9.01,5.87,1.67,7.54
920172384,2017_3Q,2017,2017.5,KENTZA,KEN,TZA,ABC Bank,Money Transfer Operator,"Bank branch,Call Center,Internet",Next day,24.0,yes,Medium,bank account,Bank account transfer,9.17,1.16,10.33,3.67,1.16,4.83
920172385,2017_3Q,2017,2017.5,KENTZA,KEN,TZA,Citibank,Bank,"Bank branch,Call Center,Internet",Next day,24.0,yes,Medium,bank account,Bank account transfer,10.0,1.67,11.67,4.0,1.67,5.67
920172386,2017_3Q,2017,2017.5,KENTZA,KEN,TZA,Development Bank of Kenya,Bank,"Bank branch,Call Center,Internet",Next day,24.0,yes,Medium,bank account,Bank account transfer,11.399999999999999,1.3,12.7,4.74,1.3,6.04
920172387,2017_3Q,2017,2017.5,KENTZA,KEN,TZA,Ecobank,Bank,Bank branch,Next day,24.0,yes,Low,cash,Cash,14.999999999999998,1.49,16.49,6.0,1.49,7.49
920172388,2017_3Q,2017,2017.5,KENTZA,KEN,TZA,Equatorial Commercial Bank,Bank,"Bank branch,Call Center,Internet",Next day,24.0,yes,Medium,bank account,Bank account transfer,9.17,1.7,10.87,3.67,1.7,5.37
920172389,2017_3Q,2017,2017.5,KENTZA,KEN,TZA,GT Bank,Bank,"Bank branch,Call Center,Internet",Next day,24.0,yes,Medium,bank account,Bank account transfer,9.16,1.77,10.93,3.6599999999999997,1.77,5.43
920172390,2017_3Q,2017,2017.5,KENTZA,KEN,TZA,KCB,Bank,"Bank branch,Call Center,Internet",Next day,24.0,yes,Medium,bank account,Bank account transfer,12.22,1.74,13.96,4.88,1.74,6.62
920172391,2017_3Q,2017,2017.5,KENTZA,KEN,TZA,MoneyGram,Money Transfer Operator,Agent,Less than one hour,0.5,yes,High,cash,Cash,1.75,1.67,3.42,1.75,1.67,3.42
920172392,2017_3Q,2017,2017.5,KENTZA,KEN,TZA,M-Pesa,Mobile Operator,Mobile phone,Less than one hour,0.5,yes,High,cash,Mobile money,0.6100000000000001,1.95,2.56,0.49,1.95,2.44
920172393,2017_3Q,2017,2017.5,KENTZA,KEN,TZA,Posta Kenya,Post office,Post Office branch,2 days,48.0,yes,High,cash,Cash,9.67,1.65,11.32,6.449999999999999,1.65,8.1
920172394,2017_3Q,2017,2017.5,KENTZA,KEN,TZA,UBA Africash,Bank,Bank branch,Less than one hour,0.5,yes,Medium,cash,Cash,2.8599999999999994,1.16,4.02,1.86,1.16,3.02
920172395,2017_3Q,2017,2017.5,KENTZA,KEN,TZA,United Bank for Africa (UBA),Bank,"Bank branch,Call Center,Internet",Next day,24.0,yes,Medium,bank account,Bank account transfer,9.17,1.16,10.33,3.67,1.16,4.83
920172396,2017_3Q,2017,2017.5,KENTZA,KEN,TZA,Western Union,Money Transfer Operator,Agent,Less than one hour,0.5,yes,High,cash,Cash,7.34,1.67,9.01,5.87,1.67,7.54
920172397,2017_3Q,2017,2017.5,KENTZA,KEN,TZA,Xpress Money,Money Transfer Operator,Agent,Less than one hour,0.5,yes,Medium,cash,Cash,2.2199999999999998,1.58,3.8,1.33,1.58,2.91
920172398,2017_3Q,2017,2017.5,KENUGA,KEN,UGA,ABC Bank,Money Transfer Operator,"Bank branch,Call Center,Internet",Next day,24.0,yes,Medium,bank account,Bank account transfer,9.17,1.16,10.33,3.67,1.16,4.83
920172399,2017_3Q,2017,2017.5,KENUGA,KEN,UGA,Citibank,Bank,"Bank branch,Call Center,Internet",Next day,24.0,yes,Medium,bank account,Bank account transfer,10.0,1.67,11.67,4.0,1.67,5.67
920172400,2017_3Q,2017,2017.5,KENUGA,KEN,UGA,Development Bank of Kenya,Bank,"Bank branch,Call Center,Internet",Next day,24.0,yes,Medium,bank account,Bank account transfer,11.399999999999999,1.3,12.7,4.74,1.3,6.04
920172401,2017_3Q,2017,2017.5,KENUGA,KEN,UGA,Ecobank,Bank,Bank branch,Same day,12.0,yes,Low,cash,Cash,14.999999999999998,1.49,16.49,6.0,1.49,7.49
920172402,2017_3Q,2017,2017.5,KENUGA,KEN,UGA,Equatorial Commercial Bank,Bank,"Bank branch,Call Center,Internet",Next day,24.0,yes,Medium,bank account,Bank account transfer,9.17,1.7,10.87,3.67,1.7,5.37
920172403,2017_3Q,2017,2017.5,KENUGA,KEN,UGA,GT Bank,Bank,"Bank branch,Call Center,Internet",Next day,24.0,yes,Medium,bank account,Bank account transfer,9.16,1.77,10.93,3.6599999999999997,1.77,5.43
920172404,2017_3Q,2017,2017.5,KENUGA,KEN,UGA,KCB,Bank,"Bank branch,Call Center,Internet",Next day,24.0,yes,Medium,bank account,Bank account transfer,12.22,1.74,13.96,4.88,1.74,6.62
920172405,2017_3Q,2017,2017.5,KENUGA,KEN,UGA,MoneyGram,Money Transfer Operator,Agent,Less than one hour,0.5,yes,High,cash,Cash,1.75,1.67,3.42,1.75,1.67,3.42
920172406,2017_3Q,2017,2017.5,KENUGA,KEN,UGA,M-Pesa,Mobile Operator,Mobile phone,Less than one hour,0.5,yes,High,cash,Mobile money,0.6100000000000001,1.95,2.56,0.49,1.95,2.44
920172407,2017_3Q,2017,2017.5,KENUGA,KEN,UGA,Posta Kenya,Post office,Post Office branch,2 days,48.0,yes,High,cash,Cash,9.67,1.65,11.32,6.449999999999999,1.65,8.1
920172408,2017_3Q,2017,2017.5,KENUGA,KEN,UGA,UBA Africash,Bank,Bank branch,Less than one hour,0.5,yes,Medium,cash,Cash,2.8599999999999994,1.16,4.02,1.86,1.16,3.02
920172409,2017_3Q,2017,2017.5,KENUGA,KEN,UGA,United Bank for Africa (UBA),Bank,"Bank branch,Call Center,Internet",Next day,24.0,yes,Medium,bank account,Bank account transfer,9.17,1.16,10.33,3.67,1.16,4.83
920172410,2017_3Q,2017,2017.5,KENUGA,KEN,UGA,Western Union,Money Transfer Operator,Agent,Less than one hour,0.5,yes,High,cash,Cash,7.34,1.67,9.01,5.87,1.67,7.54
920172411,2017_3Q,2017,2017.5,KENUGA,KEN,UGA,Xpress Money,Money Transfer Operator,Agent,Less than one hour,0.5,yes,Medium,cash,Cash,2.2199999999999998,1.58,3.8,1.33,1.58,2.91
920173145,2017_3Q,2017,2017.5,RWAKEN,RWA,KEN,Ecobank,Bank,Bank branch,Next day,24.0,yes,High,bank account,Bank account transfer,2.5699999999999994,1.74,4.31,1.03,1.74,2.77
920173146,2017_3Q,2017,2017.5,RWAKEN,RWA,KEN,Xpress Money,Money Transfer Operator,Agent,Same day,12.0,yes,High,mobile wallet,Cash,4.6,1.99,6.59,6.0,1.99,7.99
920173147,2017_3Q,2017,2017.5,RWAKEN,RWA,KEN,KCB,Bank,Bank branch,Next day,24.0,yes,High,bank account,Bank account transfer,1.04,2.27,3.31,1.04,2.27,3.31
920173148,2017_3Q,2017,2017.5,RWAKEN,RWA,KEN,MoneyGram,Money Transfer Operator,Agent,Less than one hour,0.5,yes,High,cash,Cash,8.66,1.49,10.15,6.93,1.49,8.42
920173149,2017_3Q,2017,2017.5,RWAKEN,RWA,KEN,MTN Mobile Money,Mobile Operator,Mobile phone,Less than one hour,0.5,yes,High,mobile wallet,Mobile money,5.33,1.99,7.32,3.2,1.99,5.19
920173150,2017_3Q,2017,2017.5,RWAKEN,RWA,KEN,Tigo,Mobile Operator,Mobile phone,Less than one hour,0.5,yes,High,mobile wallet,Mobile money,0.5999999999999999,1.82,2.42,0.30000000000000004,1.82,2.12
920173151,2017_3Q,2017,2017.5,RWAKEN,RWA,KEN,Use Remit,Money Transfer Operator,Internet,Less than one hour,0.5,yes,High,mobile wallet,Bank account transfer,0.5600000000000003,1.66,2.22,0.29000000000000004,1.66,1.95
920173152,2017_3Q,2017,2017.5,RWAKEN,RWA,KEN,Western Union,Money Transfer Operator,Agent,Less than one hour,0.5,yes,High,cash,Cash,11.5,1.6,13.1,0.5699999999999998,1.6,2.17
920173153,2017_3Q,2017,2017.5,RWAKEN,RWA,KEN,Xpress Money,Money Transfer Operator,Agent,Same day,12.0,yes,High,cash,Cash,4.6,1.99,6.59,4.27,1.99,6.26
920173517,2017_3Q,2017,2017.5,TZAKEN,TZA,KEN,KCB,Bank,"Bank branch,Call Center",Less than one hour,0.5,yes,High,bank account (same/partner bank),Bank account transfer,10.0,1.5,11.5,4.0,1.5,5.5
920173518,2017_3Q,2017,2017.5,TZAKEN,TZA,KEN,KCB,Bank,"Bank branch,Call Center",Next day,24.0,yes,High,bank account,Bank account transfer,20.0,1.5,21.5,8.0,1.5,9.5
920173519,2017_3Q,2017,2017.5,TZAKEN,TZA,KEN,MoneyGram,Money Transfer Operator,Agent,Less than one hour,0.5,yes,High,cash,Cash,5.4,1.25,6.65,4.63,1.25,5.88
920173520,2017_3Q,2017,2017.5,TZAKEN,TZA,KEN,M-Pesa,Mobile Operator,Mobile phone,Less than one hour,0.5,yes,High,cash,Mobile money,2.0700000000000003,1.16,3.23,1.1900000000000002,1.16,2.35
920173521,2017_3Q,2017,2017.5,TZAKEN,TZA,KEN,NBC,Bank,"Bank branch,Call Center",Next day,24.0,yes,High,bank account,Bank account transfer,25.0,0.78,25.78,10.0,0.78,10.78
920173522,2017_3Q,2017,2017.5,TZAKEN,TZA,KEN,Stanbic Bank,Bank,"Bank branch,Call Center",Next day,24.0,yes,High,bank account,Bank account transfer,27.5,0.9,28.4,11.0,0.9,11.9
920173523,2017_3Q,2017,2017.5,TZAKEN,TZA,KEN,Tanzania Postal Corporation,Post office,Post Office branch,Next day,24.0,yes,High,cash,Cash,7.3999999999999995,0.87,8.27,5.92,0.87,6.79
920173524,2017_3Q,2017,2017.5,TZAKEN,TZA,KEN,UBA Africash,Bank,Bank branch,Same day,12.0,yes,Low,cash,Cash,3.3400000000000003,0.81,4.15,2.2399999999999998,0.81,3.05
920173525,2017_3Q,2017,2017.5,TZAKEN,TZA,KEN,Western Union,Money Transfer Operator,Agent,Less than one hour,0.5,yes,High,cash,Cash,5.4399999999999995,1.28,6.72,3.67,1.28,4.95
920173526,2017_3Q,2017,2017.5,TZAKEN,TZA,KEN,Xpress Money,Money Transfer Operator,Agent,Less than one hour,0.5,yes,High,cash,Cash,4.0,0.96,4.96,4.08,0.96,5.04
920173527,2017_3Q,2017,2017.5,TZARWA,TZA,RWA,Barclays,Bank,"Bank branch,Call Center",Next day,24.0,yes,Medium,bank account,Bank account transfer,17.5,0.78,18.28,7.0,0.78,7.78
920173528,2017_3Q,2017,2017.5,TZARWA,TZA,RWA,CRDB Bank,Bank,"Bank branch,Call Center",Next day,24.0,yes,Medium,bank account,Bank account transfer,28.0,0.92,28.92,11.2,0.92,12.12
920173529,2017_3Q,2017,2017.5,TZARWA,TZA,RWA,KCB,Bank,"Bank branch,Call Center",Same day,12.0,yes,Medium,bank account (same/partner bank),Bank account transfer,10.0,1.5,11.5,4.0,1.5,5.5
920173530,2017_3Q,2017,2017.5,TZARWA,TZA,RWA,KCB,Bank,"Bank branch,Call Center",Next day,24.0,yes,Medium,bank account,Bank account transfer,20.0,1.5,21.5,8.0,1.5,9.5
920173531,2017_3Q,2017,2017.5,TZARWA,TZA,RWA,MoneyGram,Money Transfer Operator,Agent,Less than one hour,0.5,yes,High,cash,Cash,5.4,1.25,6.65,4.63,1.25,5.88
920173532,2017_3Q,2017,2017.5,TZARWA,TZA,RWA,NBC,Bank,"Bank branch,Call Center",Next day,24.0,yes,Medium,bank account,Bank account transfer,25.0,0.78,25.78,10.0,0.78,10.78
920173533,2017_3Q,2017,2017.5,TZARWA,TZA,RWA,NMB (National Microfinance Bank),Non-Bank FI,"Bank branch,Call Center",Next day,24.0,yes,Medium,bank account,Bank account transfer,25.0,0.74,25.74,10.0,0.74,10.74
920173534,2017_3Q,2017,2017.5,TZARWA,TZA,RWA,Stanbic Bank,Bank,"Bank branch,Call Center",Next day,24.0,yes,Medium,bank account,Bank account transfer,27.5,0.9,28.4,11.0,0.9,11.9
920173535,2017_3Q,2017,2017.5,TZARWA,TZA,RWA,Tanzania Postal Corporation,Post office,Post Office branch,Next day,24.0,yes,Low,cash,Cash,7.3999999999999995,0.87,8.27,5.92,0.87,6.79
920173536,2017_3Q,2017,2017.5,TZARWA,TZA,RWA,Tigo,Mobile Operator,Mobile phone,Less than one hour,0.5,yes,High,cash,Mobile money,0.29999999999999993,0.9,1.2,0.37,0.9,1.27
920173537,2017_3Q,2017,2017.5,TZARWA,TZA,RWA,UBA Africash,Bank,Bank branch,Same day,12.0,yes,Low,cash,Cash,3.3400000000000003,0.81,4.15,2.2399999999999998,0.81,3.05
920173538,2017_3Q,2017,2017.5,TZARWA,TZA,RWA,Western Union,Money Transfer Operator,Agent,Less than one hour,0.5,yes,High,cash,Cash,5.4399999999999995,1.28,6.72,3.67,1.28,4.95
920173539,2017_3Q,2017,2017.5,TZARWA,TZA,RWA,Xpress Money,Money Transfer Operator,Agent,Same day,12.0,yes,High,cash,Cash,4.0,0.96,4.96,4.08,0.96,5.04
920173540,2017_3Q,2017,2017.5,TZAUGA,TZA,UGA,Barclays,Bank,"Bank branch,Call Center",Next day,24.0,yes,Medium,bank account,Bank account transfer,17.5,0.78,18.28,7.0,0.78,7.78
920173541,2017_3Q,2017,2017.5,TZAUGA,TZA,UGA,CRDB Bank,Bank,"Bank branch,Call Center",Next day,24.0,yes,Medium,bank account,Bank account transfer,28.0,0.92,28.92,11.2,0.92,12.12
920173542,2017_3Q,2017,2017.5,TZAUGA,TZA,UGA,KCB,Bank,"Bank branch,Call Center",Same day,12.0,yes,Medium,bank account (same/partner bank),Bank account transfer,10.0,1.5,11.5,4.0,1.5,5.5
920173543,2017_3Q,2017,2017.5,TZAUGA,TZA,UGA,KCB,Bank,"Bank branch,Call Center",Next day,24.0,yes,Medium,bank account,Bank account transfer,20.0,1.5,21.5,8.0,1.5,9.5
920173544,2017_3Q,2017,2017.5,TZAUGA,TZA,UGA,MoneyGram,Money Transfer Operator,Agent,Less than one hour,0.5,yes,High,cash,Cash,5.4,1.25,6.65,4.63,1.25,5.88
920173545,2017_3Q,2017,2017.5,TZAUGA,TZA,UGA,NBC,Bank,"Bank branch,Call Center",Next day,24.0,yes,Medium,bank account,Bank account transfer,25.0,0.78,25.78,10.0,0.78,10.78
920173546,2017_3Q,2017,2017.5,TZAUGA,TZA,UGA,NMB (National Microfinance Bank),Non-Bank FI,"Bank branch,Call Center",Next day,24.0,yes,Medium,bank account,Bank account transfer,25.0,0.74,25.74,10.0,0.74,10.74
920173547,2017_3Q,2017,2017.5,TZAUGA,TZA,UGA,Stanbic Bank,Bank,"Bank branch,Call Center",Next day,24.0,yes,Medium,bank account,Bank account transfer,27.5,0.9,28.4,11.0,0.9,11.9
920173548,2017_3Q,2017,2017.5,TZAUGA,TZA,UGA,Tanzania Postal Corporation,Post office,Post Office branch,Less than one hour,0.5,yes,High,cash,Cash,7.3999999999999995,0.87,8.27,5.92,0.87,6.79
920173549,2017_3Q,2017,2017.5,TZAUGA,TZA,UGA,UBA Africash,Bank,Bank branch,Same day,12.0,yes,Low,cash,Cash,3.3400000000000003,0.81,4.15,2.2399999999999998,0.81,3.05
920173550,2017_3Q,2017,2017.5,TZAUGA,TZA,UGA,Western Union,Money Transfer Operator,Agent,Less than one hour,0.5,yes,High,cash,Cash,5.4399999999999995,1.28,6.72,3.67,1.28,4.95
920173551,2017_3Q,2017,2017.5,TZAUGA,TZA,UGA,Xpress Money,Money Transfer Operator,Agent,Same day,12.0,yes,High,cash,Cash,4.0,0.96,4.96,4.08,0.96,5.04
1220172379,2017_4Q,2017,2017.75,KENRWA,KEN,RWA,MoneyGram,Money Transfer Operator,Agent,Less than one hour,0.5,yes,High,cash,Cash,1.75,4.74,6.49,1.75,4.74,6.49
1220172380,2017_4Q,2017,2017.75,KENRWA,KEN,RWA,Ecobank,Bank,Bank branch,Next day,24.0,yes,Medium,cash,Cash,14.999999999999998,2.97,17.97,6.0,2.97,8.97
1220172381,2017_4Q,2017,2017.75,KENRWA,KEN,RWA,Western Union,Money Transfer Operator,Agent,Less than one hour,0.5,yes,High,cash,Cash,7.339999999999999,1.95,9.29,5.87,1.95,7.82
1220172382,2017_4Q,2017,2017.75,KENRWA,KEN,RWA,M-Pesa,Mobile Operator,Mobile phone,Less than one hour,0.5,yes,High,cash,Mobile money,0.56,1.54,2.1,0.24,1.54,1.78
1220172383,2017_4Q,2017,2017.75,KENRWA,KEN,RWA,Xpress Money,Money Transfer Operator,Agent,Less than one hour,0.5,yes,Medium,cash,Cash,2.219999999999999,18.69,20.91,1.3299999999999983,18.69,20.02
1220172384,2017_4Q,2017,2017.75,KENSSD,KEN,SSD,ABC Bank,Money Transfer Operator,"Bank branch,Call Center,Internet",Next day,24.0,yes,Low,bank account,Bank account transfer,9.17,1.95,11.12,3.67,1.95,5.62
1220172385,2017_4Q,2017,2017.75,KENSSD,KEN,SSD,Citibank,Bank,"Bank branch,Call Center,Internet",Next day,24.0,yes,Low,bank account,Bank account transfer,10.0,1.54,11.54,4.0,1.54,5.54
1220172386,2017_4Q,2017,2017.75,KENSSD,KEN,SSD,Development Bank of Kenya,Bank,"Bank branch,Call Center,Internet",Next day,24.0,yes,Low,bank account,Bank account transfer,11.4,2.16,13.56,4.74,2.16,6.9
1220172387,2017_4Q,2017,2017.75,KENSSD,KEN,SSD,Ecobank,Bank,Bank branch,Next day,24.0,yes,Low,bank account,Cash,14.999999999999998,2.97,17.97,6.0,2.97,8.97
1220172388,2017_4Q,2017,2017.75,KENSSD,KEN,SSD,Equatorial Commercial Bank,Bank,"Bank branch,Call Center,Internet",Next day,24.0,yes,Low,bank account,Bank account transfer,9.17,1.59,10.76,3.67,1.59,5.26
1220172389,2017_4Q,2017,2017.75,KENSSD,KEN,SSD,GT Bank,Bank,"Bank branch,Call Center,Internet",Next day,24.0,yes,Low,bank account,Bank account transfer,9.170000000000002,1.54,10.71,3.67,1.54,5.21
1220172390,2017_4Q,2017,2017.75,KENSSD,KEN,SSD,KCB,Bank,"Bank branch,Call Center,Internet",Next day,24.0,yes,Low,bank account,Bank account transfer,12.229999999999999,1.64,13.87,4.890000000000001,1.64,6.53
1220172391,2017_4Q,2017,2017.75,KENSSD,KEN,SSD,MoneyGram,Money Transfer Operator,Agent,Less than one hour,0.5,yes,Low,cash,Cash,1.75,2.91,4.66,1.75,2.91,4.66
1220172392,2017_4Q,2017,2017.75,KENSSD,KEN,SSD,United Bank for Africa (UBA),Bank,"Bank branch,Call Center,Internet",Next day,24.0,yes,Low,bank account,Bank account transfer,9.16,1.73,10.89,3.6599999999999997,1.73,5.39
1220172393,2017_4Q,2017,2017.75,KENSSD,KEN,SSD,Western Union,Money Transfer Operator,Agent,Less than one hour,0.5,yes,Low,cash,Cash,7.339999999999999,1.95,9.29,5.87,1.95,7.82
1220172394,2017_4Q,2017,2017.75,KENTZA,KEN,TZA,ABC Bank,Money Transfer Operator,"Bank branch,Call Center,Internet",Next day,24.0,yes,Medium,bank account,Bank account transfer,9.17,1.95,11.12,3.67,1.95,5.62
1220172395,2017_4Q,2017,2017.75,KENTZA,KEN,TZA,Citibank,Bank,"Bank branch,Call Center,Internet",Next day,24.0,yes,Medium,bank account,Bank account transfer,10.0,1.54,11.54,4.0,1.54,5.54
1220172396,2017_4Q,2017,2017.75,KENTZA,KEN,TZA,Development Bank of Kenya,Bank,"Bank branch,Call Center,Internet",Next day,24.0,yes,Medium,bank account,Bank account transfer,11.4,2.16,13.56,4.74,2.16,6.9
1220172397,2017_4Q,2017,2017.75,KENTZA,KEN,TZA,Ecobank,Bank,Bank branch,Next day,24.0,yes,Low,cash,Cash,14.999999999999998,2.97,17.97,6.0,2.97,8.97
1220172398,2017_4Q,2017,2017.75,KENTZA,KEN,TZA,Equatorial Commercial Bank,Bank,"Bank branch,Call Center,Internet",Next day,24.0,yes,Medium,bank account,Bank account transfer,9.17,1.59,10.76,3.67,1.59,5.26
1220172399,2017_4Q,2017,2017.75,KENTZA,KEN,TZA,GT Bank,Bank,"Bank branch,Call Center,Internet",Next day,24.0,yes,Medium,bank account,Bank account transfer,9.170000000000002,1.54,10.71,3.67,1.54,5.21
1220172400,2017_4Q,2017,2017.75,KENTZA,KEN,TZA,KCB,Bank,"Bank branch,Call Center,Internet",Next day,24.0,yes,Medium,bank account,Bank account transfer,12.229999999999999,1.64,13.87,4.890000000000001,1.64,6.53
1220172401,2017_4Q,2017,2017.75,KENTZA,KEN,TZA,MoneyGram,Money Transfer Operator,Agent,Less than one hour,0.5,yes,High,cash,Cash,1.7500000000000004,2.57,4.32,1.7500000000000004,2.57,4.32
1220172402,2017_4Q,2017,2017.75,KENTZA,KEN,TZA,Posta Kenya,Post office,Post Office branch,2 days,48.0,yes,High,cash,Cash,9.66,1.09,10.75,6.44,1.09,7.53
1220172403,2017_4Q,2017,2017.75,KENTZA,KEN,TZA,UBA Africash,Bank,Bank branch,Less than one hour,0.5,yes,Medium,cash,Cash,2.85,1.73,4.58,1.85,1.73,3.58
1220172404,2017_4Q,2017,2017.75,KENTZA,KEN,TZA,United Bank for Africa (UBA),Bank,"Bank branch,Call Center,Internet",Next day,24.0,yes,Medium,bank account,Bank account transfer,9.16,1.73,10.89,3.6599999999999997,1.73,5.39
1220172405,2017_4Q,2017,2017.75,KENTZA,KEN,TZA,Western Union,Money Transfer Operator,Agent,Less than one hour,0.5,yes,High,cash,Cash,7.339999999999999,1.95,9.29,5.87,1.95,7.82
1220172406,2017_4Q,2017,2017.75,KENTZA,KEN,TZA,M-Pesa,Mobile Operator,Mobile phone,Less than one hour,0.5,yes,High,cash,Mobile money,0.56,1.54,2.1,0.24,1.54,1.78
1220172407,2017_4Q,2017,2017.75,KENTZA,KEN,TZA,Xpress Money,Money Transfer Operator,Agent,Less than one hour,0.5,yes,Medium,cash,Cash,2.2299999999999995,2.74,4.97,1.3399999999999999,2.74,4.08
1220172408,2017_4Q,2017,2017.75,KENUGA,KEN,UGA,GT Bank,Bank,"Bank branch,Call Center,Internet",Next day,24.0,yes,Medium,bank account,Bank account transfer,9.170000000000002,1.54,10.71,3.67,1.54,5.21
1220172409,2017_4Q,2017,2017.75,KENUGA,KEN,UGA,Development Bank of Kenya,Bank,"Bank branch,Call Center,Internet",Next day,24.0,yes,Medium,bank account,Bank account transfer,11.4,2.16,13.56,4.74,2.16,6.9
1220172410,2017_4Q,2017,2017.75,KENUGA,KEN,UGA,Equatorial Commercial Bank,Bank,"Bank branch,Call Center,Internet",Next day,24.0,yes,Medium,bank account,Bank account transfer,9.17,1.59,10.76,3.67,1.59,5.26
1220172411,2017_4Q,2017,2017.75,KENUGA,KEN,UGA,United Bank for Africa (UBA),Bank,"Bank branch,Call Center,Internet",Next day,24.0,yes,Medium,bank account,Bank account transfer,9.16,1.73,10.89,3.6599999999999997,1.73,5.39
1220172412,2017_4Q,2017,2017.75,KENUGA,KEN,UGA,KCB,Bank,"Bank branch,Call Center,Internet",Next day,24.0,yes,Medium,bank account,Bank account transfer,12.229999999999999,1.64,13.87,4.890000000000001,1.64,6.53
1220172413,2017_4Q,2017,2017.75,KENUGA,KEN,UGA,ABC Bank,Money Transfer Operator,"Bank branch,Call Center,Internet",Next day,24.0,yes,Medium,bank account,Bank account transfer,9.17,1.95,11.12,3.67,1.95,5.62
1220172414,2017_4Q,2017,2017.75,KENUGA,KEN,UGA,Citibank,Bank,"Bank branch,Call Center,Internet",Next day,24.0,yes,Medium,bank account,Bank account transfer,10.0,1.54,11.54,4.0,1.54,5.54
1220172415,2017_4Q,2017,2017.75,KENUGA,KEN,UGA,Ecobank,Bank,Bank branch,Same day,12.0,yes,Low,cash,Cash,14.999999999999998,2.97,17.97,6.0,2.97,8.97
1220172416,2017_4Q,2017,2017.75,KENUGA,KEN,UGA,UBA Africash,Bank,Bank branch,Less than one hour,0.5,yes,Medium,cash,Cash,2.85,1.73,4.58,1.85,1.73,3.58
1220172417,2017_4Q,2017,2017.75,KENUGA,KEN,UGA,Posta Kenya,Post office,Post Office branch,2 days,48.0,yes,High,cash,Cash,9.66,1.09,10.75,6.44,1.09,7.53
1220172418,2017_4Q,2017,2017.75,KENUGA,KEN,UGA,MoneyGram,Money Transfer Operator,Agent,Less than one hour,0.5,yes,High,cash,Cash,1.75,2.79,4.54,1.75,2.79,4.54
1220172419,2017_4Q,2017,2017.75,KENUGA,KEN,UGA,Western Union,Money Transfer Operator,Agent,Less than one hour,0.5,yes,High,cash,Cash,7.339999999999999,1.95,9.29,5.87,1.95,7.82
1220172420,2017_4Q,2017,2017.75,KENUGA,KEN,UGA,M-Pesa,Mobile Operator,Mobile phone,Less than one hour,0.5,yes,High,cash,Mobile money,0.56,1.54,2.1,0.24,1.54,1.78
1220172421,2017_4Q,2017,2017.75,KENUGA,KEN,UGA,Xpress Money,Money Transfer Operator,Agent,Less than one hour,0.5,yes,Medium,cash,Cash,2.22,2.56,4.78,1.33,2.56,3.89
1220173157,2017_4Q,2017,2017.75,RWAKEN,RWA,KEN,Ecobank RapidCash,Bank,Bank branch,Next day,24.0,yes,High,bank account,Bank account transfer,2.5700000000000003,2.58,5.15,2.1899999999999995,2.58,4.77
1220173158,2017_4Q,2017,2017.75,RWAKEN,RWA,KEN,KCB,Bank,Bank branch,Next day,24.0,yes,High,bank account,Bank account transfer,1.0,2.58,3.58,1.0,2.58,3.58
1220173159,2017_4Q,2017,2017.75,RWAKEN,RWA,KEN,MoneyGram,Money Transfer Operator,Agent,Less than one hour,0.5,yes,High,cash,Cash,0.49999999999999994,0.44,0.94,0.49999999999999994,0.44,0.94
1220173160,2017_4Q,2017,2017.75,RWAKEN,RWA,KEN,MTN Mobile Money,Mobile Operator,Mobile phone,Less than one hour,0.5,yes,High,mobile wallet,Mobile money,6.0,3.41,9.41,2.67,3.41,6.08
1220173161,2017_4Q,2017,2017.75,RWAKEN,RWA,KEN,Use Remit,Money Transfer Operator,Internet,Less than one hour,0.5,yes,High,mobile wallet,Bank account transfer,0.57,0.93,1.5,0.29999999999999993,0.93,1.23
1220173162,2017_4Q,2017,2017.75,RWAKEN,RWA,KEN,Western Union,Money Transfer Operator,Agent,Less than one hour,0.5,yes,High,cash,Cash,11.5,2.83,14.33,0.5800000000000001,2.83,3.41
1220173163,2017_4Q,2017,2017.75,RWAKEN,RWA,KEN,Xpress Money,Money Transfer Operator,Agent,Same day,12.0,yes,High,cash,Cash,4.609999999999999,3.58,8.19,4.27,3.58,7.85
1220173164,2017_4Q,2017,2017.75,RWAKEN,RWA,KEN,Tigo,Mobile Operator,Mobile phone,Less than one hour,0.5,yes,High,mobile wallet,Mobile money,0.5999999999999996,3.41,4.01,0.29000000000000004,3.41,3.7
1220173165,2017_4Q,2017,2017.75,RWAKEN,RWA,KEN,Xpress Money,Money Transfer Operator,Agent,Same day,12.0,yes,High,mobile wallet,Cash,3.1100000000000003,3.58,6.69,1.87,3.58,5.45
1220173515,2017_4Q,2017,2017.75,TZAKEN,TZA,KEN,KCB,Bank,"Bank branch,Call Center",Less than one hour,0.5,yes,High,bank account (same/partner bank),Bank account transfer,10.0,1.99,11.99,4.0,1.99,5.99
1220173516,2017_4Q,2017,2017.75,TZAKEN,TZA,KEN,KCB,Bank,"Bank branch,Call Center",Next day,24.0,yes,High,bank account,Bank account transfer,20.0,1.99,21.99,8.0,1.99,9.99
1220173517,2017_4Q,2017,2017.75,TZAKEN,TZA,KEN,NBC,Bank,"Bank branch,Call Center",Next day,24.0,yes,High,bank account,Bank account transfer,24.99,0.87,25.86,10.0,0.87,10.87
1220173518,2017_4Q,2017,2017.75,TZAKEN,TZA,KEN,Stanbic Bank,Bank,"Bank branch,Call Center",Next day,24.0,yes,High,bank account,Bank account transfer,27.5,1.32,28.82,11.0,1.32,12.32
1220173519,2017_4Q,2017,2017.75,TZAKEN,TZA,KEN,UBA Africash,Bank,Bank branch,Same day,12.0,yes,Low,cash,Cash,3.34,1.32,4.66,2.2299999999999995,1.32,3.55
1220173520,2017_4Q,2017,2017.75,TZAKEN,TZA,KEN,Western Union,Money Transfer Operator,Agent,Less than one hour,0.5,yes,High,cash,Cash,5.449999999999999,2.44,7.89,3.6700000000000004,2.44,6.11
1220173521,2017_4Q,2017,2017.75,TZAKEN,TZA,KEN,MoneyGram,Money Transfer Operator,Agent,Less than one hour,0.5,yes,High,cash,Cash,6.360000000000001,2.28,8.64,5.450000000000001,2.28,7.73
1220173522,2017_4Q,2017,2017.75,TZAKEN,TZA,KEN,Tanzania Postal Corporation,Post office,Post Office branch,Next day,24.0,yes,High,cash,Cash,7.389999999999999,2.22,9.61,5.92,2.22,8.14
1220173523,2017_4Q,2017,2017.75,TZAKEN,TZA,KEN,M-Pesa,Mobile Operator,Mobile phone,Less than one hour,0.5,yes,High,cash,Mobile money,2.06,0.87,2.93,1.19,0.87,2.06
1220173524,2017_4Q,2017,2017.75,TZAKEN,TZA,KEN,Xpress Money,Money Transfer Operator,Agent,Less than one hour,0.5,yes,High,cash,Cash,3.3899999999999997,4.45,7.84,3.45,4.45,7.9
1220173525,2017_4Q,2017,2017.75,TZARWA,TZA,RWA,KCB,Bank,"Bank branch,Call Center",Same day,12.0,yes,Medium,bank account (same/partner bank),Bank account transfer,10.0,1.99,11.99,4.0,1.99,5.99
1220173526,2017_4Q,2017,2017.75,TZARWA,TZA,RWA,Barclays,Bank,"Bank branch,Call Center",Next day,24.0,no,Medium,bank account,Bank account transfer,17.5,0.0,17.5,7.0,0.0,7.0
1220173527,2017_4Q,2017,2017.75,TZARWA,TZA,RWA,KCB,Bank,"Bank branch,Call Center",Next day,24.0,yes,Medium,bank account,Bank account transfer,20.0,1.99,21.99,8.0,1.99,9.99
1220173528,2017_4Q,2017,2017.75,TZARWA,TZA,RWA,NBC,Bank,"Bank branch,Call Center",Next day,24.0,yes,Medium,bank account,Bank account transfer,24.99,0.87,25.86,10.0,0.87,10.87
1220173529,2017_4Q,2017,2017.75,TZARWA,TZA,RWA,NMB (National Microfinance Bank),Non-Bank FI,"Bank branch,Call Center",Next day,24.0,yes,Medium,bank account,Bank account transfer,24.990000000000002,2.15,27.14,10.0,2.15,12.15
1220173530,2017_4Q,2017,2017.75,TZARWA,TZA,RWA,CRDB Bank,Bank,"Bank branch,Call Center",Next day,24.0,yes,Medium,bank account,Bank account transfer,28.0,3.12,31.12,11.2,3.12,14.32
1220173531,2017_4Q,2017,2017.75,TZARWA,TZA,RWA,Stanbic Bank,Bank,"Bank branch,Call Center",Next day,24.0,yes,Medium,bank account,Bank account transfer,27.5,1.32,28.82,11.0,1.32,12.32
1220173532,2017_4Q,2017,2017.75,TZARWA,TZA,RWA,MoneyGram,Money Transfer Operator,Agent,Less than one hour,0.5,yes,High,cash,Cash,6.369999999999999,3.98,10.35,5.459999999999999,3.98,9.44
1220173533,2017_4Q,2017,2017.75,TZARWA,TZA,RWA,Western Union,Money Transfer Operator,Agent,Less than one hour,0.5,yes,High,cash,Cash,5.449999999999999,2.44,7.89,3.6700000000000004,2.44,6.11
1220173534,2017_4Q,2017,2017.75,TZARWA,TZA,RWA,Tanzania Postal Corporation,Post office,Post Office branch,Next day,24.0,yes,Low,cash,Cash,7.389999999999999,2.22,9.61,5.92,2.22,8.14
1220173535,2017_4Q,2017,2017.75,TZARWA,TZA,RWA,UBA Africash,Bank,Bank branch,Same day,12.0,yes,Low,cash,Cash,3.34,1.32,4.66,2.2299999999999995,1.32,3.55
1220173536,2017_4Q,2017,2017.75,TZARWA,TZA,RWA,Tigo,Mobile Operator,Mobile phone,Less than one hour,0.5,yes,High,cash,Mobile money,0.30999999999999994,0.87,1.18,0.37,0.87,1.24
1220173537,2017_4Q,2017,2017.75,TZARWA,TZA,RWA,Xpress Money,Money Transfer Operator,Agent,Same day,12.0,yes,High,cash,Cash,3.3900000000000006,17.61,21.0,3.4499999999999993,17.61,21.06
1220173538,2017_4Q,2017,2017.75,TZAUGA,TZA,UGA,KCB,Bank,"Bank branch,Call Center",Same day,12.0,yes,Medium,bank account (same/partner bank),Bank account transfer,10.0,1.99,11.99,4.0,1.99,5.99
1220173539,2017_4Q,2017,2017.75,TZAUGA,TZA,UGA,Barclays,Bank,"Bank branch,Call Center",Next day,24.0,no,Medium,bank account,Bank account transfer,17.5,0.0,17.5,7.0,0.0,7.0
1220173540,2017_4Q,2017,2017.75,TZAUGA,TZA,UGA,KCB,Bank,"Bank branch,Call Center",Next day,24.0,yes,Medium,bank account,Bank account transfer,20.0,1.99,21.99,8.0,1.99,9.99
1220173541,2017_4Q,2017,2017.75,TZAUGA,TZA,UGA,NBC,Bank,"Bank branch,Call Center",Next day,24.0,yes,Medium,bank account,Bank account transfer,24.99,0.87,25.86,10.0,0.87,10.87
1220173542,2017_4Q,2017,2017.75,TZAUGA,TZA,UGA,NMB (National Microfinance Bank),Non-Bank FI,"Bank branch,Call Center",Next day,24.0,yes,Medium,bank account,Bank account transfer,24.990000000000002,2.15,27.14,10.0,2.15,12.15
1220173543,2017_4Q,2017,2017.75,TZAUGA,TZA,UGA,CRDB Bank,Bank,"Bank branch,Call Center",Next day,24.0,yes,Medium,bank account,Bank account transfer,28.0,3.12,31.12,11.2,3.12,14.32
1220173544,2017_4Q,2017,2017.75,TZAUGA,TZA,UGA,Stanbic Bank,Bank,"Bank branch,Call Center",Next day,24.0,yes,Medium,bank account,Bank account transfer,27.5,1.32,28.82,11.0,1.32,12.32
1220173545,2017_4Q,2017,2017.75,TZAUGA,TZA,UGA,MoneyGram,Money Transfer Operator,Agent,Less than one hour,0.5,yes,High,cash,Cash,6.36,2.38,8.74,5.45,2.38,7.83
1220173546,2017_4Q,2017,2017.75,TZAUGA,TZA,UGA,Western Union,Money Transfer Operator,Agent,Less than one hour,0.5,yes,High,cash,Cash,5.449999999999999,2.44,7.89,3.6700000000000004,2.44,6.11
1220173547,2017_4Q,2017,2017.75,TZAUGA,TZA,UGA,Tanzania Postal Corporation,Post office,Post Office branch,Less than one hour,0.5,yes,High,cash,Cash,7.389999999999999,2.22,9.61,5.92,2.22,8.14
1220173548,2017_4Q,2017,2017.75,TZAUGA,TZA,UGA,UBA Africash,Bank,Bank branch,Same day,12.0,yes,Low,cash,Cash,3.34,1.32,4.66,2.2299999999999995,1.32,3.55
1220173549,2017_4Q,2017,2017.75,TZAUGA,TZA,UGA,Xpress Money,Money Transfer Operator,Agent,Same day,12.0,yes,High,cash,Cash,3.3900000000000006,1.59,4.98,3.45,1.59,5.04
320180200,2018_1Q,2018,2018.0,TZAKEN,TZA,KEN,KCB,Bank,"Bank branch,Call Center",Less than one hour,0.5,yes,High,bank account (same/partner bank),Bank account transfer,9.99,1.24,11.23,4.0,1.24,5.24
320180201,2018_1Q,2018,2018.0,TZAKEN,TZA,KEN,KCB,Bank,"Bank branch,Call Center",Next day,24.0,yes,High,bank account,Bank account transfer,19.990000000000002,1.24,21.23,8.0,1.24,9.24
320180860,2018_1Q,2018,2018.0,KENRWA,KEN,RWA,MoneyGram,Money Transfer Operator,Agent,Less than one hour,0.5,yes,High,cash,Cash,1.75,3.74,5.49,1.75,3.74,5.49
320180861,2018_1Q,2018,2018.0,KENRWA,KEN,RWA,Ecobank,Bank,Bank branch,Next day,24.0,yes,Medium,cash,Cash,15.0,1.41,16.41,6.0,1.41,7.41
320180862,2018_1Q,2018,2018.0,KENRWA,KEN,RWA,Western Union,Money Transfer Operator,Agent,Less than one hour,0.5,yes,High,cash,Cash,7.33,1.52,8.85,5.859999999999999,1.52,7.38
320180863,2018_1Q,2018,2018.0,KENUGA,KEN,UGA,GT Bank,Bank,"Bank branch,Call Center,Internet",Next day,24.0,yes,Medium,bank account,Bank account transfer,9.17,3.74,12.91,3.67,3.74,7.41
320180864,2018_1Q,2018,2018.0,KENUGA,KEN,UGA,Development Bank of Kenya,Bank,"Bank branch,Call Center,Internet",Next day,24.0,yes,Medium,bank account,Bank account transfer,11.4,1.52,12.92,4.74,1.52,6.26
320180865,2018_1Q,2018,2018.0,KENUGA,KEN,UGA,Equatorial Commercial Bank,Bank,"Bank branch,Call Center,Internet",Next day,24.0,yes,Medium,bank account,Bank account transfer,9.16,1.72,10.88,3.66,1.72,5.38
320180866,2018_1Q,2018,2018.0,KENUGA,KEN,UGA,United Bank for Africa (UBA),Bank,"Bank branch,Call Center,Internet",Next day,24.0,yes,Medium,bank account,Bank account transfer,9.16,1.17,10.33,3.66,1.17,4.83
320180867,2018_1Q,2018,2018.0,KENUGA,KEN,UGA,KCB,Bank,"Bank branch,Call Center,Internet",Next day,24.0,yes,Medium,bank account,Bank account transfer,12.219999999999999,0.71,12.93,4.88,0.71,5.59
320180868,2018_1Q,2018,2018.0,KENUGA,KEN,UGA,ABC Bank,Money Transfer Operator,"Bank branch,Call Center,Internet",Next day,24.0,yes,Medium,bank account,Bank account transfer,9.16,1.72,10.88,3.66,1.72,5.38
320180869,2018_1Q,2018,2018.0,KENUGA,KEN,UGA,Citibank,Bank,"Bank branch,Call Center,Internet",Next day,24.0,yes,Medium,bank account,Bank account transfer,10.0,2.58,12.58,4.0,2.58,6.58
320180870,2018_1Q,2018,2018.0,KENUGA,KEN,UGA,Ecobank,Bank,Bank branch,Same day,12.0,yes,Low,cash,Cash,15.0,1.41,16.41,6.0,1.41,7.41
320180871,2018_1Q,2018,2018.0,KENUGA,KEN,UGA,UBA Africash,Bank,Bank branch,Less than one hour,0.5,yes,Medium,cash,Cash,2.8499999999999996,1.17,4.02,1.85,1.17,3.02
320180872,2018_1Q,2018,2018.0,KENUGA,KEN,UGA,Posta Kenya,Post office,Post Office branch,2 days,48.0,yes,High,cash,Cash,9.66,1.39,11.05,6.44,1.39,7.83
320180873,2018_1Q,2018,2018.0,KENUGA,KEN,UGA,MoneyGram,Money Transfer Operator,Agent,Less than one hour,0.5,yes,High,cash,Cash,1.75,2.7,4.45,1.75,2.7,4.45
320180874,2018_1Q,2018,2018.0,KENUGA,KEN,UGA,Western Union,Money Transfer Operator,Agent,Less than one hour,0.5,yes,High,cash,Cash,7.33,1.52,8.85,5.859999999999999,1.52,7.38
320181173,2018_1Q,2018,2018.0,TZAKEN,TZA,KEN,NBC,Bank,"Bank branch,Call Center",Next day,24.0,yes,High,bank account,Bank account transfer,24.990000000000002,2.81,27.8,10.0,2.81,12.81
320181174,2018_1Q,2018,2018.0,TZAKEN,TZA,KEN,Stanbic Bank,Bank,"Bank branch,Call Center",Next day,24.0,yes,High,bank account,Bank account transfer,27.5,1.04,28.54,11.010000000000002,1.04,12.05
320181175,2018_1Q,2018,2018.0,TZAKEN,TZA,KEN,UBA Africash,Bank,Bank branch,Same day,12.0,yes,Low,cash,Cash,3.34,1.46,4.8,2.23,1.46,3.69
320181176,2018_1Q,2018,2018.0,TZAKEN,TZA,KEN,Western Union,Money Transfer Operator,Agent,Less than one hour,0.5,yes,High,cash,Cash,5.4399999999999995,2.36,7.8,3.6700000000000004,2.36,6.03
320181177,2018_1Q,2018,2018.0,TZAKEN,TZA,KEN,MoneyGram,Money Transfer Operator,Agent,Less than one hour,0.5,yes,High,cash,Cash,5.4,2.29,7.69,4.63,2.29,6.92
320181178,2018_1Q,2018,2018.0,TZAKEN,TZA,KEN,Tanzania Postal Corporation,Post office,Post Office branch,Next day,24.0,yes,High,cash,Cash,8.63,2.36,10.99,5.92,2.36,8.28
320181179,2018_1Q,2018,2018.0,TZARWA,TZA,RWA,KCB,Bank,"Bank branch,Call Center",Same day,12.0,yes,Medium,bank account (same/partner bank),Bank account transfer,9.99,1.24,11.23,4.0,1.24,5.24
320181180,2018_1Q,2018,2018.0,TZARWA,TZA,RWA,Barclays,Bank,"Bank branch,Call Center",Next day,24.0,yes,Medium,bank account,Bank account transfer,17.5,1.46,18.96,7.000000000000001,1.46,8.46
320181181,2018_1Q,2018,2018.0,TZARWA,TZA,RWA,KCB,Bank,"Bank branch,Call Center",Next day,24.0,yes,Medium,bank account,Bank account transfer,19.990000000000002,1.24,21.23,8.0,1.24,9.24
320181182,2018_1Q,2018,2018.0,TZARWA,TZA,RWA,NBC,Bank,"Bank branch,Call Center",Next day,24.0,yes,Medium,bank account,Bank account transfer,24.990000000000002,2.81,27.8,10.0,2.81,12.81
320181183,2018_1Q,2018,2018.0,TZARWA,TZA,RWA,NMB (National Microfinance Bank),Non-Bank FI,"Bank branch,Call Center",Next day,24.0,yes,Medium,bank account,Bank account transfer,25.0,2.0,27.0,10.0,2.0,12.0
320181184,2018_1Q,2018,2018.0,TZARWA,TZA,RWA,CRDB Bank,Bank,"Bank branch,Call Center",Next day,24.0,yes,Medium,bank account,Bank account transfer,28.0,1.74,29.74,11.2,1.74,12.94
320181185,2018_1Q,2018,2018.0,TZARWA,TZA,RWA,Stanbic Bank,Bank,"Bank branch,Call Center",Next day,24.0,yes,Medium,bank account,Bank account transfer,27.5,1.04,28.54,11.010000000000002,1.04,12.05
320181186,2018_1Q,2018,2018.0,TZARWA,TZA,RWA,MoneyGram,Money Transfer Operator,Agent,Less than one hour,0.5,yes,High,cash,Cash,5.39,2.95,8.34,4.62,2.95,7.57
320181187,2018_1Q,2018,2018.0,TZARWA,TZA,RWA,Western Union,Money Transfer Operator,Agent,Less than one hour,0.5,yes,High,cash,Cash,5.4399999999999995,2.36,7.8,3.6700000000000004,2.36,6.03
320181188,2018_1Q,2018,2018.0,TZARWA,TZA,RWA,Tanzania Postal Corporation,Post office,Post Office branch,Next day,24.0,yes,Low,cash,Cash,8.63,2.36,10.99,5.92,2.36,8.28
320181189,2018_1Q,2018,2018.0,TZAUGA,TZA,UGA,KCB,Bank,"Bank branch,Call Center",Same day,12.0,yes,Medium,bank account (same/partner bank),Bank account transfer,9.99,1.24,11.23,4.0,1.24,5.24
320181190,2018_1Q,2018,2018.0,TZAUGA,TZA,UGA,Barclays,Bank,"Bank branch,Call Center",Next day,24.0,yes,Medium,bank account,Bank account transfer,17.5,1.46,18.96,7.000000000000001,1.46,8.46
320181191,2018_1Q,2018,2018.0,TZAUGA,TZA,UGA,KCB,Bank,"Bank branch,Call Center",Next day,24.0,yes,Medium,bank account,Bank account transfer,19.990000000000002,1.24,21.23,8.0,1.24,9.24
320181192,2018_1Q,2018,2018.0,TZAUGA,TZA,UGA,NBC,Bank,"Bank branch,Call Center",Next day,24.0,yes,Medium,bank account,Bank account transfer,24.990000000000002,2.81,27.8,10.0,2.81,12.81
320181193,2018_1Q,2018,2018.0,TZAUGA,TZA,UGA,NMB (National Microfinance Bank),Non-Bank FI,"Bank branch,Call Center",Next day,24.0,yes,Medium,bank account,Bank account transfer,25.0,2.0,27.0,10.0,2.0,12.0
320181194,2018_1Q,2018,2018.0,TZAUGA,TZA,UGA,CRDB Bank,Bank,"Bank branch,Call Center",Next day,24.0,yes,Medium,bank account,Bank account transfer,28.0,1.74,29.74,11.2,1.74,12.94
320181195,2018_1Q,2018,2018.0,TZAUGA,TZA,UGA,Stanbic Bank,Bank,"Bank branch,Call Center",Next day,24.0,yes,Medium,bank account,Bank account transfer,27.5,1.04,28.54,11.010000000000002,1.04,12.05
320181196,2018_1Q,2018,2018.0,TZAUGA,TZA,UGA,MoneyGram,Money Transfer Operator,Agent,Less than one hour,0.5,yes,High,cash,Cash,5.39,2.24,7.63,4.62,2.24,6.86
320181197,2018_1Q,2018,2018.0,TZAUGA,TZA,UGA,Western Union,Money Transfer Operator,Agent,Less than one hour,0.5,yes,High,cash,Cash,5.4399999999999995,2.36,7.8,3.6700000000000004,2.36,6.03
320181198,2018_1Q,2018,2018.0,TZAUGA,TZA,UGA,Tanzania Postal Corporation,Post office,Post Office branch,Less than one hour,0.5,yes,High,cash,Cash,8.63,2.36,10.99,5.92,2.36,8.28
320181414,2018_1Q,2018,2018.0,TZARWA,TZA,RWA,UBA Africash,Bank,Bank branch,Same day,12.0,yes,Low,cash,Cash,3.34,1.46,4.8,2.23,1.46,3.69
320181415,2018_1Q,2018,2018.0,TZAUGA,TZA,UGA,UBA Africash,Bank,Bank branch,Same day,12.0,yes,Low,cash,Cash,3.34,1.46,4.8,2.23,1.46,3.69
320182195,2018_1Q,2018,2018.0,TZAKEN,TZA,KEN,M-Pesa,Mobile Operator,Mobile phone,Less than one hour,0.5,yes,High,cash,Mobile money,0.3700000000000001,2.81,3.18,0.2799999999999998,2.81,3.09
320182583,2018_1Q,2018,2018.0,KENTZA,KEN,TZA,ABC Bank,Money Transfer Operator,"Bank branch,Call Center,Internet",Next day,24.0,yes,Medium,bank account,Bank account transfer,9.16,1.72,10.88,3.66,1.72,5.38
320182584,2018_1Q,2018,2018.0,KENTZA,KEN,TZA,Citibank,Bank,"Bank branch,Call Center,Internet",Next day,24.0,yes,Medium,bank account,Bank account transfer,10.0,2.58,12.58,4.0,2.58,6.58
320182585,2018_1Q,2018,2018.0,KENTZA,KEN,TZA,Development Bank of Kenya,Bank,"Bank branch,Call Center,Internet",Next day,24.0,yes,Medium,bank account,Bank account transfer,11.4,1.52,12.92,4.74,1.52,6.26
320182586,2018_1Q,2018,2018.0,KENTZA,KEN,TZA,Ecobank,Bank,Bank branch,Next day,24.0,yes,Low,cash,Cash,15.0,1.41,16.41,6.0,1.41,7.41
320182587,2018_1Q,2018,2018.0,KENTZA,KEN,TZA,Equatorial Commercial Bank,Bank,"Bank branch,Call Center,Internet",Next day,24.0,yes,Medium,bank account,Bank account transfer,9.16,1.72,10.88,3.66,1.72,5.38
320182588,2018_1Q,2018,2018.0,KENTZA,KEN,TZA,GT Bank,Bank,"Bank branch,Call Center,Internet",Next day,24.0,yes,Medium,bank account,Bank account transfer,9.17,3.74,12.91,3.67,3.74,7.41
320182589,2018_1Q,2018,2018.0,KENTZA,KEN,TZA,KCB,Bank,"Bank branch,Call Center,Internet",Next day,24.0,yes,Medium,bank account,Bank account transfer,12.219999999999999,0.71,12.93,4.88,0.71,5.59
320182590,2018_1Q,2018,2018.0,KENTZA,KEN,TZA,MoneyGram,Money Transfer Operator,Agent,Less than one hour,0.5,yes,High,cash,Cash,1.75,2.59,4.34,1.75,2.59,4.34
320182591,2018_1Q,2018,2018.0,KENTZA,KEN,TZA,Posta Kenya,Post office,Post Office branch,2 days,48.0,yes,High,cash,Cash,9.66,1.39,11.05,6.44,1.39,7.83
320182592,2018_1Q,2018,2018.0,KENTZA,KEN,TZA,UBA Africash,Bank,Bank branch,Less than one hour,0.5,yes,Medium,cash,Cash,2.8499999999999996,1.17,4.02,1.85,1.17,3.02
320182593,2018_1Q,2018,2018.0,KENTZA,KEN,TZA,United Bank for Africa (UBA),Bank,"Bank branch,Call Center,Internet",Next day,24.0,yes,Medium,bank account,Bank account transfer,9.16,1.17,10.33,3.66,1.17,4.83
320182594,2018_1Q,2018,2018.0,KENTZA,KEN,TZA,Western Union,Money Transfer Operator,Agent,Less than one hour,0.5,yes,High,cash,Cash,7.33,1.52,8.85,5.859999999999999,1.52,7.38
320183151,2018_1Q,2018,2018.0,KENSSD,KEN,SSD,ABC Bank,Money Transfer Operator,"Bank branch,Call Center,Internet",Next day,24.0,yes,Low,bank account,Bank account transfer,9.16,1.72,10.88,3.66,1.72,5.38
320183152,2018_1Q,2018,2018.0,KENSSD,KEN,SSD,Citibank,Bank,"Bank branch,Call Center,Internet",Next day,24.0,yes,Low,bank account,Bank account transfer,10.0,2.58,12.58,4.0,2.58,6.58
320183153,2018_1Q,2018,2018.0,KENSSD,KEN,SSD,Development Bank of Kenya,Bank,"Bank branch,Call Center,Internet",Next day,24.0,yes,Low,bank account,Bank account transfer,11.4,1.52,12.92,4.74,1.52,6.26
320183154,2018_1Q,2018,2018.0,KENSSD,KEN,SSD,Ecobank,Bank,Bank branch,Next day,24.0,yes,Low,bank account,Cash,15.0,1.41,16.41,6.0,1.41,7.41
320183155,2018_1Q,2018,2018.0,KENSSD,KEN,SSD,Equatorial Commercial Bank,Bank,"Bank branch,Call Center,Internet",Next day,24.0,yes,Low,bank account,Bank account transfer,9.16,1.72,10.88,3.66,1.72,5.38
320183156,2018_1Q,2018,2018.0,KENSSD,KEN,SSD,GT Bank,Bank,"Bank branch,Call Center,Internet",Next day,24.0,yes,Low,bank account,Bank account transfer,9.17,3.74,12.91,3.67,3.74,7.41
320183157,2018_1Q,2018,2018.0,KENSSD,KEN,SSD,KCB,Bank,"Bank branch,Call Center,Internet",Next day,24.0,yes,Low,bank account,Bank account transfer,12.219999999999999,0.71,12.93,4.88,0.71,5.59
320183158,2018_1Q,2018,2018.0,KENSSD,KEN,SSD,MoneyGram,Money Transfer Operator,Agent,Less than one hour,0.5,yes,Low,cash,Cash,1.75,2.83,4.58,1.75,2.83,4.58
320183159,2018_1Q,2018,2018.0,KENSSD,KEN,SSD,United Bank for Africa (UBA),Bank,"Bank branch,Call Center,Internet",Next day,24.0,yes,Low,bank account,Bank account transfer,9.16,1.17,10.33,3.66,1.17,4.83
320183160,2018_1Q,2018,2018.0,KENSSD,KEN,SSD,Western Union,Money Transfer Operator,Agent,Less than one hour,0.5,yes,Low,cash,Cash,7.33,1.52,8.85,5.859999999999999,1.52,7.38
320183293,2018_1Q,2018,2018.0,RWAKEN,RWA,KEN,Ecobank RapidCash,Bank,Bank branch,Next day,24.0,yes,High,bank account,Bank account transfer,2.5700000000000003,1.93,4.5,2.1900000000000004,1.93,4.12
320183294,2018_1Q,2018,2018.0,RWAKEN,RWA,KEN,KCB,Bank,Bank branch,Next day,24.0,yes,High,bank account,Bank account transfer,1.0000000000000002,1.93,2.93,1.0000000000000002,1.93,2.93
320183295,2018_1Q,2018,2018.0,RWAKEN,RWA,KEN,MoneyGram,Money Transfer Operator,Agent,Less than one hour,0.5,yes,High,cash,Cash,8.66,1.34,10.0,6.93,1.34,8.27
320183296,2018_1Q,2018,2018.0,RWAKEN,RWA,KEN,MTN Mobile Money,Mobile Operator,Mobile phone,Less than one hour,0.5,yes,High,mobile wallet,Mobile money,6.0,1.26,7.26,2.67,1.26,3.93
320183297,2018_1Q,2018,2018.0,RWAKEN,RWA,KEN,Use Remit,Money Transfer Operator,Internet,Less than one hour,0.5,yes,High,mobile wallet,Bank account transfer,3.99,3.63,7.62,3.99,3.63,7.62
320183298,2018_1Q,2018,2018.0,RWAKEN,RWA,KEN,Western Union,Money Transfer Operator,Agent,Less than one hour,0.5,yes,High,cash,Cash,11.5,1.34,12.84,0.5799999999999998,1.34,1.92
320183299,2018_1Q,2018,2018.0,RWAKEN,RWA,KEN,Xpress Money,Money Transfer Operator,Agent,Same day,12.0,yes,High,cash,Cash,4.61,4.31,8.92,4.2700000000000005,4.31,8.58
320183300,2018_1Q,2018,2018.0,RWAKEN,RWA,KEN,Tigo,Mobile Operator,Mobile phone,Less than one hour,0.5,yes,High,mobile wallet,Mobile money,0.5999999999999999,1.93,2.53,0.29000000000000026,1.93,2.22
320183501,2018_1Q,2018,2018.0,RWAKEN,RWA,KEN,Xpress Money,Money Transfer Operator,Agent,Same day,12.0,yes,High,mobile wallet,Cash,3.1100000000000003,4.31,7.42,1.87,4.31,6.18
320183551,2018_1Q,2018,2018.0,KENRWA,KEN,RWA,M-Pesa,Mobile Operator,Mobile phone,Less than one hour,0.5,yes,High,cash,Mobile money,0.55,1.72,2.27,0.24,1.72,1.96
320183552,2018_1Q,2018,2018.0,KENTZA,KEN,TZA,M-Pesa,Mobile Operator,Mobile phone,Less than one hour,0.5,yes,High,cash,Mobile money,0.55,1.72,2.27,0.24,1.72,1.96
320183553,2018_1Q,2018,2018.0,KENUGA,KEN,UGA,M-Pesa,Mobile Operator,Mobile phone,Less than one hour,0.5,yes,High,cash,Mobile money,0.55,1.72,2.27,0.24,1.72,1.96
320183562,2018_1Q,2018,2018.0,TZARWA,TZA,RWA,Tigo,Mobile Operator,Mobile phone,Less than one hour,0.5,yes,High,cash,Mobile money,0.46,0.0,0.46,0.39,0.0,0.39
320183859,2018_1Q,2018,2018.0,KENRWA,KEN,RWA,Xpress Money,Money Transfer Operator,Agent,Less than one hour,0.5,yes,Medium,cash,Cash,2.2200000000000024,17.9,20.12,1.3300000000000018,17.9,19.23
320183860,2018_1Q,2018,2018.0,KENTZA,KEN,TZA,Xpress Money,Money Transfer Operator,Agent,Less than one hour,0.5,yes,Medium,cash,Cash,2.22,2.78,5.0,1.3300000000000005,2.78,4.11
320183861,2018_1Q,2018,2018.0,KENUGA,KEN,UGA,Xpress Money,Money Transfer Operator,Agent,Less than one hour,0.5,yes,Medium,cash,Cash,2.2199999999999998,2.49,4.71,1.3299999999999996,2.49,3.82
320183960,2018_1Q,2018,2018.0,TZAKEN,TZA,KEN,Xpress Money,Money Transfer Operator,Agent,Less than one hour,0.5,yes,High,cash,Cash,3.3899999999999997,4.41,7.8,3.45,4.41,7.86
320183961,2018_1Q,2018,2018.0,TZARWA,TZA,RWA,Xpress Money,Money Transfer Operator,Agent,Same day,12.0,yes,High,cash,Cash,3.3900000000000006,17.59,20.98,3.460000000000001,17.59,21.05
320183962,2018_1Q,2018,2018.0,TZAUGA,TZA,UGA,Xpress Money,Money Transfer Operator,Agent,Same day,12.0,yes,High,cash,Cash,3.3899999999999997,1.57,4.96,3.46,1.57,5.03
620182412,2018_2Q,2018,2018.25,KENRWA,KEN,RWA,MoneyGram,Money Transfer Operator,Agent,Less than one hour,0.5,yes,High,cash,Cash,0.6099999999999994,4.48,5.09,0.25,4.48,4.73
620182413,2018_2Q,2018,2018.25,KENRWA,KEN,RWA,Ecobank,Bank,Bank branch,Next day,24.0,yes,Medium,cash,Cash,14.999999999999998,1.24,16.24,6.0,1.24,7.24
620182414,2018_2Q,2018,2018.25,KENRWA,KEN,RWA,Western Union,Money Transfer Operator,Agent,Less than one hour,0.5,yes,High,cash,Cash,7.34,2.42,9.76,5.869999999999999,2.42,8.29
620182415,2018_2Q,2018,2018.25,KENRWA,KEN,RWA,M-Pesa,Mobile Operator,Mobile phone,Less than one hour,0.5,yes,High,cash,Mobile money,0.56,2.52,3.08,0.25,2.52,2.77
620182416,2018_2Q,2018,2018.25,KENRWA,KEN,RWA,Xpress Money,Money Transfer Operator,Agent,Less than one hour,0.5,yes,Medium,cash,Cash,0.33000000000000007,6.3,6.63,0.1299999999999999,6.3,6.43
620182417,2018_2Q,2018,2018.25,KENSSD,KEN,SSD,ABC Bank,Money Transfer Operator,"Bank branch,Call Center,Internet",Next day,24.0,yes,Low,bank account,Bank account transfer,9.17,2.52,11.69,3.6700000000000004,2.52,6.19
620182418,2018_2Q,2018,2018.25,KENSSD,KEN,SSD,Citibank,Bank,"Bank branch,Call Center,Internet",Next day,24.0,yes,Low,bank account,Bank account transfer,10.0,2.7,12.7,4.0,2.7,6.7
620182419,2018_2Q,2018,2018.25,KENSSD,KEN,SSD,Development Bank of Kenya,Bank,"Bank branch,Call Center,Internet",Next day,24.0,yes,Low,bank account,Bank account transfer,11.41,2.52,13.93,4.57,2.52,7.09
620182420,2018_2Q,2018,2018.25,KENSSD,KEN,SSD,Ecobank,Bank,Bank branch,Next day,24.0,yes,Low,bank account,Cash,14.999999999999998,1.24,16.24,6.0,1.24,7.24
620182421,2018_2Q,2018,2018.25,KENSSD,KEN,SSD,Equatorial Commercial Bank,Bank,"Bank branch,Call Center,Internet",Next day,24.0,yes,Low,bank account,Bank account transfer,9.17,2.42,11.59,3.67,2.42,6.09
620182422,2018_2Q,2018,2018.25,KENSSD,KEN,SSD,GT Bank,Bank,"Bank branch,Call Center,Internet",Next day,24.0,yes,Low,bank account,Bank account transfer,9.17,1.24,10.41,3.67,1.24,4.91
620182423,2018_2Q,2018,2018.25,KENSSD,KEN,SSD,KCB,Bank,"Bank branch,Call Center,Internet",Next day,24.0,yes,Low,bank account,Bank account transfer,12.22,1.24,13.46,4.89,1.24,6.13
620182424,2018_2Q,2018,2018.25,KENSSD,KEN,SSD,MoneyGram,Money Transfer Operator,Agent,Less than one hour,0.5,yes,Low,cash,Cash,0.6099999999999994,3.66,4.27,0.23999999999999977,3.66,3.9
620182425,2018_2Q,2018,2018.25,KENSSD,KEN,SSD,United Bank for Africa (UBA),Bank,"Bank branch,Call Center,Internet",Next day,24.0,yes,Low,bank account,Bank account transfer,9.17,2.76,11.93,3.67,2.76,6.43
620182426,2018_2Q,2018,2018.25,KENSSD,KEN,SSD,Western Union,Money Transfer Operator,Agent,Less than one hour,0.5,yes,Low,cash,Cash,7.34,2.42,9.76,5.869999999999999,2.42,8.29
620182427,2018_2Q,2018,2018.25,KENTZA,KEN,TZA,ABC Bank,Money Transfer Operator,"Bank branch,Call Center,Internet",Next day,24.0,yes,Medium,bank account,Bank account transfer,9.17,2.52,11.69,3.6700000000000004,2.52,6.19
620182428,2018_2Q,2018,2018.25,KENTZA,KEN,TZA,Citibank,Bank,"Bank branch,Call Center,Internet",Next day,24.0,yes,Medium,bank account,Bank account transfer,10.0,2.7,12.7,4.0,2.7,6.7
620182429,2018_2Q,2018,2018.25,KENTZA,KEN,TZA,Development Bank of Kenya,Bank,"Bank branch,Call Center,Internet",Next day,24.0,yes,Medium,bank account,Bank account transfer,11.41,2.52,13.93,4.74,2.52,7.26
620182430,2018_2Q,2018,2018.25,KENTZA,KEN,TZA,Ecobank,Bank,Bank branch,Next day,24.0,yes,Low,cash,Cash,14.999999999999998,1.24,16.24,6.0,1.24,7.24
620182431,2018_2Q,2018,2018.25,KENTZA,KEN,TZA,Equatorial Commercial Bank,Bank,"Bank branch,Call Center,Internet",Next day,24.0,yes,Medium,bank account,Bank account transfer,9.17,2.42,11.59,3.67,2.42,6.09
620182432,2018_2Q,2018,2018.25,KENTZA,KEN,TZA,GT Bank,Bank,"Bank branch,Call Center,Internet",Next day,24.0,yes,Medium,bank account,Bank account transfer,9.17,1.24,10.41,3.67,1.24,4.91
620182433,2018_2Q,2018,2018.25,KENTZA,KEN,TZA,KCB,Bank,"Bank branch,Call Center,Internet",Next day,24.0,yes,Medium,bank account,Bank account transfer,12.22,1.24,13.46,4.89,1.24,6.13
620182434,2018_2Q,2018,2018.25,KENTZA,KEN,TZA,MoneyGram,Money Transfer Operator,Agent,Less than one hour,0.5,yes,High,cash,Cash,0.6100000000000003,3.92,4.53,0.2400000000000002,3.92,4.16
620182435,2018_2Q,2018,2018.25,KENTZA,KEN,TZA,Posta Kenya,Post office,Post Office branch,2 days,48.0,yes,High,cash,Cash,9.66,3.25,12.91,6.4399999999999995,3.25,9.69
620182436,2018_2Q,2018,2018.25,KENTZA,KEN,TZA,UBA Africash,Bank,Bank branch,Less than one hour,0.5,yes,Medium,cash,Cash,2.8600000000000003,2.76,5.62,1.8600000000000003,2.76,4.62
620182437,2018_2Q,2018,2018.25,KENTZA,KEN,TZA,United Bank for Africa (UBA),Bank,"Bank branch,Call Center,Internet",Next day,24.0,yes,Medium,bank account,Bank account transfer,9.17,2.76,11.93,3.67,2.76,6.43
620182438,2018_2Q,2018,2018.25,KENTZA,KEN,TZA,Western Union,Money Transfer Operator,Agent,Less than one hour,0.5,yes,High,cash,Cash,7.34,2.42,9.76,5.869999999999999,2.42,8.29
620182439,2018_2Q,2018,2018.25,KENTZA,KEN,TZA,M-Pesa,Mobile Operator,Mobile phone,Less than one hour,0.5,yes,High,cash,Mobile money,0.56,2.52,3.08,0.25,2.52,2.77
620182440,2018_2Q,2018,2018.25,KENTZA,KEN,TZA,Xpress Money,Money Transfer Operator,Agent,Less than one hour,0.5,yes,Medium,cash,Cash,0.33999999999999986,3.92,4.26,0.13999999999999968,3.92,4.06
620182441,2018_2Q,2018,2018.25,KENUGA,KEN,UGA,GT Bank,Bank,"Bank branch,Call Center,Internet",Next day,24.0,yes,High,bank account,Bank account transfer,9.17,1.24,10.41,3.67,1.24,4.91
620182442,2018_2Q,2018,2018.25,KENUGA,KEN,UGA,Development Bank of Kenya,Bank,"Bank branch,Call Center,Internet",Next day,24.0,yes,High,bank account,Bank account transfer,11.41,2.52,13.93,4.74,2.52,7.26
620182443,2018_2Q,2018,2018.25,KENUGA,KEN,UGA,Equatorial Commercial Bank,Bank,"Bank branch,Call Center,Internet",Next day,24.0,yes,High,bank account,Bank account transfer,9.17,2.42,11.59,3.67,2.42,6.09
620182444,2018_2Q,2018,2018.25,KENUGA,KEN,UGA,United Bank for Africa (UBA),Bank,"Bank branch,Call Center,Internet",Next day,24.0,yes,High,bank account,Bank account transfer,9.17,2.76,11.93,3.67,2.76,6.43
620182445,2018_2Q,2018,2018.25,KENUGA,KEN,UGA,KCB,Bank,"Bank branch,Call Center,Internet",Next day,24.0,yes,High,bank account,Bank account transfer,12.22,1.24,13.46,4.89,1.24,6.13
620182446,2018_2Q,2018,2018.25,KENUGA,KEN,UGA,ABC Bank,Money Transfer Operator,"Bank branch,Call Center,Internet",Next day,24.0,yes,High,bank account,Bank account transfer,9.17,2.52,11.69,3.6700000000000004,2.52,6.19
620182447,2018_2Q,2018,2018.25,KENUGA,KEN,UGA,Citibank,Bank,"Bank branch,Call Center,Internet",Next day,24.0,yes,High,bank account,Bank account transfer,10.0,2.7,12.7,4.0,2.7,6.7
620182448,2018_2Q,2018,2018.25,KENUGA,KEN,UGA,Ecobank,Bank,Bank branch,Same day,12.0,yes,Low,cash,Cash,14.999999999999998,1.24,16.24,6.0,1.24,7.24
620182449,2018_2Q,2018,2018.25,KENUGA,KEN,UGA,UBA Africash,Bank,Bank branch,Less than one hour,0.5,yes,Medium,cash,Cash,2.8600000000000003,2.76,5.62,1.8600000000000003,2.76,4.62
620182450,2018_2Q,2018,2018.25,KENUGA,KEN,UGA,Posta Kenya,Post office,Post Office branch,2 days,48.0,yes,High,cash,Cash,9.66,3.25,12.91,6.4399999999999995,3.25,9.69
620182451,2018_2Q,2018,2018.25,KENUGA,KEN,UGA,MoneyGram,Money Transfer Operator,Agent,Less than one hour,0.5,yes,High,cash,Cash,0.6099999999999999,2.69,3.3,0.2400000000000002,2.69,2.93
620182452,2018_2Q,2018,2018.25,KENUGA,KEN,UGA,Western Union,Money Transfer Operator,Agent,Less than one hour,0.5,yes,High,cash,Cash,7.34,2.42,9.76,5.869999999999999,2.42,8.29
620182453,2018_2Q,2018,2018.25,KENUGA,KEN,UGA,M-Pesa,Mobile Operator,Mobile phone,Less than one hour,0.5,yes,High,cash,Mobile money,0.56,2.52,3.08,0.25,2.52,2.77
620182454,2018_2Q,2018,2018.25,KENUGA,KEN,UGA,Xpress Money,Money Transfer Operator,Agent,Less than one hour,0.5,yes,Medium,cash,Cash,0.3400000000000003,2.36,2.7,0.14000000000000012,2.36,2.5
620183190,2018_2Q,2018,2018.25,RWAKEN,RWA,KEN,Ecobank RapidCash,Bank,"Bank branch,Internet",Next day,24.0,yes,High,bank account,"Bank account transfer,Cash",1.0,0.94,1.94,1.0,0.94,1.94
620183191,2018_2Q,2018,2018.25,RWAKEN,RWA,KEN,KCB,Bank,Bank branch,Next day,24.0,yes,High,bank account,Bank account transfer,1.0,0.94,1.94,1.0,0.94,1.94
620183192,2018_2Q,2018,2018.25,RWAKEN,RWA,KEN,MoneyGram,Money Transfer Operator,Agent,Less than one hour,0.5,yes,High,cash,Cash,8.65,0.26,8.91,6.92,0.26,7.18
620183193,2018_2Q,2018,2018.25,RWAKEN,RWA,KEN,MTN Mobile Money,Mobile Operator,Mobile phone,Less than one hour,0.5,yes,High,mobile wallet,Mobile money,5.329999999999999,4.36,9.69,3.1999999999999993,4.36,7.56
620183194,2018_2Q,2018,2018.25,RWAKEN,RWA,KEN,Western Union,Money Transfer Operator,Agent,Less than one hour,0.5,yes,High,cash,Cash,8.65,0.26,8.91,6.92,0.26,7.18
620183195,2018_2Q,2018,2018.25,RWAKEN,RWA,KEN,Xpress Money,Money Transfer Operator,Agent,Same day,12.0,yes,High,cash,Cash,4.6,3.31,7.91,4.27,3.31,7.58
620183196,2018_2Q,2018,2018.25,RWAKEN,RWA,KEN,Tigo,Mobile Operator,Mobile phone,Less than one hour,0.5,yes,High,mobile wallet,Mobile money,0.5999999999999996,4.36,4.96,0.29000000000000004,4.36,4.65
620183197,2018_2Q,2018,2018.25,RWAKEN,RWA,KEN,Xpress Money,Money Transfer Operator,Agent,Same day,12.0,yes,High,mobile wallet,Cash,3.11,3.31,6.42,1.8599999999999999,3.31,5.17
620183551,2018_2Q,2018,2018.25,TZAKEN,TZA,KEN,KCB,Bank,"Bank branch,Call Center",Less than one hour,0.5,yes,High,bank account (same/partner bank),Bank account transfer,9.99,8.76,18.75,4.0,8.76,12.76
620183552,2018_2Q,2018,2018.25,TZAKEN,TZA,KEN,KCB,Bank,"Bank branch,Call Center",Next day,24.0,yes,High,bank account,Bank account transfer,19.990000000000002,8.76,28.75,8.000000000000002,8.76,16.76
620183553,2018_2Q,2018,2018.25,TZAKEN,TZA,KEN,NBC,Bank,"Bank branch,Call Center",Next day,24.0,yes,High,bank account,Bank account transfer,29.5,2.72,32.22,11.799999999999999,2.72,14.52
620183554,2018_2Q,2018,2018.25,TZAKEN,TZA,KEN,Stanbic Bank,Bank,"Bank branch,Call Center",Next day,24.0,no,High,bank account,Bank account transfer,29.5,0.0,29.5,11.8,0.0,11.8
620183555,2018_2Q,2018,2018.25,TZAKEN,TZA,KEN,UBA Africash,Bank,Bank branch,Same day,12.0,yes,Low,cash,Cash,3.34,2.83,6.17,2.2299999999999995,2.83,5.06
620183556,2018_2Q,2018,2018.25,TZAKEN,TZA,KEN,Western Union,Money Transfer Operator,Agent,Less than one hour,0.5,yes,High,cash,Cash,1.38,2.83,4.21,1.6600000000000001,2.83,4.49
620183557,2018_2Q,2018,2018.25,TZAKEN,TZA,KEN,MoneyGram,Money Transfer Operator,Agent,Less than one hour,0.5,yes,High,cash,Cash,5.3999999999999995,2.37,7.77,4.63,2.37,7.0
620183558,2018_2Q,2018,2018.25,TZAKEN,TZA,KEN,Tanzania Postal Corporation,Post office,Post Office branch,Next day,24.0,yes,High,cash,Cash,8.63,0.0,8.63,5.92,0.0,5.92
620183559,2018_2Q,2018,2018.25,TZAKEN,TZA,KEN,M-Pesa,Mobile Operator,Mobile phone,Less than one hour,0.5,no,High,cash,Mobile money,0.37,0.0,0.37,0.28,0.0,0.28
620183560,2018_2Q,2018,2018.25,TZAKEN,TZA,KEN,Xpress Money,Money Transfer Operator,Agent,Less than one hour,0.5,yes,High,cash,Cash,3.3899999999999997,4.4,7.79,3.46,4.4,7.86
620183561,2018_2Q,2018,2018.25,TZARWA,TZA,RWA,KCB,Bank,"Bank branch,Call Center",Same day,12.0,yes,High,bank account (same/partner bank),Bank account transfer,9.99,8.76,18.75,4.0,8.76,12.76
620183562,2018_2Q,2018,2018.25,TZARWA,TZA,RWA,KCB,Bank,"Bank branch,Call Center",Next day,24.0,yes,High,bank account,Bank account transfer,19.990000000000002,8.76,28.75,8.000000000000002,8.76,16.76
620183563,2018_2Q,2018,2018.25,TZARWA,TZA,RWA,NBC,Bank,"Bank branch,Call Center",Next day,24.0,yes,High,bank account,Bank account transfer,29.5,2.72,32.22,11.799999999999999,2.72,14.52
620183564,2018_2Q,2018,2018.25,TZARWA,TZA,RWA,NMB (National Microfinance Bank),Non-Bank FI,"Bank branch,Call Center",Next day,24.0,yes,High,bank account,Bank account transfer,29.0,1.81,30.81,11.6,1.81,13.41
620183565,2018_2Q,2018,2018.25,TZARWA,TZA,RWA,CRDB Bank,Bank,"Bank branch,Call Center",Next day,24.0,yes,High,bank account,Bank account transfer,0.2999999999999998,2.39,2.69,0.11999999999999966,2.39,2.51
620183566,2018_2Q,2018,2018.25,TZARWA,TZA,RWA,Stanbic Bank,Bank,"Bank branch,Call Center",Next day,24.0,no,High,bank account,Bank account transfer,29.5,0.0,29.5,11.8,0.0,11.8
620183567,2018_2Q,2018,2018.25,TZARWA,TZA,RWA,MoneyGram,Money Transfer Operator,Agent,Less than one hour,0.5,yes,High,cash,Cash,5.4,2.92,8.32,4.63,2.92,7.55
620183568,2018_2Q,2018,2018.25,TZARWA,TZA,RWA,Western Union,Money Transfer Operator,Agent,Less than one hour,0.5,yes,High,cash,Cash,1.38,2.83,4.21,1.6600000000000001,2.83,4.49
620183569,2018_2Q,2018,2018.25,TZARWA,TZA,RWA,Tanzania Postal Corporation,Post office,Post Office branch,Next day,24.0,yes,Low,cash,Cash,8.63,0.0,8.63,5.92,0.0,5.92
620183570,2018_2Q,2018,2018.25,TZARWA,TZA,RWA,UBA Africash,Bank,Bank branch,Same day,12.0,yes,Low,cash,Cash,3.34,2.83,6.17,2.2299999999999995,2.83,5.06
620183571,2018_2Q,2018,2018.25,TZARWA,TZA,RWA,Tigo,Mobile Operator,Mobile phone,Less than one hour,0.5,yes,High,cash,Mobile money,0.46,0.0,0.46,0.39,0.0,0.39
620183572,2018_2Q,2018,2018.25,TZARWA,TZA,RWA,Xpress Money,Money Transfer Operator,Agent,Same day,12.0,yes,High,cash,Cash,3.3900000000000006,17.31,20.7,3.460000000000001,17.31,20.77
620183573,2018_2Q,2018,2018.25,TZAUGA,TZA,UGA,KCB,Bank,"Bank branch,Call Center",Same day,12.0,yes,High,bank account (same/partner bank),Bank account transfer,9.99,8.76,18.75,4.0,8.76,12.76
620183574,2018_2Q,2018,2018.25,TZAUGA,TZA,UGA,KCB,Bank,"Bank branch,Call Center",Next day,24.0,yes,High,bank account,Bank account transfer,19.990000000000002,8.76,28.75,8.000000000000002,8.76,16.76
620183575,2018_2Q,2018,2018.25,TZAUGA,TZA,UGA,NBC,Bank,"Bank branch,Call Center",Next day,24.0,yes,High,bank account,Bank account transfer,29.5,2.72,32.22,11.799999999999999,2.72,14.52
620183576,2018_2Q,2018,2018.25,TZAUGA,TZA,UGA,NMB (National Microfinance Bank),Non-Bank FI,"Bank branch,Call Center",Next day,24.0,yes,High,bank account,Bank account transfer,29.0,1.81,30.81,11.6,1.81,13.41
620183577,2018_2Q,2018,2018.25,TZAUGA,TZA,UGA,CRDB Bank,Bank,"Bank branch,Call Center",Next day,24.0,yes,High,bank account,Bank account transfer,0.2999999999999998,2.39,2.69,0.11999999999999966,2.39,2.51
620183578,2018_2Q,2018,2018.25,TZAUGA,TZA,UGA,Stanbic Bank,Bank,"Bank branch,Call Center",Next day,24.0,no,High,bank account,Bank account transfer,29.5,0.0,29.5,11.8,0.0,11.8
620183579,2018_2Q,2018,2018.25,TZAUGA,TZA,UGA,MoneyGram,Money Transfer Operator,Agent,Less than one hour,0.5,yes,High,cash,Cash,5.390000000000001,2.26,7.65,4.63,2.26,6.89
620183580,2018_2Q,2018,2018.25,TZAUGA,TZA,UGA,Western Union,Money Transfer Operator,Agent,Less than one hour,0.5,yes,High,cash,Cash,1.38,2.83,4.21,1.6600000000000001,2.83,4.49
620183581,2018_2Q,2018,2018.25,TZAUGA,TZA,UGA,Tanzania Postal Corporation,Post office,Post Office branch,Less than one hour,0.5,yes,High,cash,Cash,8.63,0.0,8.63,5.92,0.0,5.92
620183582,2018_2Q,2018,2018.25,TZAUGA,TZA,UGA,UBA Africash,Bank,Bank branch,Same day,12.0,yes,Low,cash,Cash,3.34,2.83,6.17,2.2299999999999995,2.83,5.06
620183583,2018_2Q,2018,2018.25,TZAUGA,TZA,UGA,Xpress Money,Money Transfer Operator,Agent,Same day,12.0,yes,High,cash,Cash,3.3899999999999997,1.53,4.92,3.45,1.53,4.98
920182513,2018_3Q,2018,2018.5,KENRWA,KEN,RWA,M-Pesa,Mobile Operator,Mobile phone,Less than one hour,0.5,yes,High,cash,Mobile money,0.56,2.12,2.68,0.25,2.12,2.37
920182514,2018_3Q,2018,2018.5,KENRWA,KEN,RWA,Western Union,Money Transfer Operator,Agent,Less than one hour,0.5,yes,High,cash,Cash,7.34,2.58,9.92,5.869999999999999,2.58,8.45
920182515,2018_3Q,2018,2018.5,KENRWA,KEN,RWA,Ecobank,Bank,Bank branch,Next day,24.0,yes,Medium,cash,Cash,15.0,3.38,18.38,6.000000000000001,3.38,9.38
920182516,2018_3Q,2018,2018.5,KENRWA,KEN,RWA,MoneyGram,Money Transfer Operator,Agent,Less than one hour,0.5,yes,High,cash,Cash,1.75,4.74,6.49,1.75,4.74,6.49
920182517,2018_3Q,2018,2018.5,KENRWA,KEN,RWA,Xpress Money,Money Transfer Operator,Agent,Less than one hour,0.5,yes,Medium,cash,Cash,2.219999999999999,18.12,20.34,1.3299999999999983,18.12,19.45
920182518,2018_3Q,2018,2018.5,KENSSD,KEN,SSD,KCB,Bank,"Bank branch,Call Center,Internet",Next day,24.0,yes,Low,bank account,Bank account transfer,12.23,0.51,12.74,4.890000000000001,0.51,5.4
920182519,2018_3Q,2018,2018.5,KENSSD,KEN,SSD,Development Bank of Kenya,Bank,"Bank branch,Call Center,Internet",Next day,24.0,yes,Low,bank account,Bank account transfer,11.41,1.61,13.02,4.56,1.61,6.17
920182520,2018_3Q,2018,2018.5,KENSSD,KEN,SSD,ABC Bank,Money Transfer Operator,"Bank branch,Call Center,Internet",Next day,24.0,yes,Low,bank account,Bank account transfer,9.17,2.36,11.53,3.6700000000000004,2.36,6.03
920182521,2018_3Q,2018,2018.5,KENSSD,KEN,SSD,GT Bank,Bank,"Bank branch,Call Center,Internet",Next day,24.0,yes,Low,bank account,Bank account transfer,9.170000000000002,2.38,11.55,3.67,2.38,6.05
920182522,2018_3Q,2018,2018.5,KENSSD,KEN,SSD,MoneyGram,Money Transfer Operator,Agent,Less than one hour,0.5,yes,Low,cash,Cash,1.7499999999999996,2.52,4.27,1.7499999999999996,2.52,4.27
920182523,2018_3Q,2018,2018.5,KENSSD,KEN,SSD,Western Union,Money Transfer Operator,Agent,Less than one hour,0.5,yes,Low,cash,Cash,7.34,2.58,9.92,5.869999999999999,2.58,8.45
920182524,2018_3Q,2018,2018.5,KENSSD,KEN,SSD,Equatorial Commercial Bank,Bank,"Bank branch,Call Center,Internet",Next day,24.0,yes,Low,bank account,Bank account transfer,9.16,3.04,12.2,3.66,3.04,6.7
920182525,2018_3Q,2018,2018.5,KENSSD,KEN,SSD,Ecobank,Bank,Bank branch,Next day,24.0,yes,Low,bank account,Cash,15.0,3.38,18.38,6.000000000000001,3.38,9.38
920182526,2018_3Q,2018,2018.5,KENSSD,KEN,SSD,Citibank,Bank,"Bank branch,Call Center,Internet",Next day,24.0,yes,Low,bank account,Bank account transfer,10.0,3.57,13.57,4.0,3.57,7.57
920182527,2018_3Q,2018,2018.5,KENSSD,KEN,SSD,United Bank for Africa (UBA),Bank,"Bank branch,Call Center,Internet",Next day,24.0,yes,Low,bank account,Bank account transfer,9.169999999999998,4.19,13.36,3.67,4.19,7.86
920182528,2018_3Q,2018,2018.5,KENTZA,KEN,TZA,KCB,Bank,"Bank branch,Call Center,Internet",Next day,24.0,yes,Medium,bank account,Bank account transfer,12.23,0.51,12.74,4.890000000000001,0.51,5.4
920182529,2018_3Q,2018,2018.5,KENTZA,KEN,TZA,Development Bank of Kenya,Bank,"Bank branch,Call Center,Internet",Next day,24.0,yes,Medium,bank account,Bank account transfer,11.41,1.61,13.02,4.739999999999999,1.61,6.35
920182530,2018_3Q,2018,2018.5,KENTZA,KEN,TZA,M-Pesa,Mobile Operator,Mobile phone,Less than one hour,0.5,yes,High,cash,Mobile money,0.56,2.12,2.68,0.25,2.12,2.37
920182531,2018_3Q,2018,2018.5,KENTZA,KEN,TZA,ABC Bank,Money Transfer Operator,"Bank branch,Call Center,Internet",Next day,24.0,yes,Medium,bank account,Bank account transfer,9.17,2.36,11.53,3.6700000000000004,2.36,6.03
920182532,2018_3Q,2018,2018.5,KENTZA,KEN,TZA,GT Bank,Bank,"Bank branch,Call Center,Internet",Next day,24.0,yes,Medium,bank account,Bank account transfer,9.170000000000002,2.38,11.55,3.67,2.38,6.05
920182533,2018_3Q,2018,2018.5,KENTZA,KEN,TZA,Western Union,Money Transfer Operator,Agent,Less than one hour,0.5,yes,High,cash,Cash,7.34,2.58,9.92,5.869999999999999,2.58,8.45
920182534,2018_3Q,2018,2018.5,KENTZA,KEN,TZA,MoneyGram,Money Transfer Operator,Agent,Less than one hour,0.5,yes,High,cash,Cash,1.7500000000000004,2.61,4.36,1.7500000000000004,2.61,4.36
920182535,2018_3Q,2018,2018.5,KENTZA,KEN,TZA,Xpress Money,Money Transfer Operator,Agent,Less than one hour,0.5,yes,Medium,cash,Cash,2.2199999999999998,2.66,4.88,1.33,2.66,3.99
920182536,2018_3Q,2018,2018.5,KENTZA,KEN,TZA,Equatorial Commercial Bank,Bank,"Bank branch,Call Center,Internet",Next day,24.0,yes,Medium,bank account,Bank account transfer,9.16,3.04,12.2,3.66,3.04,6.7
920182537,2018_3Q,2018,2018.5,KENTZA,KEN,TZA,Ecobank,Bank,Bank branch,Next day,24.0,yes,Low,cash,Cash,15.0,3.38,18.38,6.000000000000001,3.38,9.38
920182538,2018_3Q,2018,2018.5,KENTZA,KEN,TZA,Citibank,Bank,"Bank branch,Call Center,Internet",Next day,24.0,yes,Medium,bank account,Bank account transfer,10.0,3.57,13.57,4.0,3.57,7.57
920182539,2018_3Q,2018,2018.5,KENTZA,KEN,TZA,UBA Africash,Bank,Bank branch,Less than one hour,0.5,yes,Medium,cash,Cash,2.8599999999999994,4.19,7.05,1.8599999999999994,4.19,6.05
920182540,2018_3Q,2018,2018.5,KENTZA,KEN,TZA,United Bank for Africa (UBA),Bank,"Bank branch,Call Center,Internet",Next day,24.0,yes,Medium,bank account,Bank account transfer,9.169999999999998,4.19,13.36,3.67,4.19,7.86
920182541,2018_3Q,2018,2018.5,KENTZA,KEN,TZA,Posta Kenya,Post office,Post Office branch,2 days,48.0,yes,High,cash,Cash,9.670000000000002,5.54,15.21,6.44,5.54,11.98
920182542,2018_3Q,2018,2018.5,KENUGA,KEN,UGA,KCB,Bank,"Bank branch,Call Center,Internet",Next day,24.0,yes,High,bank account,Bank account transfer,12.23,0.51,12.74,4.890000000000001,0.51,5.4
920182543,2018_3Q,2018,2018.5,KENUGA,KEN,UGA,Development Bank of Kenya,Bank,"Bank branch,Call Center,Internet",Next day,24.0,yes,High,bank account,Bank account transfer,11.41,1.61,13.02,4.739999999999999,1.61,6.35
920182544,2018_3Q,2018,2018.5,KENUGA,KEN,UGA,Xpress Money,Money Transfer Operator,Agent,Less than one hour,0.5,yes,Medium,cash,Cash,2.2199999999999998,1.95,4.17,1.3299999999999998,1.95,3.28
920182545,2018_3Q,2018,2018.5,KENUGA,KEN,UGA,M-Pesa,Mobile Operator,Mobile phone,Less than one hour,0.5,yes,High,cash,Mobile money,0.56,2.12,2.68,0.25,2.12,2.37
920182546,2018_3Q,2018,2018.5,KENUGA,KEN,UGA,MoneyGram,Money Transfer Operator,Agent,Less than one hour,0.5,yes,High,cash,Cash,1.75,2.23,3.98,1.75,2.23,3.98
920182547,2018_3Q,2018,2018.5,KENUGA,KEN,UGA,ABC Bank,Money Transfer Operator,"Bank branch,Call Center,Internet",Next day,24.0,yes,High,bank account,Bank account transfer,9.17,2.36,11.53,3.6700000000000004,2.36,6.03
920182548,2018_3Q,2018,2018.5,KENUGA,KEN,UGA,GT Bank,Bank,"Bank branch,Call Center,Internet",Next day,24.0,yes,High,bank account,Bank account transfer,9.170000000000002,2.38,11.55,3.67,2.38,6.05
920182549,2018_3Q,2018,2018.5,KENUGA,KEN,UGA,Western Union,Money Transfer Operator,Agent,Less than one hour,0.5,yes,High,cash,Cash,7.34,2.58,9.92,5.869999999999999,2.58,8.45
920182550,2018_3Q,2018,2018.5,KENUGA,KEN,UGA,Equatorial Commercial Bank,Bank,"Bank branch,Call Center,Internet",Next day,24.0,yes,High,bank account,Bank account transfer,9.16,3.04,12.2,3.66,3.04,6.7
920182551,2018_3Q,2018,2018.5,KENUGA,KEN,UGA,Ecobank,Bank,Bank branch,Same day,12.0,yes,Low,cash,Cash,15.0,3.38,18.38,6.000000000000001,3.38,9.38
920182552,2018_3Q,2018,2018.5,KENUGA,KEN,UGA,Citibank,Bank,"Bank branch,Call Center,Internet",Next day,24.0,yes,High,bank account,Bank account transfer,10.0,3.57,13.57,4.0,3.57,7.57
920182553,2018_3Q,2018,2018.5,KENUGA,KEN,UGA,UBA Africash,Bank,Bank branch,Less than one hour,0.5,yes,Medium,cash,Cash,2.8599999999999994,4.19,7.05,1.8599999999999994,4.19,6.05
920182554,2018_3Q,2018,2018.5,KENUGA,KEN,UGA,United Bank for Africa (UBA),Bank,"Bank branch,Call Center,Internet",Next day,24.0,yes,High,bank account,Bank account transfer,9.169999999999998,4.19,13.36,3.67,4.19,7.86
920182555,2018_3Q,2018,2018.5,KENUGA,KEN,UGA,Posta Kenya,Post office,Post Office branch,2 days,48.0,yes,High,cash,Cash,9.670000000000002,5.54,15.21,6.44,5.54,11.98
920183289,2018_3Q,2018,2018.5,RWAKEN,RWA,KEN,MTN Mobile Money,Mobile Operator,Mobile phone,Less than one hour,0.5,yes,High,mobile wallet,Mobile money,0.33999999999999997,0.03,0.37,0.19,0.03,0.22
920183290,2018_3Q,2018,2018.5,RWAKEN,RWA,KEN,Ecobank RapidCash,Bank,"Bank branch,Internet",Next day,24.0,yes,High,bank account,Bank account transfer,0.85,0.03,0.88,0.6799999999999999,0.03,0.71
920183291,2018_3Q,2018,2018.5,RWAKEN,RWA,KEN,KCB,Bank,Bank branch,Next day,24.0,yes,High,bank account,Bank account transfer,6.67,0.03,6.7,2.6700000000000004,0.03,2.7
920183292,2018_3Q,2018,2018.5,RWAKEN,RWA,KEN,MoneyGram,Money Transfer Operator,Agent,Less than one hour,0.5,yes,High,cash,Cash,8.65,1.07,9.72,6.92,1.07,7.99
920183293,2018_3Q,2018,2018.5,RWAKEN,RWA,KEN,Western Union,Money Transfer Operator,Agent,Less than one hour,0.5,yes,High,cash,Cash,11.33,1.76,13.09,7.200000000000001,1.76,8.96
920183294,2018_3Q,2018,2018.5,RWAKEN,RWA,KEN,Xpress Money,Money Transfer Operator,Agent,Same day,12.0,yes,High,mobile wallet,Cash,3.1100000000000003,4.38,7.49,1.8600000000000003,4.38,6.24
920183295,2018_3Q,2018,2018.5,RWAKEN,RWA,KEN,Xpress Money,Money Transfer Operator,Agent,Same day,12.0,yes,High,cash,Cash,4.6000000000000005,4.38,8.98,4.2700000000000005,4.38,8.65
920183651,2018_3Q,2018,2018.5,TZAKEN,TZA,KEN,NBC,Bank,"Bank branch,Call Center",Next day,24.0,yes,High,bank account,Bank account transfer,34.31,-9.06,25.25,13.73,-9.06,4.67
920183652,2018_3Q,2018,2018.5,TZAKEN,TZA,KEN,M-Pesa,Mobile Operator,Mobile phone,Less than one hour,0.5,no,High,cash,Mobile money,2.31,0.0,2.31,0.92,0.0,0.92
920183653,2018_3Q,2018,2018.5,TZAKEN,TZA,KEN,MoneyGram,Money Transfer Operator,Agent,Less than one hour,0.5,yes,High,cash,Cash,2.5499999999999994,2.22,4.77,2.9099999999999997,2.22,5.13
920183654,2018_3Q,2018,2018.5,TZAKEN,TZA,KEN,Xpress Money,Money Transfer Operator,Agent,Less than one hour,0.5,yes,High,cash,Cash,4.0,3.95,7.95,2.91,3.95,6.86
920183655,2018_3Q,2018,2018.5,TZAKEN,TZA,KEN,Stanbic Bank,Bank,"Bank branch,Call Center",Next day,24.0,yes,High,bank account,Bank account transfer,34.31,5.18,39.49,13.73,5.18,18.91
920183656,2018_3Q,2018,2018.5,TZAKEN,TZA,KEN,KCB,Bank,"Bank branch,Call Center",Less than one hour,0.5,yes,High,bank account (same/partner bank),Bank account transfer,12.32,7.57,19.89,4.93,7.57,12.5
920183657,2018_3Q,2018,2018.5,TZAKEN,TZA,KEN,KCB,Bank,"Bank branch,Call Center",Next day,24.0,yes,High,bank account,Bank account transfer,12.32,7.57,19.89,4.93,7.57,12.5
920183658,2018_3Q,2018,2018.5,TZAKEN,TZA,KEN,Western Union,Money Transfer Operator,Agent,Less than one hour,0.5,yes,High,cash,Cash,1.3900000000000006,8.36,9.75,1.67,8.36,10.03
920183659,2018_3Q,2018,2018.5,TZARWA,TZA,RWA,NMB (National Microfinance Bank),Non-Bank FI,"Bank branch,Call Center",Next day,24.0,yes,High,bank account,Bank account transfer,34.31,-12.07,22.24,13.73,-12.07,1.66
920183660,2018_3Q,2018,2018.5,TZARWA,TZA,RWA,Tigo,Mobile Operator,Mobile phone,Less than one hour,0.5,no,High,cash,Mobile money,0.46,0.0,0.46,0.39,0.0,0.39
920183661,2018_3Q,2018,2018.5,TZARWA,TZA,RWA,Stanbic Bank,Bank,"Bank branch,Call Center",Next day,24.0,no,High,bank account,Bank account transfer,34.31,0.0,34.31,13.73,0.0,13.73
920183662,2018_3Q,2018,2018.5,TZARWA,TZA,RWA,MoneyGram,Money Transfer Operator,Agent,Less than one hour,0.5,yes,High,cash,Cash,2.55,2.95,5.5,2.91,2.95,5.86
920183663,2018_3Q,2018,2018.5,TZARWA,TZA,RWA,Western Union,Money Transfer Operator,Agent,Less than one hour,0.5,yes,High,cash,Cash,1.38,7.63,9.01,1.6599999999999993,7.63,9.29
920183664,2018_3Q,2018,2018.5,TZARWA,TZA,RWA,NBC,Bank,"Bank branch,Call Center",Next day,24.0,yes,High,bank account,Bank account transfer,34.309999999999995,7.63,41.94,13.73,7.63,21.36
920183665,2018_3Q,2018,2018.5,TZARWA,TZA,RWA,KCB,Bank,"Bank branch,Call Center",Same day,12.0,yes,High,bank account (same/partner bank),Bank account transfer,12.32,10.59,22.91,4.93,10.59,15.52
920183666,2018_3Q,2018,2018.5,TZARWA,TZA,RWA,KCB,Bank,"Bank branch,Call Center",Next day,24.0,yes,High,bank account,Bank account transfer,12.32,10.59,22.91,4.93,10.59,15.52
920183667,2018_3Q,2018,2018.5,TZARWA,TZA,RWA,Xpress Money,Money Transfer Operator,Agent,Same day,12.0,yes,High,cash,Cash,4.0,16.63,20.63,2.91,16.63,19.54
920183668,2018_3Q,2018,2018.5,TZAUGA,TZA,UGA,NMB (National Microfinance Bank),Non-Bank FI,"Bank branch,Call Center",Next day,24.0,yes,High,bank account,Bank account transfer,34.31,-13.08,21.23,13.73,-13.08,0.65
920183669,2018_3Q,2018,2018.5,TZAUGA,TZA,UGA,Western Union,Money Transfer Operator,Agent,Less than one hour,0.5,yes,High,cash,Cash,1.3900000000000006,-10.39,-9.0,1.67,-10.39,-8.72
920183670,2018_3Q,2018,2018.5,TZAUGA,TZA,UGA,NBC,Bank,"Bank branch,Call Center",Next day,24.0,yes,High,bank account,Bank account transfer,34.31,-10.39,23.92,13.73,-10.39,3.34
920183671,2018_3Q,2018,2018.5,TZAUGA,TZA,UGA,KCB,Bank,"Bank branch,Call Center",Same day,12.0,no,High,bank account (same/partner bank),Bank account transfer,12.33,0.0,12.33,4.93,0.0,4.93
920183672,2018_3Q,2018,2018.5,TZAUGA,TZA,UGA,KCB,Bank,"Bank branch,Call Center",Next day,24.0,no,High,bank account,Bank account transfer,12.33,0.0,12.33,4.93,0.0,4.93
920183673,2018_3Q,2018,2018.5,TZAUGA,TZA,UGA,Stanbic Bank,Bank,"Bank branch,Call Center",Next day,24.0,no,High,bank account,Bank account transfer,34.31,0.0,34.31,13.73,0.0,13.73
920183674,2018_3Q,2018,2018.5,TZAUGA,TZA,UGA,Xpress Money,Money Transfer Operator,Agent,Same day,12.0,yes,High,cash,Cash,4.0,1.5,5.5,2.91,1.5,4.41
920183675,2018_3Q,2018,2018.5,TZAUGA,TZA,UGA,MoneyGram,Money Transfer Operator,Agent,Less than one hour,0.5,yes,High,cash,Cash,2.54,2.54,5.08,2.91,2.54,5.45
1220182587,2018_4Q,2018,2018.75,KENRWA,KEN,RWA,MoneyGram,Money Transfer Operator,Agent,Less than one hour,0.5,yes,High,cash,Cash,1.5,4.93,6.43,1.5,4.93,6.43
1220182588,2018_4Q,2018,2018.75,KENRWA,KEN,RWA,Ecobank,Bank,Bank branch,Next day,24.0,yes,Medium,cash,Cash,15.0,4.29,19.29,5.999999999999999,4.29,10.29
1220182589,2018_4Q,2018,2018.75,KENRWA,KEN,RWA,Western Union,Money Transfer Operator,Agent,Less than one hour,0.5,yes,High,cash,Cash,7.34,3.26,10.6,5.870000000000001,3.26,9.13
1220182590,2018_4Q,2018,2018.75,KENRWA,KEN,RWA,M-Pesa,Mobile Operator,Mobile phone,Less than one hour,0.5,yes,High,cash,Mobile money,0.56,2.44,3.0,0.2400000000000002,2.44,2.68
1220182591,2018_4Q,2018,2018.75,KENRWA,KEN,RWA,Xpress Money,Money Transfer Operator,Agent,Less than one hour,0.5,yes,Medium,cash,Cash,2.2200000000000006,8.79,11.01,1.33,8.79,10.12
1220182592,2018_4Q,2018,2018.75,KENRWA,KEN,RWA,Dahabshiil,Money Transfer Operator,Agent,Same day,12.0,yes,Low,cash,"Cash,Debit/credit card",6.98,2.93,9.91,6.98,2.93,9.91
1220182593,2018_4Q,2018,2018.75,KENSSD,KEN,SSD,ABC Bank,Money Transfer Operator,"Bank branch,Call Center,Internet",Next day,24.0,yes,Low,bank account,Bank account transfer,9.16,4.06,13.22,3.66,4.06,7.72
1220182594,2018_4Q,2018,2018.75,KENSSD,KEN,SSD,Citibank,Bank,"Bank branch,Call Center,Internet",Next day,24.0,yes,Low,bank account,Bank account transfer,10.0,3.73,13.73,4.0,3.73,7.73
1220182595,2018_4Q,2018,2018.75,KENSSD,KEN,SSD,Development Bank of Kenya,Bank,"Bank branch,Call Center,Internet",Next day,24.0,yes,Low,bank account,Bank account transfer,11.400000000000002,4.06,15.46,4.56,4.06,8.62
1220182596,2018_4Q,2018,2018.75,KENSSD,KEN,SSD,Ecobank,Bank,Bank branch,Next day,24.0,yes,Low,bank account,Cash,15.0,4.29,19.29,5.999999999999999,4.29,10.29
1220182597,2018_4Q,2018,2018.75,KENSSD,KEN,SSD,Equatorial Commercial Bank,Bank,"Bank branch,Call Center,Internet",Next day,24.0,yes,Low,bank account,Bank account transfer,9.17,3.18,12.35,3.6699999999999995,3.18,6.85
1220182598,2018_4Q,2018,2018.75,KENSSD,KEN,SSD,GT Bank,Bank,"Bank branch,Call Center,Internet",Next day,24.0,yes,Low,bank account,Bank account transfer,9.170000000000002,3.55,12.72,3.67,3.55,7.22
1220182599,2018_4Q,2018,2018.75,KENSSD,KEN,SSD,KCB,Bank,"Bank branch,Call Center,Internet",Next day,24.0,yes,Low,bank account,Bank account transfer,12.22,3.16,15.38,4.890000000000001,3.16,8.05
1220182600,2018_4Q,2018,2018.75,KENSSD,KEN,SSD,MoneyGram,Money Transfer Operator,Agent,Less than one hour,0.5,yes,Low,cash,Cash,1.5,2.38,3.88,1.5,2.38,3.88
1220182601,2018_4Q,2018,2018.75,KENSSD,KEN,SSD,United Bank for Africa (UBA),Bank,"Bank branch,Call Center,Internet",Next day,24.0,yes,Low,bank account,Bank account transfer,9.17,2.03,11.2,3.6700000000000004,2.03,5.7
1220182602,2018_4Q,2018,2018.75,KENSSD,KEN,SSD,Western Union,Money Transfer Operator,Agent,Less than one hour,0.5,yes,Low,cash,Cash,7.34,3.26,10.6,5.870000000000001,3.26,9.13
1220182603,2018_4Q,2018,2018.75,KENSSD,KEN,SSD,Dahabshiil,Money Transfer Operator,Agent,Same day,12.0,yes,Low,cash,"Cash,Debit/credit card",6.98,2.93,9.91,6.98,2.93,9.91
1220182604,2018_4Q,2018,2018.75,KENTZA,KEN,TZA,ABC Bank,Money Transfer Operator,"Bank branch,Call Center,Internet",Next day,24.0,yes,Medium,bank account,Bank account transfer,9.16,4.06,13.22,3.66,4.06,7.72
1220182605,2018_4Q,2018,2018.75,KENTZA,KEN,TZA,Citibank,Bank,"Bank branch,Call Center,Internet",Next day,24.0,yes,Medium,bank account,Bank account transfer,10.0,3.73,13.73,4.0,3.73,7.73
1220182606,2018_4Q,2018,2018.75,KENTZA,KEN,TZA,Development Bank of Kenya,Bank,"Bank branch,Call Center,Internet",Next day,24.0,yes,Medium,bank account,Bank account transfer,11.400000000000002,4.06,15.46,4.740000000000001,4.06,8.8
1220182607,2018_4Q,2018,2018.75,KENTZA,KEN,TZA,Ecobank,Bank,Bank branch,Next day,24.0,yes,Low,cash,Cash,15.0,4.29,19.29,5.999999999999999,4.29,10.29
1220182608,2018_4Q,2018,2018.75,KENTZA,KEN,TZA,Equatorial Commercial Bank,Bank,"Bank branch,Call Center,Internet",Next day,24.0,yes,Medium,bank account,Bank account transfer,9.17,3.18,12.35,3.6699999999999995,3.18,6.85
1220182609,2018_4Q,2018,2018.75,KENTZA,KEN,TZA,GT Bank,Bank,"Bank branch,Call Center,Internet",Next day,24.0,yes,Medium,bank account,Bank account transfer,9.170000000000002,3.55,12.72,3.67,3.55,7.22
1220182610,2018_4Q,2018,2018.75,KENTZA,KEN,TZA,KCB,Bank,"Bank branch,Call Center,Internet",Next day,24.0,yes,Medium,bank account,Bank account transfer,12.22,3.16,15.38,4.890000000000001,3.16,8.05
1220182611,2018_4Q,2018,2018.75,KENTZA,KEN,TZA,MoneyGram,Money Transfer Operator,Agent,Less than one hour,0.5,yes,High,cash,Cash,1.5,2.33,3.83,1.5,2.33,3.83
1220182612,2018_4Q,2018,2018.75,KENTZA,KEN,TZA,Posta Kenya,Post office,Post Office branch,2 days,48.0,yes,High,cash,Cash,9.67,4.08,13.75,6.449999999999999,4.08,10.53
1220182613,2018_4Q,2018,2018.75,KENTZA,KEN,TZA,UBA Africash,Bank,Bank branch,Less than one hour,0.5,yes,Medium,cash,Cash,2.86,2.03,4.89,1.8600000000000003,2.03,3.89
1220182614,2018_4Q,2018,2018.75,KENTZA,KEN,TZA,United Bank for Africa (UBA),Bank,"Bank branch,Call Center,Internet",Next day,24.0,yes,Medium,bank account,Bank account transfer,9.17,2.03,11.2,3.6700000000000004,2.03,5.7
1220182615,2018_4Q,2018,2018.75,KENTZA,KEN,TZA,Western Union,Money Transfer Operator,Agent,Less than one hour,0.5,yes,High,cash,Cash,7.34,3.26,10.6,5.870000000000001,3.26,9.13
1220182616,2018_4Q,2018,2018.75,KENTZA,KEN,TZA,M-Pesa,Mobile Operator,Mobile phone,Less than one hour,0.5,yes,High,cash,Mobile money,0.56,2.05,2.61,0.25,2.05,2.3
1220182617,2018_4Q,2018,2018.75,KENTZA,KEN,TZA,Xpress Money,Money Transfer Operator,Agent,Less than one hour,0.5,yes,Medium,cash,Cash,2.2199999999999998,2.59,4.81,1.33,2.59,3.92
1220182618,2018_4Q,2018,2018.75,KENTZA,KEN,TZA,Dahabshiil,Money Transfer Operator,Agent,Same day,12.0,yes,Low,cash,"Cash,Debit/credit card",6.98,2.93,9.91,6.98,2.93,9.91
1220182619,2018_4Q,2018,2018.75,KENUGA,KEN,UGA,GT Bank,Bank,"Bank branch,Call Center,Internet",Next day,24.0,yes,High,bank account,Bank account transfer,9.170000000000002,3.55,12.72,3.67,3.55,7.22
1220182620,2018_4Q,2018,2018.75,KENUGA,KEN,UGA,Development Bank of Kenya,Bank,"Bank branch,Call Center,Internet",Next day,24.0,yes,High,bank account,Bank account transfer,11.400000000000002,4.06,15.46,4.740000000000001,4.06,8.8
1220182621,2018_4Q,2018,2018.75,KENUGA,KEN,UGA,Equatorial Commercial Bank,Bank,"Bank branch,Call Center,Internet",Next day,24.0,yes,High,bank account,Bank account transfer,9.17,3.18,12.35,3.6699999999999995,3.18,6.85
1220182622,2018_4Q,2018,2018.75,KENUGA,KEN,UGA,United Bank for Africa (UBA),Bank,"Bank branch,Call Center,Internet",Next day,24.0,yes,High,bank account,Bank account transfer,9.17,2.03,11.2,3.6700000000000004,2.03,5.7
1220182623,2018_4Q,2018,2018.75,KENUGA,KEN,UGA,KCB,Bank,"Bank branch,Call Center,Internet",Next day,24.0,yes,High,bank account,Bank account transfer,12.22,3.16,15.38,4.890000000000001,3.16,8.05
1220182624,2018_4Q,2018,2018.75,KENUGA,KEN,UGA,ABC Bank,Money Transfer Operator,"Bank branch,Call Center,Internet",Next day,24.0,yes,High,bank account,Bank account transfer,9.16,4.06,13.22,3.66,4.06,7.72
1220182625,2018_4Q,2018,2018.75,KENUGA,KEN,UGA,Citibank,Bank,"Bank branch,Call Center,Internet",Next day,24.0,yes,High,bank account,Bank account transfer,10.0,3.73,13.73,4.0,3.73,7.73
1220182626,2018_4Q,2018,2018.75,KENUGA,KEN,UGA,Ecobank,Bank,Bank branch,Same day,12.0,yes,Low,cash,Cash,15.0,4.29,19.29,5.999999999999999,4.29,10.29
1220182627,2018_4Q,2018,2018.75,KENUGA,KEN,UGA,UBA Africash,Bank,Bank branch,Less than one hour,0.5,yes,Medium,cash,Cash,2.86,2.03,4.89,1.8600000000000003,2.03,3.89
1220182628,2018_4Q,2018,2018.75,KENUGA,KEN,UGA,Posta Kenya,Post office,Post Office branch,2 days,48.0,yes,High,cash,Cash,9.67,4.08,13.75,6.449999999999999,4.08,10.53
1220182629,2018_4Q,2018,2018.75,KENUGA,KEN,UGA,MoneyGram,Money Transfer Operator,Agent,Less than one hour,0.5,yes,High,cash,Cash,1.5,2.42,3.92,1.5,2.42,3.92
1220182630,2018_4Q,2018,2018.75,KENUGA,KEN,UGA,Western Union,Money Transfer Operator,Agent,Less than one hour,0.5,yes,High,cash,Cash,7.34,3.26,10.6,5.870000000000001,3.26,9.13
1220182631,2018_4Q,2018,2018.75,KENUGA,KEN,UGA,M-Pesa,Mobile Operator,Mobile phone,Less than one hour,0.5,yes,High,cash,Mobile money,0.56,2.05,2.61,0.25,2.05,2.3
1220182632,2018_4Q,2018,2018.75,KENUGA,KEN,UGA,Xpress Money,Money Transfer Operator,Agent,Less than one hour,0.5,yes,Medium,cash,Cash,2.2199999999999998,3.13,5.35,1.3399999999999999,3.13,4.47
1220182633,2018_4Q,2018,2018.75,KENUGA,KEN,UGA,Dahabshiil,Money Transfer Operator,Agent,Same day,12.0,yes,Low,cash,"Cash,Debit/credit card",6.98,2.93,9.91,6.98,2.93,9.91
1220183413,2018_4Q,2018,2018.75,RWAKEN,RWA,KEN,Ecobank RapidCash,Bank,"Bank branch,Internet",Next day,24.0,yes,High,bank account,Bank account transfer,0.8500000000000001,3.08,3.93,0.6799999999999997,3.08,3.76
1220183414,2018_4Q,2018,2018.75,RWAKEN,RWA,KEN,KCB,Bank,Bank branch,Next day,24.0,no,High,bank account,Bank account transfer,6.67,0.0,6.67,2.67,0.0,2.67
1220183415,2018_4Q,2018,2018.75,RWAKEN,RWA,KEN,MoneyGram,Money Transfer Operator,Agent,Less than one hour,0.5,yes,High,cash,Cash,8.65,0.23,8.88,6.92,0.23,7.15
1220183416,2018_4Q,2018,2018.75,RWAKEN,RWA,KEN,MTN Mobile Money,Mobile Operator,Mobile phone,Less than one hour,0.5,no,High,mobile wallet,Mobile money,3.33,0.0,3.33,3.2,0.0,3.2
1220183417,2018_4Q,2018,2018.75,RWAKEN,RWA,KEN,Western Union,Money Transfer Operator,Agent,Less than one hour,0.5,yes,High,cash,Cash,5.93,0.92,6.85,3.5600000000000005,0.92,4.48
1220183418,2018_4Q,2018,2018.75,RWAKEN,RWA,KEN,Xpress Money,Money Transfer Operator,Agent,Same day,12.0,yes,High,cash,Cash,4.6,3.19,7.79,4.27,3.19,7.46
1220183419,2018_4Q,2018,2018.75,RWAKEN,RWA,KEN,Xpress Money,Money Transfer Operator,Agent,Same day,12.0,yes,High,mobile wallet,Cash,3.11,3.19,6.3,1.8599999999999999,3.19,5.05
1220183806,2018_4Q,2018,2018.75,TZAKEN,TZA,KEN,KCB,Bank,"Bank branch,Call Center",Less than one hour,0.5,yes,High,bank account (same/partner bank),Bank account transfer,12.330000000000002,5.47,17.8,4.930000000000001,5.47,10.4
1220183807,2018_4Q,2018,2018.75,TZAKEN,TZA,KEN,KCB,Bank,"Bank branch,Call Center",Next day,24.0,yes,High,bank account,Bank account transfer,12.330000000000002,5.47,17.8,4.930000000000001,5.47,10.4
1220183808,2018_4Q,2018,2018.75,TZAKEN,TZA,KEN,NBC,Bank,"Bank branch,Call Center",Next day,24.0,yes,High,bank account,Bank account transfer,30.810000000000002,-1.28,29.53,12.33,-1.28,11.05
1220183809,2018_4Q,2018,2018.75,TZAKEN,TZA,KEN,Stanbic Bank,Bank,"Bank branch,Call Center",Next day,24.0,yes,High,bank account,Bank account transfer,29.490000000000002,-3.53,25.96,11.799999999999999,-3.53,8.27
1220183810,2018_4Q,2018,2018.75,TZAKEN,TZA,KEN,Western Union,Money Transfer Operator,Agent,Less than one hour,0.5,yes,High,cash,Cash,1.3899999999999997,1.87,3.26,1.6599999999999997,1.87,3.53
1220183811,2018_4Q,2018,2018.75,TZAKEN,TZA,KEN,MoneyGram,Money Transfer Operator,Agent,Less than one hour,0.5,yes,High,cash,Cash,6.36,1.87,8.23,5.08,1.87,6.95
1220183812,2018_4Q,2018,2018.75,TZAKEN,TZA,KEN,M-Pesa,Mobile Operator,Mobile phone,Less than one hour,0.5,no,High,cash,Mobile money,2.31,0.0,2.31,0.92,0.0,0.92
1220183813,2018_4Q,2018,2018.75,TZAKEN,TZA,KEN,Xpress Money,Money Transfer Operator,Agent,Less than one hour,0.5,yes,High,cash,Cash,3.39,3.69,7.08,3.4499999999999997,3.69,7.14
1220183814,2018_4Q,2018,2018.75,TZARWA,TZA,RWA,KCB,Bank,"Bank branch,Call Center",Same day,12.0,no,High,bank account (same/partner bank),Bank account transfer,12.33,0.0,12.33,4.93,0.0,4.93
1220183815,2018_4Q,2018,2018.75,TZARWA,TZA,RWA,KCB,Bank,"Bank branch,Call Center",Next day,24.0,no,High,bank account,Bank account transfer,12.33,0.0,12.33,4.93,0.0,4.93
1220183816,2018_4Q,2018,2018.75,TZARWA,TZA,RWA,NBC,Bank,"Bank branch,Call Center",Next day,24.0,yes,High,bank account,Bank account transfer,30.81,-0.81,30.0,12.33,-0.81,11.52
1220183817,2018_4Q,2018,2018.75,TZARWA,TZA,RWA,NMB (National Microfinance Bank),Non-Bank FI,"Bank branch,Call Center",Next day,24.0,yes,High,bank account,Bank account transfer,34.309999999999995,1.84,36.15,13.73,1.84,15.57
1220183818,2018_4Q,2018,2018.75,TZARWA,TZA,RWA,Stanbic Bank,Bank,"Bank branch,Call Center",Next day,24.0,no,High,bank account,Bank account transfer,29.49,0.0,29.49,11.8,0.0,11.8
1220183819,2018_4Q,2018,2018.75,TZARWA,TZA,RWA,MoneyGram,Money Transfer Operator,Agent,Less than one hour,0.5,yes,High,cash,Cash,6.359999999999999,1.76,8.12,5.09,1.76,6.85
1220183820,2018_4Q,2018,2018.75,TZARWA,TZA,RWA,Western Union,Money Transfer Operator,Agent,Less than one hour,0.5,yes,High,cash,Cash,1.39,1.76,3.15,1.66,1.76,3.42
1220183821,2018_4Q,2018,2018.75,TZARWA,TZA,RWA,Tigo,Mobile Operator,Mobile phone,Less than one hour,0.5,no,High,cash,Mobile money,0.46,0.0,0.46,0.39,0.0,0.39
1220183822,2018_4Q,2018,2018.75,TZARWA,TZA,RWA,Xpress Money,Money Transfer Operator,Agent,Same day,12.0,yes,High,cash,Cash,3.3900000000000006,15.8,19.19,3.4499999999999993,15.8,19.25
1220183823,2018_4Q,2018,2018.75,TZAUGA,TZA,UGA,KCB,Bank,"Bank branch,Call Center",Same day,12.0,no,High,bank account (same/partner bank),Bank account transfer,12.33,0.0,12.33,4.93,0.0,4.93
1220183824,2018_4Q,2018,2018.75,TZAUGA,TZA,UGA,KCB,Bank,"Bank branch,Call Center",Next day,24.0,no,High,bank account,Bank account transfer,12.33,0.0,12.33,4.93,0.0,4.93
1220183825,2018_4Q,2018,2018.75,TZAUGA,TZA,UGA,NBC,Bank,"Bank branch,Call Center",Next day,24.0,yes,High,bank account,Bank account transfer,30.82,0.98,31.8,12.33,0.98,13.31
1220183826,2018_4Q,2018,2018.75,TZAUGA,TZA,UGA,NMB (National Microfinance Bank),Non-Bank FI,"Bank branch,Call Center",Next day,24.0,yes,High,bank account,Bank account transfer,34.32,0.98,35.3,13.73,0.98,14.71
1220183827,2018_4Q,2018,2018.75,TZAUGA,TZA,UGA,Stanbic Bank,Bank,"Bank branch,Call Center",Next day,24.0,no,High,bank account,Bank account transfer,29.49,0.0,29.49,11.8,0.0,11.8
1220183828,2018_4Q,2018,2018.75,TZAUGA,TZA,UGA,MoneyGram,Money Transfer Operator,Agent,Less than one hour,0.5,yes,High,cash,Cash,6.36,1.89,8.25,5.08,1.89,6.97
1220183829,2018_4Q,2018,2018.75,TZAUGA,TZA,UGA,Western Union,Money Transfer Operator,Agent,Less than one hour,0.5,yes,High,cash,Cash,1.3800000000000001,1.89,3.27,1.66,1.89,3.55
1220183830,2018_4Q,2018,2018.75,TZAUGA,TZA,UGA,Xpress Money,Money Transfer Operator,Agent,Same day,12.0,yes,High,cash,Cash,3.39,1.19,4.58,3.4499999999999997,1.19,4.64
325192656,2019_1Q,2019,2019.0,KENRWA,KEN,RWA,Dahabshiil,Money Transfer Operator,Agent,Same day,12.0,yes,Low,cash,"Cash,Debit/credit card",6.989999999999999,4.8,11.79,6.989999999999999,4.8,11.79
325192657,2019_1Q,2019,2019.0,KENRWA,KEN,RWA,Ecobank,Bank,Bank branch,Next day,24.0,yes,Medium,cash,Cash,15.0,4.05,19.05,6.0,2.39,8.39
325192658,2019_1Q,2019,2019.0,KENRWA,KEN,RWA,MoneyGram,Money Transfer Operator,Agent,Less than one hour,0.5,yes,High,cash,Cash,1.5,4.87,6.37,1.5,4.87,6.37
325192659,2019_1Q,2019,2019.0,KENRWA,KEN,RWA,M-Pesa,Mobile Operator,Mobile phone,Less than one hour,0.5,yes,High,cash,Mobile money,0.5599999999999996,5.0,5.56,0.25,5.0,5.25
325192660,2019_1Q,2019,2019.0,KENRWA,KEN,RWA,Western Union,Money Transfer Operator,Agent,Less than one hour,0.5,yes,High,cash,Cash,7.34,3.76,11.1,5.870000000000001,3.76,9.63
325192661,2019_1Q,2019,2019.0,KENRWA,KEN,RWA,Xpress Money,Money Transfer Operator,Agent,Less than one hour,0.5,yes,Medium,cash,Cash,2.2300000000000004,5.99,8.22,1.3399999999999999,5.99,7.33
325192662,2019_1Q,2019,2019.0,KENSSD,KEN,SSD,ABC Bank,Money Transfer Operator,"Bank branch,Call Center,Internet",Next day,24.0,yes,Low,bank account,Bank account transfer,9.170000000000002,4.21,13.38,3.670000000000001,6.21,9.88
325192663,2019_1Q,2019,2019.0,KENSSD,KEN,SSD,Citibank,Bank,"Bank branch,Call Center,Internet",Next day,24.0,yes,Low,bank account,Bank account transfer,10.0,1.2,11.2,4.0,1.2,5.2
325192664,2019_1Q,2019,2019.0,KENSSD,KEN,SSD,Dahabshiil,Money Transfer Operator,Agent,Same day,12.0,yes,Low,cash,"Cash,Debit/credit card",6.989999999999999,4.8,11.79,6.989999999999999,4.8,11.79
325192665,2019_1Q,2019,2019.0,KENSSD,KEN,SSD,Development Bank of Kenya,Bank,"Bank branch,Call Center,Internet",Next day,24.0,yes,Low,bank account,Bank account transfer,11.4,8.33,19.73,4.5600000000000005,8.33,12.89
325192666,2019_1Q,2019,2019.0,KENSSD,KEN,SSD,Ecobank,Bank,Bank branch,Next day,24.0,yes,Low,bank account,Cash,15.0,4.05,19.05,6.0,2.39,8.39
325192667,2019_1Q,2019,2019.0,KENSSD,KEN,SSD,Equatorial Commercial Bank,Bank,"Bank branch,Call Center,Internet",Next day,24.0,yes,Low,bank account,Bank account transfer,9.17,3.49,12.66,3.67,3.49,7.16
325192668,2019_1Q,2019,2019.0,KENSSD,KEN,SSD,GT Bank,Bank,"Bank branch,Call Center,Internet",Next day,24.0,yes,Low,bank account,Bank account transfer,9.17,3.0,12.17,3.67,3.0,6.67
325192669,2019_1Q,2019,2019.0,KENSSD,KEN,SSD,KCB,Bank,"Bank branch,Call Center,Internet",Next day,24.0,yes,Low,bank account,Bank account transfer,12.219999999999999,1.79,14.01,4.89,1.79,6.68
325192670,2019_1Q,2019,2019.0,KENSSD,KEN,SSD,MoneyGram,Money Transfer Operator,Agent,Less than one hour,0.5,yes,Low,cash,Cash,1.5,4.1,5.6,1.5,4.1,5.6
325192671,2019_1Q,2019,2019.0,KENSSD,KEN,SSD,United Bank for Africa (UBA),Bank,"Bank branch,Call Center,Internet",Next day,24.0,yes,Low,bank account,Bank account transfer,9.17,5.6,14.77,3.67,5.6,9.27
325192672,2019_1Q,2019,2019.0,KENSSD,KEN,SSD,Western Union,Money Transfer Operator,Agent,Less than one hour,0.5,yes,Low,cash,Cash,7.34,3.76,11.1,5.870000000000001,3.76,9.63
325192673,2019_1Q,2019,2019.0,KENTZA,KEN,TZA,ABC Bank,Money Transfer Operator,"Bank branch,Call Center,Internet",Next day,24.0,yes,Medium,bank account,Bank account transfer,9.170000000000002,4.21,13.38,3.670000000000001,6.21,9.88
325192674,2019_1Q,2019,2019.0,KENTZA,KEN,TZA,Citibank,Bank,"Bank branch,Call Center,Internet",Next day,24.0,yes,Medium,bank account,Bank account transfer,10.0,1.2,11.2,4.0,1.2,5.2
325192675,2019_1Q,2019,2019.0,KENTZA,KEN,TZA,Dahabshiil,Money Transfer Operator,Agent,Same day,12.0,yes,Low,cash,"Cash,Debit/credit card",6.989999999999999,4.8,11.79,6.989999999999999,4.8,11.79
325192676,2019_1Q,2019,2019.0,KENTZA,KEN,TZA,Development Bank of Kenya,Bank,"Bank branch,Call Center,Internet",Next day,24.0,yes,Medium,bank account,Bank account transfer,11.4,8.33,19.73,4.74,8.33,13.07
325192677,2019_1Q,2019,2019.0,KENTZA,KEN,TZA,Ecobank,Bank,Bank branch,Next day,24.0,yes,Low,cash,Cash,15.0,4.05,19.05,6.0,2.39,8.39
325192678,2019_1Q,2019,2019.0,KENTZA,KEN,TZA,Equatorial Commercial Bank,Bank,"Bank branch,Call Center,Internet",Next day,24.0,yes,Medium,bank account,Bank account transfer,9.17,3.49,12.66,3.67,3.49,7.16
325192679,2019_1Q,2019,2019.0,KENTZA,KEN,TZA,GT Bank,Bank,"Bank branch,Call Center,Internet",Next day,24.0,yes,Medium,bank account,Bank account transfer,9.17,3.0,12.17,3.67,3.0,6.67
325192680,2019_1Q,2019,2019.0,KENTZA,KEN,TZA,KCB,Bank,"Bank branch,Call Center,Internet",Next day,24.0,yes,Medium,bank account,Bank account transfer,12.219999999999999,1.79,14.01,4.89,1.79,6.68
325192681,2019_1Q,2019,2019.0,KENTZA,KEN,TZA,MoneyGram,Money Transfer Operator,Agent,Less than one hour,0.5,yes,High,cash,Cash,1.5,1.42,2.92,1.5,1.42,2.92
325192682,2019_1Q,2019,2019.0,KENTZA,KEN,TZA,M-Pesa,Mobile Operator,Mobile phone,Less than one hour,0.5,yes,High,cash,Mobile money,0.5599999999999996,5.0,5.56,0.25,5.0,5.25
325192683,2019_1Q,2019,2019.0,KENTZA,KEN,TZA,Posta Kenya,Post office,Post Office branch,2 days,48.0,yes,High,cash,Cash,9.67,6.99,16.66,6.449999999999999,6.99,13.44
325192684,2019_1Q,2019,2019.0,KENTZA,KEN,TZA,UBA Africash,Bank,Bank branch,Less than one hour,0.5,yes,Medium,cash,Cash,2.860000000000001,5.6,8.46,1.8600000000000003,5.6,7.46
325192685,2019_1Q,2019,2019.0,KENTZA,KEN,TZA,United Bank for Africa (UBA),Bank,"Bank branch,Call Center,Internet",Next day,24.0,yes,Medium,bank account,Bank account transfer,9.17,5.6,14.77,3.67,5.6,9.27
325192686,2019_1Q,2019,2019.0,KENTZA,KEN,TZA,Western Union,Money Transfer Operator,Agent,Less than one hour,0.5,yes,High,cash,Cash,7.34,3.76,11.1,5.870000000000001,3.76,9.63
325192687,2019_1Q,2019,2019.0,KENTZA,KEN,TZA,Xpress Money,Money Transfer Operator,Agent,Less than one hour,0.5,yes,Medium,cash,Cash,2.22,2.23,4.45,1.33,2.23,3.56
325192688,2019_1Q,2019,2019.0,KENUGA,KEN,UGA,ABC Bank,Money Transfer Operator,"Bank branch,Call Center,Internet",Next day,24.0,yes,High,bank account,Bank account transfer,9.170000000000002,4.21,13.38,3.670000000000001,6.21,9.88
325192689,2019_1Q,2019,2019.0,KENUGA,KEN,UGA,Citibank,Bank,"Bank branch,Call Center,Internet",Next day,24.0,yes,High,bank account,Bank account transfer,10.0,1.2,11.2,4.0,1.2,5.2
325192690,2019_1Q,2019,2019.0,KENUGA,KEN,UGA,Dahabshiil,Money Transfer Operator,Agent,Same day,12.0,yes,Low,cash,"Cash,Debit/credit card",6.989999999999999,4.8,11.79,6.989999999999999,4.8,11.79
325192691,2019_1Q,2019,2019.0,KENUGA,KEN,UGA,Development Bank of Kenya,Bank,"Bank branch,Call Center,Internet",Next day,24.0,yes,High,bank account,Bank account transfer,11.4,8.33,19.73,4.74,8.33,13.07
325192692,2019_1Q,2019,2019.0,KENUGA,KEN,UGA,Ecobank,Bank,Bank branch,Same day,12.0,yes,Low,cash,Cash,15.0,4.05,19.05,6.0,2.39,8.39
325192693,2019_1Q,2019,2019.0,KENUGA,KEN,UGA,Equatorial Commercial Bank,Bank,"Bank branch,Call Center,Internet",Next day,24.0,yes,High,bank account,Bank account transfer,9.17,3.49,12.66,3.67,3.49,7.16
325192694,2019_1Q,2019,2019.0,KENUGA,KEN,UGA,GT Bank,Bank,"Bank branch,Call Center,Internet",Next day,24.0,yes,High,bank account,Bank account transfer,9.17,3.0,12.17,4.89,3.0,7.89
325192695,2019_1Q,2019,2019.0,KENUGA,KEN,UGA,KCB,Bank,"Bank branch,Call Center,Internet",Next day,24.0,yes,High,bank account,Bank account transfer,12.219999999999999,1.79,14.01,1.5,1.79,3.29
325192696,2019_1Q,2019,2019.0,KENUGA,KEN,UGA,MoneyGram,Money Transfer Operator,Agent,Less than one hour,0.5,yes,High,cash,Cash,1.5,2.12,3.62,0.23999999999999977,2.12,2.36
325192697,2019_1Q,2019,2019.0,KENUGA,KEN,UGA,M-Pesa,Mobile Operator,Mobile phone,Less than one hour,0.5,yes,High,cash,Mobile money,0.5599999999999996,5.0,5.56,6.449999999999999,5.0,11.45
325192698,2019_1Q,2019,2019.0,KENUGA,KEN,UGA,Posta Kenya,Post office,Post Office branch,2 days,48.0,yes,High,cash,Cash,9.67,6.99,16.66,1.8599999999999994,6.99,8.85
325192699,2019_1Q,2019,2019.0,KENUGA,KEN,UGA,UBA Africash,Bank,Bank branch,Less than one hour,0.5,yes,Medium,cash,Cash,2.860000000000001,5.6,8.46,3.67,5.6,9.27
325192700,2019_1Q,2019,2019.0,KENUGA,KEN,UGA,United Bank for Africa (UBA),Bank,"Bank branch,Call Center,Internet",Next day,24.0,yes,High,bank account,Bank account transfer,9.17,5.6,14.77,5.870000000000001,5.6,11.47
325192701,2019_1Q,2019,2019.0,KENUGA,KEN,UGA,Western Union,Money Transfer Operator,Agent,Less than one hour,0.5,yes,High,cash,Cash,7.34,3.76,11.1,1.3399999999999999,3.76,5.1
325192702,2019_1Q,2019,2019.0,KENUGA,KEN,UGA,Xpress Money,Money Transfer Operator,Agent,Less than one hour,0.5,yes,Medium,cash,Cash,2.2199999999999998,1.74,3.96,1.3299999999999998,1.74,3.07
325193486,2019_1Q,2019,2019.0,RWAKEN,RWA,KEN,Ecobank RapidCash,Bank,"Bank branch,Internet",Next day,24.0,yes,High,bank account,Bank account transfer,0.8500000000000001,2.83,3.68,0.6799999999999997,2.83,3.51
325193487,2019_1Q,2019,2019.0,RWAKEN,RWA,KEN,KCB,Bank,Bank branch,Next day,24.0,no,High,bank account,Bank account transfer,6.67,0.0,6.67,2.67,0.0,2.67
325193488,2019_1Q,2019,2019.0,RWAKEN,RWA,KEN,MoneyGram,Money Transfer Operator,Agent,Less than one hour,0.5,yes,High,cash,Cash,7.33,1.35,8.68,5.869999999999999,1.35,7.22
325193489,2019_1Q,2019,2019.0,RWAKEN,RWA,KEN,MTN Mobile Money,Mobile Operator,Mobile phone,Less than one hour,0.5,no,High,mobile wallet,Mobile money,0.37,0.0,0.37,0.27,0.0,0.27
325193490,2019_1Q,2019,2019.0,RWAKEN,RWA,KEN,MTN Mobile Money,Mobile Operator,Mobile phone,Less than one hour,0.5,no,High,mobile wallet,Mobile money,2.0,0.0,2.0,1.6,0.0,1.6
325193491,2019_1Q,2019,2019.0,RWAKEN,RWA,KEN,Western Union,Money Transfer Operator,Agent,Less than one hour,0.5,yes,High,cash,Cash,5.93,2.5,8.43,3.5599999999999996,2.5,6.06
325193492,2019_1Q,2019,2019.0,RWAKEN,RWA,KEN,Xpress Money,Money Transfer Operator,Agent,Same day,12.0,yes,High,cash,Cash,4.6,4.43,9.03,4.27,4.43,8.7
325193493,2019_1Q,2019,2019.0,RWAKEN,RWA,KEN,Xpress Money,Money Transfer Operator,Agent,Same day,12.0,yes,High,mobile wallet,Cash,3.1000000000000005,4.43,7.53,1.8600000000000003,4.43,6.29
325193906,2019_1Q,2019,2019.0,TZAKEN,TZA,KEN,KCB,Bank,"Bank branch,Call Center",Less than one hour,0.5,yes,High,own/partner bank account,Bank account transfer,16.5,4.51,21.01,6.6,4.51,11.11
325193907,2019_1Q,2019,2019.0,TZAKEN,TZA,KEN,KCB,Bank,"Bank branch,Call Center",Less than one hour,0.5,yes,High,bank account,Bank account transfer,25.0,4.51,29.51,10.0,4.51,14.51
325193908,2019_1Q,2019,2019.0,TZAKEN,TZA,KEN,MoneyGram,Money Transfer Operator,Agent,Less than one hour,0.5,yes,High,cash,Cash,5.16,2.22,7.38,4.619999999999999,2.22,6.84
325193909,2019_1Q,2019,2019.0,TZAKEN,TZA,KEN,M-Pesa,Mobile Operator,Mobile phone,Less than one hour,0.5,no,High,mobile wallet,Mobile money,2.31,0.0,2.31,1.39,0.0,1.39
325193910,2019_1Q,2019,2019.0,TZAKEN,TZA,KEN,NBC,Bank,"Bank branch,Call Center",Next day,24.0,yes,High,bank account,Bank account transfer,24.999999999999996,9.8,34.8,10.0,9.8,19.8
325193911,2019_1Q,2019,2019.0,TZAKEN,TZA,KEN,Stanbic Bank,Bank,"Bank branch,Call Center",Next day,24.0,yes,High,bank account,Bank account transfer,29.5,7.17,36.67,11.799999999999999,7.17,18.97
325193912,2019_1Q,2019,2019.0,TZAKEN,TZA,KEN,Western Union,Money Transfer Operator,Agent,Less than one hour,0.5,yes,High,cash,Cash,2.54,0.86,3.4,2.91,0.86,3.77
325193913,2019_1Q,2019,2019.0,TZAKEN,TZA,KEN,Xpress Money,Money Transfer Operator,Agent,Less than one hour,0.5,yes,High,cash,Cash,3.3899999999999997,4.16,7.55,3.45,4.16,7.61
325193914,2019_1Q,2019,2019.0,TZAKEN,TZA,KEN,Xpress Money,Money Transfer Operator,Agent,Less than one hour,0.5,yes,High,mobile wallet,Cash,1.54,4.16,5.7,0.9900000000000002,4.16,5.15
325193915,2019_1Q,2019,2019.0,TZARWA,TZA,RWA,KCB,Bank,"Bank branch,Call Center",Less than one hour,0.5,yes,High,own/partner bank account,Bank account transfer,15.0,14.29,29.29,6.600000000000001,14.29,20.89
325193916,2019_1Q,2019,2019.0,TZARWA,TZA,RWA,KCB,Bank,"Bank branch,Call Center",Less than one hour,0.5,yes,High,bank account,Bank account transfer,25.0,14.29,39.29,10.0,14.29,24.29
325193917,2019_1Q,2019,2019.0,TZARWA,TZA,RWA,MoneyGram,Money Transfer Operator,Agent,Less than one hour,0.5,yes,High,cash,Cash,5.17,3.48,8.65,4.629999999999999,3.48,8.11
325193918,2019_1Q,2019,2019.0,TZARWA,TZA,RWA,NMB (National Microfinance Bank),Non-Bank FI,"Bank branch,Call Center",Next day,24.0,yes,High,bank account,Bank account transfer,25.0,11.94,36.94,10.000000000000002,11.94,21.94
325193919,2019_1Q,2019,2019.0,TZARWA,TZA,RWA,Stanbic Bank,Bank,"Bank branch,Call Center",Next day,24.0,yes,High,bank account,Bank account transfer,29.5,10.56,40.06,11.799999999999999,10.56,22.36
325193920,2019_1Q,2019,2019.0,TZARWA,TZA,RWA,Tigo,Mobile Operator,Mobile phone,Less than one hour,0.5,no,High,mobile wallet,Mobile money,0.0,0.0,0.0,0.0,0.0,0.0
325193921,2019_1Q,2019,2019.0,TZARWA,TZA,RWA,Western Union,Money Transfer Operator,Agent,Less than one hour,0.5,yes,High,cash,Cash,2.55,0.58,3.13,2.91,0.58,3.49
325193922,2019_1Q,2019,2019.0,TZARWA,TZA,RWA,Xpress Money,Money Transfer Operator,Agent,Same day,12.0,yes,High,cash,Cash,3.3900000000000006,17.2,20.59,3.4499999999999993,17.2,20.65
325193923,2019_1Q,2019,2019.0,TZAUGA,TZA,UGA,KCB,Bank,"Bank branch,Call Center",Less than one hour,0.5,yes,High,own/partner bank account,Bank account transfer,16.5,13.68,30.18,6.600000000000001,13.68,20.28
325193924,2019_1Q,2019,2019.0,TZAUGA,TZA,UGA,KCB,Bank,"Bank branch,Call Center",Less than one hour,0.5,yes,High,bank account,Bank account transfer,25.0,13.68,38.68,10.0,13.68,23.68
325193925,2019_1Q,2019,2019.0,TZAUGA,TZA,UGA,MoneyGram,Money Transfer Operator,Agent,Less than one hour,0.5,yes,High,cash,Cash,5.17,1.99,7.16,4.63,1.99,6.62
325193926,2019_1Q,2019,2019.0,TZAUGA,TZA,UGA,NBC,Bank,"Bank branch,Call Center",Next day,24.0,yes,High,bank account,Bank account transfer,25.0,5.38,30.38,10.0,5.38,15.38
325193927,2019_1Q,2019,2019.0,TZAUGA,TZA,UGA,NMB (National Microfinance Bank),Non-Bank FI,"Bank branch,Call Center",Next day,24.0,yes,High,bank account,Bank account transfer,25.000000000000004,8.34,33.34,10.0,8.34,18.34
325193928,2019_1Q,2019,2019.0,TZAUGA,TZA,UGA,Stanbic Bank,Bank,"Bank branch,Call Center",Next day,24.0,yes,High,bank account,Bank account transfer,29.499999999999996,6.8,36.3,11.8,6.8,18.6
325193929,2019_1Q,2019,2019.0,TZAUGA,TZA,UGA,Western Union,Money Transfer Operator,Agent,Less than one hour,0.5,yes,High,cash,Cash,2.54,0.64,3.18,2.9099999999999997,0.64,3.55
325193930,2019_1Q,2019,2019.0,TZAUGA,TZA,UGA,Xpress Money,Money Transfer Operator,Agent,Same day,12.0,yes,High,cash,Cash,3.3900000000000006,1.47,4.86,3.45,1.47,4.92
625192771,2019_2Q,2019,2019.25,KENRWA,KEN,RWA,Dahabshiil,Money Transfer Operator,Agent,Same day,12.0,yes,Low,cash,"Cash,Debit/credit card",6.99,2.97,9.96,6.99,2.97,9.96
625192772,2019_2Q,2019,2019.25,KENRWA,KEN,RWA,Ecobank,Bank,Bank branch,Next day,24.0,yes,Medium,cash,Cash,14.999999999999998,2.97,17.97,6.0,2.97,8.97
625192773,2019_2Q,2019,2019.25,KENRWA,KEN,RWA,MoneyGram,Money Transfer Operator,Agent,Less than one hour,0.5,yes,High,cash,Cash,0.5300000000000002,5.13,5.66,1.5,5.13,6.63
625192774,2019_2Q,2019,2019.25,KENRWA,KEN,RWA,M-Pesa,Mobile Operator,Mobile phone,Less than one hour,0.5,yes,High,cash,Mobile money,0.5499999999999998,4.01,4.56,0.2400000000000002,4.01,4.25
625192775,2019_2Q,2019,2019.25,KENRWA,KEN,RWA,Western Union,Money Transfer Operator,Agent,Less than one hour,0.5,yes,High,cash,Cash,7.330000000000001,4.64,11.97,5.87,4.64,10.51
625192776,2019_2Q,2019,2019.25,KENRWA,KEN,RWA,Xpress Money,Money Transfer Operator,Agent,Less than one hour,0.5,yes,Medium,cash,Cash,0.3400000000000034,18.08,18.42,1.3400000000000034,18.08,19.42
625192777,2019_2Q,2019,2019.25,KENSSD,KEN,SSD,ABC Bank,Money Transfer Operator,"Bank branch,Call Center,Internet",Next day,24.0,yes,Low,bank account,Bank account transfer,9.17,5.23,14.4,3.67,5.23,8.9
625192778,2019_2Q,2019,2019.25,KENSSD,KEN,SSD,Citibank,Bank,"Bank branch,Call Center,Internet",Next day,24.0,yes,Low,bank account,Bank account transfer,10.0,4.5,14.5,4.0,4.5,8.5
625192779,2019_2Q,2019,2019.25,KENSSD,KEN,SSD,Dahabshiil,Money Transfer Operator,Agent,Same day,12.0,yes,Low,cash,"Cash,Debit/credit card",6.99,2.97,9.96,6.99,2.97,9.96
625192780,2019_2Q,2019,2019.25,KENSSD,KEN,SSD,Development Bank of Kenya,Bank,"Bank branch,Call Center,Internet",Next day,24.0,yes,Low,bank account,Bank account transfer,11.41,4.0,15.41,4.5600000000000005,4.0,8.56
625192781,2019_2Q,2019,2019.25,KENSSD,KEN,SSD,Ecobank,Bank,Bank branch,Next day,24.0,yes,Low,bank account,Cash,14.999999999999998,2.97,17.97,6.0,2.97,8.97
625192782,2019_2Q,2019,2019.25,KENSSD,KEN,SSD,Equatorial Commercial Bank,Bank,"Bank branch,Call Center,Internet",Next day,24.0,yes,Low,bank account,Bank account transfer,9.16,2.99,12.15,3.66,2.99,6.65
625192783,2019_2Q,2019,2019.25,KENSSD,KEN,SSD,GT Bank,Bank,"Bank branch,Call Center,Internet",Next day,24.0,yes,Low,bank account,Bank account transfer,9.17,3.17,12.34,3.67,3.17,6.84
625192784,2019_2Q,2019,2019.25,KENSSD,KEN,SSD,KCB,Bank,"Bank branch,Call Center,Internet",Next day,24.0,yes,Low,bank account,Bank account transfer,12.219999999999999,2.13,14.35,4.89,2.13,7.02
625192785,2019_2Q,2019,2019.25,KENSSD,KEN,SSD,MoneyGram,Money Transfer Operator,Agent,Less than one hour,0.5,yes,Low,cash,Cash,1.4999999999999996,3.14,4.64,1.4999999999999996,3.14,4.64
625192786,2019_2Q,2019,2019.25,KENSSD,KEN,SSD,United Bank for Africa (UBA),Bank,"Bank branch,Call Center,Internet",Next day,24.0,yes,Low,bank account,Bank account transfer,9.16,4.02,13.18,3.66,4.02,7.68
625192787,2019_2Q,2019,2019.25,KENSSD,KEN,SSD,Western Union,Money Transfer Operator,Agent,Less than one hour,0.5,yes,Low,cash,Cash,7.330000000000001,4.64,11.97,5.87,4.64,10.51
625192788,2019_2Q,2019,2019.25,KENTZA,KEN,TZA,ABC Bank,Money Transfer Operator,"Bank branch,Call Center,Internet",Next day,24.0,yes,Medium,bank account,Bank account transfer,9.17,5.23,14.4,3.67,5.23,8.9
625192789,2019_2Q,2019,2019.25,KENTZA,KEN,TZA,Citibank,Bank,"Bank branch,Call Center,Internet",Next day,24.0,yes,Medium,bank account,Bank account transfer,10.0,4.5,14.5,4.0,4.5,8.5
625192790,2019_2Q,2019,2019.25,KENTZA,KEN,TZA,Dahabshiil,Money Transfer Operator,Agent,Same day,12.0,yes,Low,cash,"Cash,Debit/credit card",6.99,2.97,9.96,6.99,2.97,9.96
625192791,2019_2Q,2019,2019.25,KENTZA,KEN,TZA,Development Bank of Kenya,Bank,"Bank branch,Call Center,Internet",Next day,24.0,yes,Medium,bank account,Bank account transfer,11.41,4.0,15.41,4.74,4.0,8.74
625192792,2019_2Q,2019,2019.25,KENTZA,KEN,TZA,Ecobank,Bank,Bank branch,Next day,24.0,yes,Low,cash,Cash,14.999999999999998,2.97,17.97,6.0,2.97,8.97
625192793,2019_2Q,2019,2019.25,KENTZA,KEN,TZA,Equatorial Commercial Bank,Bank,"Bank branch,Call Center,Internet",Next day,24.0,yes,Medium,bank account,Bank account transfer,9.16,2.99,12.15,3.66,2.99,6.65
625192794,2019_2Q,2019,2019.25,KENTZA,KEN,TZA,GT Bank,Bank,"Bank branch,Call Center,Internet",Next day,24.0,yes,Medium,bank account,Bank account transfer,9.17,3.17,12.34,3.67,3.17,6.84
625192795,2019_2Q,2019,2019.25,KENTZA,KEN,TZA,KCB,Bank,"Bank branch,Call Center,Internet",Next day,24.0,yes,Medium,bank account,Bank account transfer,12.219999999999999,2.13,14.35,4.89,2.13,7.02
625192796,2019_2Q,2019,2019.25,KENTZA,KEN,TZA,MoneyGram,Money Transfer Operator,Agent,Less than one hour,0.5,yes,High,cash,Cash,1.5000000000000004,3.44,4.94,1.5000000000000004,3.44,4.94
625192797,2019_2Q,2019,2019.25,KENTZA,KEN,TZA,M-Pesa,Mobile Operator,Mobile phone,Less than one hour,0.5,yes,High,cash,Mobile money,0.5499999999999998,4.01,4.56,0.2400000000000002,4.01,4.25
625192798,2019_2Q,2019,2019.25,KENTZA,KEN,TZA,Posta Kenya,Post office,Post Office branch,2 days,48.0,yes,High,cash,Cash,9.66,6.02,15.68,6.440000000000001,6.02,12.46
625192799,2019_2Q,2019,2019.25,KENTZA,KEN,TZA,UBA Africash,Bank,Bank branch,Less than one hour,0.5,yes,Medium,cash,Cash,2.8599999999999994,2.91,5.77,1.8499999999999996,2.91,4.76
625192800,2019_2Q,2019,2019.25,KENTZA,KEN,TZA,United Bank for Africa (UBA),Bank,"Bank branch,Call Center,Internet",Next day,24.0,yes,Medium,bank account,Bank account transfer,9.16,2.91,12.07,3.66,2.91,6.57
625192801,2019_2Q,2019,2019.25,KENTZA,KEN,TZA,Western Union,Money Transfer Operator,Agent,Less than one hour,0.5,yes,High,cash,Cash,7.330000000000001,4.64,11.97,5.87,4.64,10.51
625192802,2019_2Q,2019,2019.25,KENTZA,KEN,TZA,Xpress Money,Money Transfer Operator,Agent,Less than one hour,0.5,yes,Medium,cash,Cash,2.2299999999999995,4.79,7.02,1.3399999999999999,4.79,6.13
625192803,2019_2Q,2019,2019.25,KENUGA,KEN,UGA,ABC Bank,Money Transfer Operator,"Bank branch,Call Center,Internet",Next day,24.0,yes,High,bank account,Bank account transfer,9.17,5.23,14.4,3.67,5.23,8.9
625192804,2019_2Q,2019,2019.25,KENUGA,KEN,UGA,Citibank,Bank,"Bank branch,Call Center,Internet",Next day,24.0,yes,High,bank account,Bank account transfer,10.0,4.5,14.5,4.0,4.5,8.5
625192805,2019_2Q,2019,2019.25,KENUGA,KEN,UGA,Dahabshiil,Money Transfer Operator,Agent,Same day,12.0,yes,Low,cash,"Cash,Debit/credit card",6.99,2.97,9.96,6.99,2.97,9.96
625192806,2019_2Q,2019,2019.25,KENUGA,KEN,UGA,Development Bank of Kenya,Bank,"Bank branch,Call Center,Internet",Next day,24.0,yes,High,bank account,Bank account transfer,11.41,4.0,15.41,4.74,4.0,8.74
625192807,2019_2Q,2019,2019.25,KENUGA,KEN,UGA,Ecobank,Bank,Bank branch,Same day,12.0,yes,Low,cash,Cash,14.999999999999998,2.97,17.97,6.0,2.97,8.97
625192808,2019_2Q,2019,2019.25,KENUGA,KEN,UGA,Equatorial Commercial Bank,Bank,"Bank branch,Call Center,Internet",Next day,24.0,yes,High,bank account,Bank account transfer,9.16,2.99,12.15,3.66,2.99,6.65
625192809,2019_2Q,2019,2019.25,KENUGA,KEN,UGA,GT Bank,Bank,"Bank branch,Call Center,Internet",Next day,24.0,yes,High,bank account,Bank account transfer,9.17,3.17,12.34,3.67,3.17,6.84
625192810,2019_2Q,2019,2019.25,KENUGA,KEN,UGA,KCB,Bank,"Bank branch,Call Center,Internet",Next day,24.0,yes,High,bank account,Bank account transfer,12.219999999999999,2.13,14.35,4.89,2.13,7.02
625192811,2019_2Q,2019,2019.25,KENUGA,KEN,UGA,MoneyGram,Money Transfer Operator,Agent,Less than one hour,0.5,yes,High,cash,Cash,1.4999999999999996,3.43,4.93,1.4999999999999996,3.43,4.93
625192812,2019_2Q,2019,2019.25,KENUGA,KEN,UGA,M-Pesa,Mobile Operator,Mobile phone,Less than one hour,0.5,yes,High,cash,Mobile money,0.5499999999999998,4.01,4.56,0.2400000000000002,4.01,4.25
625192813,2019_2Q,2019,2019.25,KENUGA,KEN,UGA,Posta Kenya,Post office,Post Office branch,2 days,48.0,yes,High,cash,Cash,9.66,6.02,15.68,6.440000000000001,6.02,12.46
625192814,2019_2Q,2019,2019.25,KENUGA,KEN,UGA,UBA Africash,Bank,Bank branch,Less than one hour,0.5,yes,Medium,cash,Cash,2.8599999999999994,2.91,5.77,1.8499999999999996,2.91,4.76
625192815,2019_2Q,2019,2019.25,KENUGA,KEN,UGA,United Bank for Africa (UBA),Bank,"Bank branch,Call Center,Internet",Next day,24.0,yes,High,bank account,Bank account transfer,9.16,2.91,12.07,3.66,2.91,6.57
625192816,2019_2Q,2019,2019.25,KENUGA,KEN,UGA,Western Union,Money Transfer Operator,Agent,Less than one hour,0.5,yes,High,cash,Cash,7.330000000000001,4.64,11.97,5.87,4.64,10.51
625192817,2019_2Q,2019,2019.25,KENUGA,KEN,UGA,Xpress Money,Money Transfer Operator,Agent,Less than one hour,0.5,yes,Medium,cash,Cash,2.22,3.78,6.0,1.3300000000000005,3.78,5.11
625193638,2019_2Q,2019,2019.25,RWAKEN,RWA,KEN,Ecobank RapidCash,Bank,"Bank branch,Internet",Next day,24.0,yes,High,bank account,Bank account transfer,5.109999999999999,1.61,6.72,5.35,1.61,6.96
625193639,2019_2Q,2019,2019.25,RWAKEN,RWA,KEN,KCB,Bank,Bank branch,Next day,24.0,yes,High,bank account,Bank account transfer,12.079999999999998,5.3,17.38,4.830000000000001,5.3,10.13
625193640,2019_2Q,2019,2019.25,RWAKEN,RWA,KEN,MoneyGram,Money Transfer Operator,Agent,Less than one hour,0.5,yes,High,cash,Cash,7.34,-0.56,6.78,5.869999999999999,-0.56,5.31
625193641,2019_2Q,2019,2019.25,RWAKEN,RWA,KEN,MTN Mobile Money,Mobile Operator,Mobile phone,Less than one hour,0.5,yes,High,mobile wallet,Mobile money,3.329999999999999,6.53,9.86,3.2,6.53,9.73
625193642,2019_2Q,2019,2019.25,RWAKEN,RWA,KEN,Unimoni,Money Transfer Operator,Agent,Less than one hour,0.5,yes,High,mobile wallet,Cash,3.1100000000000003,3.12,6.23,1.87,3.12,4.99
625193643,2019_2Q,2019,2019.25,RWAKEN,RWA,KEN,Western Union,Money Transfer Operator,Agent,Less than one hour,0.5,yes,High,cash,Cash,10.33,4.02,14.35,10.690000000000001,4.02,14.71
625193644,2019_2Q,2019,2019.25,RWAKEN,RWA,KEN,Xpress Money,Money Transfer Operator,Agent,Same day,12.0,yes,High,cash,Cash,5.44,4.2,9.64,5.04,4.2,9.24
625193645,2019_2Q,2019,2019.25,RWAKEN,RWA,KEN,Xpress Money,Money Transfer Operator,Agent,Same day,12.0,yes,High,mobile wallet,Cash,3.1100000000000003,3.12,6.23,1.87,3.12,4.99
625194081,2019_2Q,2019,2019.25,TZAKEN,TZA,KEN,KCB,Bank,"Bank branch,Call Center",Less than one hour,0.5,no,High,own/partner bank account,Bank account transfer,15.0,0.0,15.0,6.0,0.0,6.0
625194082,2019_2Q,2019,2019.25,TZAKEN,TZA,KEN,KCB,Bank,"Bank branch,Call Center",Less than one hour,0.5,no,High,bank account,Bank account transfer,25.0,0.0,25.0,10.0,0.0,10.0
625194083,2019_2Q,2019,2019.25,TZAKEN,TZA,KEN,MoneyGram,Money Transfer Operator,Agent,Less than one hour,0.5,yes,High,cash,Cash,5.170000000000001,-0.23,4.94,4.630000000000001,-0.23,4.4
625194084,2019_2Q,2019,2019.25,TZAKEN,TZA,KEN,M-Pesa,Mobile Operator,Mobile phone,Less than one hour,0.5,no,High,mobile wallet,Mobile money,2.31,0.0,2.31,1.39,0.0,1.39
625194085,2019_2Q,2019,2019.25,TZAKEN,TZA,KEN,NBC,Bank,"Bank branch,Call Center",Next day,24.0,yes,High,bank account,Bank account transfer,29.499999999999996,8.23,37.73,11.8,8.23,20.03
625194086,2019_2Q,2019,2019.25,TZAKEN,TZA,KEN,Stanbic Bank,Bank,"Bank branch,Call Center",Next day,24.0,no,High,bank account,Bank account transfer,29.5,0.0,29.5,11.8,0.0,11.8
625194087,2019_2Q,2019,2019.25,TZAKEN,TZA,KEN,Western Union,Money Transfer Operator,Agent,Less than one hour,0.5,yes,High,cash,Cash,2.16,1.67,3.83,2.4699999999999998,1.67,4.14
625194088,2019_2Q,2019,2019.25,TZAKEN,TZA,KEN,Xpress Money,Money Transfer Operator,Agent,Less than one hour,0.5,yes,High,cash,Cash,3.3899999999999997,3.25,6.64,3.46,3.25,6.71
625194089,2019_2Q,2019,2019.25,TZAKEN,TZA,KEN,Xpress Money,Money Transfer Operator,Agent,Less than one hour,0.5,yes,High,mobile wallet,Cash,1.54,3.25,4.79,0.9900000000000002,3.25,4.24
625194090,2019_2Q,2019,2019.25,TZARWA,TZA,RWA,KCB,Bank,"Bank branch,Call Center",Less than one hour,0.5,no,High,own/partner bank account,Bank account transfer,15.0,0.0,15.0,6.0,0.0,6.0
625194091,2019_2Q,2019,2019.25,TZARWA,TZA,RWA,KCB,Bank,"Bank branch,Call Center",Less than one hour,0.5,no,High,bank account,Bank account transfer,25.0,0.0,25.0,10.0,0.0,10.0
625194092,2019_2Q,2019,2019.25,TZARWA,TZA,RWA,MoneyGram,Money Transfer Operator,Agent,Less than one hour,0.5,yes,High,cash,Cash,5.17,-0.01,5.16,4.63,-0.01,4.62
625194093,2019_2Q,2019,2019.25,TZARWA,TZA,RWA,NMB (National Microfinance Bank),Non-Bank FI,"Bank branch,Call Center",Next day,24.0,no,High,bank account,Bank account transfer,29.5,0.0,29.5,11.8,0.0,11.8
625194094,2019_2Q,2019,2019.25,TZARWA,TZA,RWA,Stanbic Bank,Bank,"Bank branch,Call Center",Next day,24.0,no,High,bank account,Bank account transfer,29.5,0.0,29.5,11.8,0.0,11.8
625194095,2019_2Q,2019,2019.25,TZARWA,TZA,RWA,Tigo,Mobile Operator,Mobile phone,Less than one hour,0.5,no,High,mobile wallet,Mobile money,0.0,0.0,0.0,0.0,0.0,0.0
625194096,2019_2Q,2019,2019.25,TZARWA,TZA,RWA,Western Union,Money Transfer Operator,Agent,Less than one hour,0.5,yes,High,cash,Cash,2.1500000000000004,2.67,4.82,2.46,2.67,5.13
625194097,2019_2Q,2019,2019.25,TZARWA,TZA,RWA,Xpress Money,Money Transfer Operator,Agent,Same day,12.0,yes,High,cash,Cash,3.3900000000000006,16.45,19.84,3.460000000000001,16.45,19.91
625194098,2019_2Q,2019,2019.25,TZAUGA,TZA,UGA,KCB,Bank,"Bank branch,Call Center",Less than one hour,0.5,no,High,own/partner bank account,Bank account transfer,15.0,0.0,15.0,6.0,0.0,6.0
625194099,2019_2Q,2019,2019.25,TZAUGA,TZA,UGA,KCB,Bank,"Bank branch,Call Center",Less than one hour,0.5,no,High,bank account,Bank account transfer,25.0,0.0,25.0,10.0,0.0,10.0
625194100,2019_2Q,2019,2019.25,TZAUGA,TZA,UGA,MoneyGram,Money Transfer Operator,Agent,Less than one hour,0.5,yes,High,cash,Cash,5.17,0.38,5.55,4.63,0.38,5.01
625194101,2019_2Q,2019,2019.25,TZAUGA,TZA,UGA,NBC,Bank,"Bank branch,Call Center",Next day,24.0,yes,High,bank account,Bank account transfer,29.5,9.33,38.83,11.799999999999999,9.33,21.13
625194102,2019_2Q,2019,2019.25,TZAUGA,TZA,UGA,NMB (National Microfinance Bank),Non-Bank FI,"Bank branch,Call Center",Next day,24.0,yes,High,bank account,Bank account transfer,29.5,2.17,31.67,11.8,2.17,13.97
625194103,2019_2Q,2019,2019.25,TZAUGA,TZA,UGA,Stanbic Bank,Bank,"Bank branch,Call Center",Next day,24.0,no,High,bank account,Bank account transfer,29.5,0.0,29.5,11.8,0.0,11.8
625194104,2019_2Q,2019,2019.25,TZAUGA,TZA,UGA,Western Union,Money Transfer Operator,Agent,Less than one hour,0.5,yes,High,cash,Cash,2.1599999999999997,1.85,4.01,2.47,1.85,4.32
625194105,2019_2Q,2019,2019.25,TZAUGA,TZA,UGA,Xpress Money,Money Transfer Operator,Agent,Same day,12.0,yes,High,cash,Cash,3.3899999999999997,1.12,4.51,3.45,1.12,4.57
1022192925,2019_3Q,2019,2019.5,KENRWA,KEN,RWA,Dahabshiil,Money Transfer Operator,Agent,Same day,12.0,yes,Low,cash,"Cash,Debit/credit card",6.9799999999999995,2.29,9.27,6.9799999999999995,2.29,9.27
1022192926,2019_3Q,2019,2019.5,KENRWA,KEN,RWA,Ecobank,Bank,Bank branch,Next day,24.0,yes,Medium,cash,Cash,15.0,3.36,18.36,6.0,3.36,9.36
1022192927,2019_3Q,2019,2019.5,KENRWA,KEN,RWA,EcoBank Rapid Transfer,Money Transfer Operator,"Bank branch,Internet",Same day,12.0,yes,Medium,cash,"Bank account transfer,Cash",9.72,1.93,11.65,4.78,1.93,6.71
1022192928,2019_3Q,2019,2019.5,KENRWA,KEN,RWA,MoneyGram,Money Transfer Operator,Agent,Less than one hour,0.5,yes,High,cash,Cash,1.5,4.16,5.66,1.5,4.16,5.66
1022192929,2019_3Q,2019,2019.5,KENRWA,KEN,RWA,M-Pesa,Mobile Operator,Mobile phone,Less than one hour,0.5,yes,High,cash,Mobile money,0.56,3.31,3.87,0.23999999999999977,3.31,3.55
1022192930,2019_3Q,2019,2019.5,KENRWA,KEN,RWA,Western Union,Money Transfer Operator,Agent,Less than one hour,0.5,yes,High,cash,Cash,7.34,2.1,9.44,5.869999999999999,2.1,7.97
1022192931,2019_3Q,2019,2019.5,KENRWA,KEN,RWA,Xpress Money,Money Transfer Operator,Agent,Less than one hour,0.5,yes,High,cash,Cash,2.219999999999999,17.6,19.82,1.3299999999999983,17.6,18.93
1022192932,2019_3Q,2019,2019.5,KENSSD,KEN,SSD,ABC Bank,Money Transfer Operator,"Bank branch,Call Center,Internet",Next day,24.0,yes,Low,bank account,Bank account transfer,9.170000000000002,5.21,14.38,3.670000000000001,5.21,8.88
1022192933,2019_3Q,2019,2019.5,KENSSD,KEN,SSD,Citibank,Bank,"Bank branch,Call Center,Internet",Next day,24.0,yes,Low,bank account,Bank account transfer,10.0,3.51,13.51,4.0,3.51,7.51
1022192934,2019_3Q,2019,2019.5,KENSSD,KEN,SSD,Dahabshiil,Money Transfer Operator,Agent,Same day,12.0,yes,Low,cash,"Cash,Debit/credit card",6.9799999999999995,2.29,9.27,6.9799999999999995,2.29,9.27
1022192935,2019_3Q,2019,2019.5,KENSSD,KEN,SSD,Development Bank of Kenya,Bank,"Bank branch,Call Center,Internet",Next day,24.0,yes,Low,bank account,Bank account transfer,11.41,5.3,16.71,4.569999999999999,5.3,9.87
1022192936,2019_3Q,2019,2019.5,KENSSD,KEN,SSD,Ecobank,Bank,Bank branch,Next day,24.0,yes,Low,bank account,Cash,15.0,3.36,18.36,6.0,3.36,9.36
1022192937,2019_3Q,2019,2019.5,KENSSD,KEN,SSD,EcoBank Rapid Transfer,Money Transfer Operator,"Bank branch,Internet",Same day,12.0,yes,Low,cash,"Bank account transfer,Cash",9.719999999999999,4.05,13.77,4.78,4.05,8.83
1022192938,2019_3Q,2019,2019.5,KENSSD,KEN,SSD,Equatorial Commercial Bank,Bank,"Bank branch,Call Center,Internet",Next day,24.0,yes,Low,bank account,Bank account transfer,9.16,2.32,11.48,3.6600000000000006,2.32,5.98
1022192939,2019_3Q,2019,2019.5,KENSSD,KEN,SSD,GT Bank,Bank,"Bank branch,Call Center,Internet",Next day,24.0,yes,Low,bank account,Bank account transfer,9.170000000000002,2.46,11.63,3.67,2.46,6.13
1022192940,2019_3Q,2019,2019.5,KENSSD,KEN,SSD,KCB,Bank,"Bank branch,Call Center,Internet",Next day,24.0,yes,Low,bank account,Bank account transfer,12.23,2.3,14.53,4.890000000000001,2.3,7.19
1022192941,2019_3Q,2019,2019.5,KENSSD,KEN,SSD,MoneyGram,Money Transfer Operator,Agent,Less than one hour,0.5,yes,Low,cash,Cash,1.67,0.98,2.65,0.6699999999999999,0.98,1.65
1022192942,2019_3Q,2019,2019.5,KENSSD,KEN,SSD,United Bank for Africa (UBA),Bank,"Bank branch,Call Center,Internet",Next day,24.0,yes,Low,bank account,Bank account transfer,9.17,2.41,11.58,3.67,2.41,6.08
1022192943,2019_3Q,2019,2019.5,KENSSD,KEN,SSD,Western Union,Money Transfer Operator,Agent,Less than one hour,0.5,yes,Low,cash,Cash,7.34,2.1,9.44,5.869999999999999,2.1,7.97
1022192944,2019_3Q,2019,2019.5,KENTZA,KEN,TZA,ABC Bank,Money Transfer Operator,"Bank branch,Call Center,Internet",Next day,24.0,yes,Medium,bank account,Bank account transfer,9.170000000000002,5.21,14.38,3.670000000000001,5.21,8.88
1022192945,2019_3Q,2019,2019.5,KENTZA,KEN,TZA,Citibank,Bank,"Bank branch,Call Center,Internet",Next day,24.0,yes,Medium,bank account,Bank account transfer,10.0,3.51,13.51,4.0,3.51,7.51
1022192946,2019_3Q,2019,2019.5,KENTZA,KEN,TZA,Dahabshiil,Money Transfer Operator,Agent,Same day,12.0,yes,Low,cash,"Cash,Debit/credit card",6.9799999999999995,2.29,9.27,6.9799999999999995,2.29,9.27
1022192947,2019_3Q,2019,2019.5,KENTZA,KEN,TZA,Development Bank of Kenya,Bank,"Bank branch,Call Center,Internet",Next day,24.0,yes,Medium,bank account,Bank account transfer,11.41,5.3,16.71,4.739999999999999,5.3,10.04
1022192948,2019_3Q,2019,2019.5,KENTZA,KEN,TZA,Ecobank,Bank,Bank branch,Next day,24.0,yes,Low,cash,Cash,15.0,3.36,18.36,6.0,3.36,9.36
1022192949,2019_3Q,2019,2019.5,KENTZA,KEN,TZA,EcoBank Rapid Transfer,Money Transfer Operator,"Bank branch,Internet",Same day,12.0,yes,Medium,cash,"Bank account transfer,Cash",9.719999999999999,1.3,11.02,4.78,1.3,6.08
1022192950,2019_3Q,2019,2019.5,KENTZA,KEN,TZA,Equatorial Commercial Bank,Bank,"Bank branch,Call Center,Internet",Next day,24.0,yes,Medium,bank account,Bank account transfer,9.16,2.32,11.48,3.6600000000000006,2.32,5.98
1022192951,2019_3Q,2019,2019.5,KENTZA,KEN,TZA,GT Bank,Bank,"Bank branch,Call Center,Internet",Next day,24.0,yes,Medium,bank account,Bank account transfer,9.170000000000002,2.46,11.63,3.67,2.46,6.13
1022192952,2019_3Q,2019,2019.5,KENTZA,KEN,TZA,KCB,Bank,"Bank branch,Call Center,Internet",Next day,24.0,yes,Medium,bank account,Bank account transfer,12.23,2.3,14.53,4.890000000000001,2.3,7.19
1022192953,2019_3Q,2019,2019.5,KENTZA,KEN,TZA,MoneyGram,Money Transfer Operator,Agent,Less than one hour,0.5,yes,High,cash,Cash,1.5,2.66,4.16,1.5,2.66,4.16
1022192954,2019_3Q,2019,2019.5,KENTZA,KEN,TZA,M-Pesa,Mobile Operator,Mobile phone,Less than one hour,0.5,yes,High,cash,Mobile money,0.56,3.31,3.87,0.23999999999999977,3.31,3.55
1022192955,2019_3Q,2019,2019.5,KENTZA,KEN,TZA,Posta Kenya,Post office,Post Office branch,2 days,48.0,yes,High,cash,Cash,9.67,2.47,12.14,6.449999999999999,2.47,8.92
1022192956,2019_3Q,2019,2019.5,KENTZA,KEN,TZA,UBA Africash,Bank,Bank branch,Less than one hour,0.5,yes,Medium,cash,Cash,2.8600000000000003,3.33,6.19,1.8499999999999996,3.33,5.18
1022192957,2019_3Q,2019,2019.5,KENTZA,KEN,TZA,United Bank for Africa (UBA),Bank,"Bank branch,Call Center,Internet",Next day,24.0,yes,Medium,bank account,Bank account transfer,9.17,2.41,11.58,3.67,2.41,6.08
1022192958,2019_3Q,2019,2019.5,KENTZA,KEN,TZA,Western Union,Money Transfer Operator,Agent,Less than one hour,0.5,yes,High,cash,Cash,7.34,2.1,9.44,5.869999999999999,2.1,7.97
1022192959,2019_3Q,2019,2019.5,KENTZA,KEN,TZA,Xpress Money,Money Transfer Operator,Agent,Less than one hour,0.5,yes,Medium,cash,Cash,2.2200000000000006,4.14,6.36,1.33,4.14,5.47
1022192960,2019_3Q,2019,2019.5,KENUGA,KEN,UGA,ABC Bank,Money Transfer Operator,"Bank branch,Call Center,Internet",Next day,24.0,yes,High,bank account,Bank account transfer,9.170000000000002,5.21,14.38,3.670000000000001,5.21,8.88
1022192961,2019_3Q,2019,2019.5,KENUGA,KEN,UGA,Citibank,Bank,"Bank branch,Call Center,Internet",Next day,24.0,yes,High,bank account,Bank account transfer,10.0,3.51,13.51,4.0,3.51,7.51
1022192962,2019_3Q,2019,2019.5,KENUGA,KEN,UGA,Dahabshiil,Money Transfer Operator,Agent,Same day,12.0,yes,Low,cash,"Cash,Debit/credit card",6.9799999999999995,2.29,9.27,6.9799999999999995,2.29,9.27
1022192963,2019_3Q,2019,2019.5,KENUGA,KEN,UGA,Development Bank of Kenya,Bank,"Bank branch,Call Center,Internet",Next day,24.0,yes,High,bank account,Bank account transfer,11.41,5.3,16.71,4.739999999999999,5.3,10.04
1022192964,2019_3Q,2019,2019.5,KENUGA,KEN,UGA,Ecobank,Bank,Bank branch,Same day,12.0,yes,Low,cash,Cash,15.0,3.36,18.36,6.0,3.36,9.36
1022192965,2019_3Q,2019,2019.5,KENUGA,KEN,UGA,EcoBank Rapid Transfer,Money Transfer Operator,"Bank branch,Internet",Same day,12.0,yes,Medium,cash,"Bank account transfer,Cash",9.72,2.52,12.24,4.779999999999999,2.52,7.3
1022192966,2019_3Q,2019,2019.5,KENUGA,KEN,UGA,Equatorial Commercial Bank,Bank,"Bank branch,Call Center,Internet",Next day,24.0,yes,High,bank account,Bank account transfer,9.16,2.32,11.48,3.6600000000000006,2.32,5.98
1022192967,2019_3Q,2019,2019.5,KENUGA,KEN,UGA,GT Bank,Bank,"Bank branch,Call Center,Internet",Next day,24.0,yes,High,bank account,Bank account transfer,9.170000000000002,2.46,11.63,3.67,2.46,6.13
1022192968,2019_3Q,2019,2019.5,KENUGA,KEN,UGA,KCB,Bank,"Bank branch,Call Center,Internet",Next day,24.0,yes,High,bank account,Bank account transfer,12.23,2.3,14.53,4.890000000000001,2.3,7.19
1022192969,2019_3Q,2019,2019.5,KENUGA,KEN,UGA,MoneyGram,Money Transfer Operator,Agent,Less than one hour,0.5,yes,High,cash,Cash,1.5,4.03,5.53,1.5,4.03,5.53
1022192970,2019_3Q,2019,2019.5,KENUGA,KEN,UGA,M-Pesa,Mobile Operator,Mobile phone,Less than one hour,0.5,yes,High,cash,Mobile money,0.56,3.31,3.87,0.23999999999999977,3.31,3.55
1022192971,2019_3Q,2019,2019.5,KENUGA,KEN,UGA,Posta Kenya,Post office,Post Office branch,2 days,48.0,yes,High,cash,Cash,9.67,2.47,12.14,6.449999999999999,2.47,8.92
1022192972,2019_3Q,2019,2019.5,KENUGA,KEN,UGA,UBA Africash,Bank,Bank branch,Less than one hour,0.5,yes,Medium,cash,Cash,2.8600000000000003,3.33,6.19,1.8499999999999996,3.33,5.18
1022192973,2019_3Q,2019,2019.5,KENUGA,KEN,UGA,United Bank for Africa (UBA),Bank,"Bank branch,Call Center,Internet",Next day,24.0,yes,High,bank account,Bank account transfer,9.17,2.41,11.58,3.67,2.41,6.08
1022192974,2019_3Q,2019,2019.5,KENUGA,KEN,UGA,Western Union,Money Transfer Operator,Agent,Less than one hour,0.5,yes,High,cash,Cash,7.34,2.1,9.44,5.869999999999999,2.1,7.97
1022192975,2019_3Q,2019,2019.5,KENUGA,KEN,UGA,Xpress Money,Money Transfer Operator,Agent,Less than one hour,0.5,yes,Medium,cash,Cash,2.23,3.72,5.95,1.3399999999999994,3.72,5.06
1022193848,2019_3Q,2019,2019.5,RWAKEN,RWA,KEN,Ecobank RapidCash,Bank,"Bank branch,Internet",Next day,24.0,yes,High,bank account,Bank account transfer,2.0,0.95,2.95,2.0,0.95,2.95
1022193849,2019_3Q,2019,2019.5,RWAKEN,RWA,KEN,KCB,Bank,Bank branch,Next day,24.0,no,High,bank account,Bank account transfer,12.3,0.0,12.3,4.92,0.0,4.92
1022193850,2019_3Q,2019,2019.5,RWAKEN,RWA,KEN,MoneyGram,Money Transfer Operator,Agent,Less than one hour,0.5,yes,High,cash,Cash,8.65,0.35,9.0,6.890000000000001,0.35,7.24
1022193851,2019_3Q,2019,2019.5,RWAKEN,RWA,KEN,MTN Mobile Money,Mobile Operator,Mobile phone,Less than one hour,0.5,no,High,mobile wallet,Mobile money,3.33,0.0,3.33,3.2,0.0,3.2
1022193852,2019_3Q,2019,2019.5,RWAKEN,RWA,KEN,Unimoni,Money Transfer Operator,Agent,Less than one hour,0.5,yes,High,mobile wallet,Cash,3.13,0.62,3.75,2.56,0.62,3.18
1022193853,2019_3Q,2019,2019.5,RWAKEN,RWA,KEN,Western Union,Money Transfer Operator,Agent,Less than one hour,0.5,no,High,cash,Cash,13.58,0.0,13.58,10.37,0.0,10.37
1022193854,2019_3Q,2019,2019.5,RWAKEN,RWA,KEN,Xpress Money,Money Transfer Operator,Agent,Same day,12.0,yes,High,cash,Cash,2.77,2.82,5.59,2.57,2.82,5.39
1022193855,2019_3Q,2019,2019.5,RWAKEN,RWA,KEN,Xpress Money,Money Transfer Operator,Agent,Same day,12.0,yes,High,mobile wallet,Cash,2.77,2.82,5.59,2.57,2.82,5.39
1022194310,2019_3Q,2019,2019.5,TZAKEN,TZA,KEN,EcoBank Rapid Transfer,Money Transfer Operator,"Bank branch,Internet",Same day,12.0,yes,High,cash,"Bank account transfer,Cash",5.819999999999999,1.53,7.35,6.14,1.53,7.67
1022194311,2019_3Q,2019,2019.5,TZAKEN,TZA,KEN,KCB,Bank,"Bank branch,Call Center",Less than one hour,0.5,no,High,own/partner bank account,Bank account transfer,15.0,0.0,15.0,6.0,0.0,6.0
1022194312,2019_3Q,2019,2019.5,TZAKEN,TZA,KEN,KCB,Bank,"Bank branch,Call Center",Less than one hour,0.5,no,High,bank account,Bank account transfer,25.0,0.0,25.0,10.0,0.0,10.0
1022194313,2019_3Q,2019,2019.5,TZAKEN,TZA,KEN,MoneyGram,Money Transfer Operator,Agent,Less than one hour,0.5,yes,High,cash,Cash,4.51,2.25,6.76,4.51,2.25,6.76
1022194314,2019_3Q,2019,2019.5,TZAKEN,TZA,KEN,M-Pesa,Mobile Operator,Mobile phone,Less than one hour,0.5,no,High,mobile wallet,Mobile money,2.31,0.0,2.31,1.39,0.0,1.39
1022194315,2019_3Q,2019,2019.5,TZAKEN,TZA,KEN,NBC,Bank,"Bank branch,Call Center",Next day,24.0,yes,High,bank account,Bank account transfer,29.5,-1.15,28.35,11.8,-1.15,10.65
1022194316,2019_3Q,2019,2019.5,TZAKEN,TZA,KEN,Stanbic Bank,Bank,"Bank branch,Call Center",Next day,24.0,no,High,bank account,Bank account transfer,29.5,0.0,29.5,11.8,0.0,11.8
1022194317,2019_3Q,2019,2019.5,TZAKEN,TZA,KEN,Western Union,Money Transfer Operator,Agent,Less than one hour,0.5,yes,High,cash,Cash,2.55,2.88,5.43,2.91,2.88,5.79
1022194318,2019_3Q,2019,2019.5,TZAKEN,TZA,KEN,Xpress Money,Money Transfer Operator,Agent,Less than one hour,0.5,yes,High,cash,Cash,1.85,2.44,4.29,1.9700000000000002,2.44,4.41
1022194319,2019_3Q,2019,2019.5,TZARWA,TZA,RWA,EcoBank Rapid Transfer,Money Transfer Operator,"Bank branch,Internet",Same day,12.0,yes,Medium,cash,"Bank account transfer,Cash",5.819999999999999,2.7,8.52,6.14,2.7,8.84
1022194320,2019_3Q,2019,2019.5,TZARWA,TZA,RWA,KCB,Bank,"Bank branch,Call Center",Less than one hour,0.5,no,High,own/partner bank account,Bank account transfer,15.0,0.0,15.0,6.0,0.0,6.0
1022194321,2019_3Q,2019,2019.5,TZARWA,TZA,RWA,KCB,Bank,"Bank branch,Call Center",Less than one hour,0.5,no,High,bank account,Bank account transfer,25.0,0.0,25.0,10.0,0.0,10.0
1022194322,2019_3Q,2019,2019.5,TZARWA,TZA,RWA,MoneyGram,Money Transfer Operator,Agent,Less than one hour,0.5,yes,High,cash,Cash,4.509999999999999,4.44,8.95,4.509999999999999,4.44,8.95
1022194323,2019_3Q,2019,2019.5,TZARWA,TZA,RWA,NMB (National Microfinance Bank),Non-Bank FI,"Bank branch,Call Center",Next day,24.0,yes,High,bank account,Bank account transfer,29.5,10.93,40.43,11.8,10.93,22.73
1022194324,2019_3Q,2019,2019.5,TZARWA,TZA,RWA,Stanbic Bank,Bank,"Bank branch,Call Center",Next day,24.0,no,High,bank account,Bank account transfer,29.5,0.0,29.5,11.8,0.0,11.8
1022194325,2019_3Q,2019,2019.5,TZARWA,TZA,RWA,Tigo,Mobile Operator,Mobile phone,Less than one hour,0.5,no,High,mobile wallet,Mobile money,0.0,0.0,0.0,0.0,0.0,0.0
1022194326,2019_3Q,2019,2019.5,TZARWA,TZA,RWA,Western Union,Money Transfer Operator,Agent,Less than one hour,0.5,yes,High,cash,Cash,2.55,4.08,6.63,2.91,4.08,6.99
1022194327,2019_3Q,2019,2019.5,TZARWA,TZA,RWA,Xpress Money,Money Transfer Operator,Agent,Same day,12.0,yes,High,cash,Cash,1.8500000000000014,15.75,17.6,1.9699999999999989,15.75,17.72
1022194328,2019_3Q,2019,2019.5,TZAUGA,TZA,UGA,EcoBank Rapid Transfer,Money Transfer Operator,"Bank branch,Internet",Same day,12.0,yes,Medium,cash,"Bank account transfer,Cash",5.8100000000000005,3.08,8.89,6.140000000000001,3.08,9.22
1022194329,2019_3Q,2019,2019.5,TZAUGA,TZA,UGA,KCB,Bank,"Bank branch,Call Center",Less than one hour,0.5,no,High,own/partner bank account,Bank account transfer,15.0,0.0,15.0,6.0,0.0,6.0
1022194330,2019_3Q,2019,2019.5,TZAUGA,TZA,UGA,KCB,Bank,"Bank branch,Call Center",Less than one hour,0.5,no,High,bank account,Bank account transfer,25.0,0.0,25.0,10.0,0.0,10.0
1022194331,2019_3Q,2019,2019.5,TZAUGA,TZA,UGA,MoneyGram,Money Transfer Operator,Agent,Less than one hour,0.5,yes,High,cash,Cash,4.51,2.48,6.99,4.51,2.48,6.99
1022194332,2019_3Q,2019,2019.5,TZAUGA,TZA,UGA,NBC,Bank,"Bank branch,Call Center",Next day,24.0,yes,High,bank account,Bank account transfer,29.5,9.72,39.22,11.799999999999999,9.72,21.52
1022194333,2019_3Q,2019,2019.5,TZAUGA,TZA,UGA,NMB (National Microfinance Bank),Non-Bank FI,"Bank branch,Call Center",Next day,24.0,yes,High,bank account,Bank account transfer,29.5,2.54,32.04,11.8,2.54,14.34
1022194334,2019_3Q,2019,2019.5,TZAUGA,TZA,UGA,Stanbic Bank,Bank,"Bank branch,Call Center",Next day,24.0,no,High,bank account,Bank account transfer,29.5,0.0,29.5,11.8,0.0,11.8
1022194335,2019_3Q,2019,2019.5,TZAUGA,TZA,UGA,Western Union,Money Transfer Operator,Agent,Less than one hour,0.5,yes,High,cash,Cash,2.55,1.22,3.77,2.91,1.22,4.13
1022194336,2019_3Q,2019,2019.5,TZAUGA,TZA,UGA,Xpress Money,Money Transfer Operator,Agent,Same day,12.0,yes,High,cash,Cash,1.85,-0.02,1.83,1.97,-0.02,1.95
1220192917,2019_4Q,2019,2019.75,KENRWA,KEN,RWA,Dahabshiil,Money Transfer Operator,Agent,Same day,12.0,yes,Low,cash,"Cash,Debit/credit card",6.9799999999999995,2.79,9.77,6.989999999999999,2.79,9.78
1220192918,2019_4Q,2019,2019.75,KENRWA,KEN,RWA,Ecobank,Bank,Bank branch,Next day,24.0,yes,Medium,cash,Cash,14.999999999999998,3.83,18.83,6.0,3.83,9.83
1220192919,2019_4Q,2019,2019.75,KENRWA,KEN,RWA,EcoBank Rapid Transfer,Money Transfer Operator,"Bank branch,Internet",Same day,12.0,yes,Medium,cash,"Bank account transfer,Cash",9.719999999999999,4.31,14.03,4.78,4.31,9.09
1220192920,2019_4Q,2019,2019.75,KENRWA,KEN,RWA,MoneyGram,Money Transfer Operator,Agent,Less than one hour,0.5,yes,High,cash,Cash,0.16999999999999993,3.15,3.32,0.07000000000000028,3.15,3.22
1220192921,2019_4Q,2019,2019.75,KENRWA,KEN,RWA,M-Pesa,Mobile Operator,Mobile phone,Less than one hour,0.5,yes,High,cash,Mobile money,0.56,3.08,3.64,0.25,3.08,3.33
1220192922,2019_4Q,2019,2019.75,KENRWA,KEN,RWA,Western Union,Money Transfer Operator,Agent,Less than one hour,0.5,yes,High,cash,Cash,7.329999999999999,2.79,10.12,5.86,2.79,8.65
1220192923,2019_4Q,2019,2019.75,KENRWA,KEN,RWA,Xpress Money,Money Transfer Operator,Agent,Less than one hour,0.5,yes,High,cash,Cash,2.2200000000000006,11.19,13.41,1.33,11.19,12.52
1220192924,2019_4Q,2019,2019.75,KENSSD,KEN,SSD,ABC Bank,Money Transfer Operator,"Bank branch,Call Center,Internet",Next day,24.0,yes,Low,bank account,Bank account transfer,9.17,2.22,11.39,3.6699999999999995,2.22,5.89
1220192925,2019_4Q,2019,2019.75,KENSSD,KEN,SSD,Citibank,Bank,"Bank branch,Call Center,Internet",Next day,24.0,yes,Low,bank account,Bank account transfer,10.0,3.84,13.84,4.0,3.84,7.84
1220192926,2019_4Q,2019,2019.75,KENSSD,KEN,SSD,Dahabshiil,Money Transfer Operator,Agent,Same day,12.0,yes,Low,cash,"Cash,Debit/credit card",6.98,5.9,12.88,6.99,5.9,12.89
1220192927,2019_4Q,2019,2019.75,KENSSD,KEN,SSD,Development Bank of Kenya,Bank,"Bank branch,Call Center,Internet",Next day,24.0,yes,Low,bank account,Bank account transfer,11.4,4.08,15.48,4.5600000000000005,4.08,8.64
1220192928,2019_4Q,2019,2019.75,KENSSD,KEN,SSD,Ecobank,Bank,Bank branch,Next day,24.0,yes,Low,bank account,Cash,14.999999999999998,3.83,18.83,6.0,3.83,9.83
1220192929,2019_4Q,2019,2019.75,KENSSD,KEN,SSD,EcoBank Rapid Transfer,Money Transfer Operator,"Bank branch,Internet",Same day,12.0,yes,Low,cash,"Bank account transfer,Cash",9.72,3.59,13.31,4.779999999999999,3.59,8.37
1220192930,2019_4Q,2019,2019.75,KENSSD,KEN,SSD,Equatorial Commercial Bank,Bank,"Bank branch,Call Center,Internet",Next day,24.0,yes,Low,bank account,Bank account transfer,9.17,3.57,12.74,3.6700000000000004,3.57,7.24
1220192931,2019_4Q,2019,2019.75,KENSSD,KEN,SSD,GT Bank,Bank,"Bank branch,Call Center,Internet",Next day,24.0,yes,Low,bank account,Bank account transfer,9.17,2.99,12.16,3.67,2.99,6.66
1220192932,2019_4Q,2019,2019.75,KENSSD,KEN,SSD,KCB,Bank,"Bank branch,Call Center,Internet",Next day,24.0,yes,Low,bank account,Bank account transfer,12.219999999999999,-0.1,12.12,4.89,-0.1,4.79
1220192933,2019_4Q,2019,2019.75,KENSSD,KEN,SSD,MoneyGram,Money Transfer Operator,Agent,Less than one hour,0.5,yes,Low,cash,Cash,0.1599999999999997,-3.03,-2.87,0.05999999999999961,-3.03,-2.97
1220192934,2019_4Q,2019,2019.75,KENSSD,KEN,SSD,United Bank for Africa (UBA),Bank,"Bank branch,Call Center,Internet",Next day,24.0,yes,Low,bank account,Bank account transfer,9.17,-1.43,7.74,3.67,-1.43,2.24
1220192935,2019_4Q,2019,2019.75,KENSSD,KEN,SSD,Western Union,Money Transfer Operator,Agent,Less than one hour,0.5,yes,Low,cash,Cash,7.329999999999999,2.79,10.12,5.86,2.79,8.65
1220192936,2019_4Q,2019,2019.75,KENTZA,KEN,TZA,ABC Bank,Money Transfer Operator,"Bank branch,Call Center,Internet",Next day,24.0,yes,Medium,bank account,Bank account transfer,9.17,2.22,11.39,3.6699999999999995,2.22,5.89
1220192937,2019_4Q,2019,2019.75,KENTZA,KEN,TZA,Citibank,Bank,"Bank branch,Call Center,Internet",Next day,24.0,yes,Medium,bank account,Bank account transfer,10.0,3.84,13.84,4.0,3.84,7.84
1220192938,2019_4Q,2019,2019.75,KENTZA,KEN,TZA,Dahabshiil,Money Transfer Operator,Agent,Same day,12.0,yes,Low,cash,"Cash,Debit/credit card",6.98,5.9,12.88,6.99,5.9,12.89
1220192939,2019_4Q,2019,2019.75,KENTZA,KEN,TZA,Development Bank of Kenya,Bank,"Bank branch,Call Center,Internet",Next day,24.0,yes,Medium,bank account,Bank account transfer,11.4,4.08,15.48,4.74,4.08,8.82
1220192940,2019_4Q,2019,2019.75,KENTZA,KEN,TZA,Ecobank,Bank,Bank branch,Next day,24.0,yes,Low,cash,Cash,14.999999999999998,3.83,18.83,6.0,3.83,9.83
1220192941,2019_4Q,2019,2019.75,KENTZA,KEN,TZA,EcoBank Rapid Transfer,Money Transfer Operator,"Bank branch,Internet",Same day,12.0,yes,Medium,cash,"Bank account transfer,Cash",9.72,3.59,13.31,4.779999999999999,3.59,8.37
1220192942,2019_4Q,2019,2019.75,KENTZA,KEN,TZA,Equatorial Commercial Bank,Bank,"Bank branch,Call Center,Internet",Next day,24.0,yes,Medium,bank account,Bank account transfer,9.17,3.57,12.74,3.6700000000000004,3.57,7.24
1220192943,2019_4Q,2019,2019.75,KENTZA,KEN,TZA,GT Bank,Bank,"Bank branch,Call Center,Internet",Next day,24.0,yes,Medium,bank account,Bank account transfer,9.17,2.99,12.16,3.67,2.99,6.66
1220192944,2019_4Q,2019,2019.75,KENTZA,KEN,TZA,KCB,Bank,"Bank branch,Call Center,Internet",Next day,24.0,yes,Medium,bank account,Bank account transfer,12.219999999999999,-0.1,12.12,4.89,-0.1,4.79
1220192945,2019_4Q,2019,2019.75,KENTZA,KEN,TZA,MoneyGram,Money Transfer Operator,Agent,Less than one hour,0.5,yes,High,cash,Cash,0.16999999999999993,1.59,1.76,0.06999999999999984,1.59,1.66
1220192946,2019_4Q,2019,2019.75,KENTZA,KEN,TZA,M-Pesa,Mobile Operator,Mobile phone,Less than one hour,0.5,yes,High,cash,Mobile money,0.56,3.08,3.64,0.25,3.08,3.33
1220192947,2019_4Q,2019,2019.75,KENTZA,KEN,TZA,Posta Kenya,Post office,Post Office branch,2 days,48.0,yes,High,cash,Cash,9.67,1.67,11.34,6.449999999999999,1.67,8.12
1220192948,2019_4Q,2019,2019.75,KENTZA,KEN,TZA,UBA Africash,Bank,Bank branch,Less than one hour,0.5,yes,Medium,cash,Cash,2.86,1.02,3.88,1.8599999999999999,1.02,2.88
1220192949,2019_4Q,2019,2019.75,KENTZA,KEN,TZA,United Bank for Africa (UBA),Bank,"Bank branch,Call Center,Internet",Next day,24.0,yes,Medium,bank account,Bank account transfer,9.17,1.02,10.19,3.6700000000000004,1.02,4.69
1220192950,2019_4Q,2019,2019.75,KENTZA,KEN,TZA,Western Union,Money Transfer Operator,Agent,Less than one hour,0.5,yes,High,cash,Cash,7.329999999999999,2.79,10.12,5.86,2.79,8.65
1220192951,2019_4Q,2019,2019.75,KENTZA,KEN,TZA,Xpress Money,Money Transfer Operator,Agent,Less than one hour,0.5,yes,Medium,cash,Cash,2.2199999999999998,3.05,5.27,1.33,3.05,4.38
1220192952,2019_4Q,2019,2019.75,KENUGA,KEN,UGA,ABC Bank,Money Transfer Operator,"Bank branch,Call Center,Internet",Next day,24.0,yes,High,bank account,Bank account transfer,9.17,2.22,11.39,3.6699999999999995,2.22,5.89
1220192953,2019_4Q,2019,2019.75,KENUGA,KEN,UGA,Citibank,Bank,"Bank branch,Call Center,Internet",Next day,24.0,yes,High,bank account,Bank account transfer,10.0,3.84,13.84,4.0,3.84,7.84
1220192954,2019_4Q,2019,2019.75,KENUGA,KEN,UGA,Dahabshiil,Money Transfer Operator,Agent,Same day,12.0,yes,Low,cash,"Cash,Debit/credit card",6.98,5.9,12.88,6.99,5.9,12.89
1220192955,2019_4Q,2019,2019.75,KENUGA,KEN,UGA,Development Bank of Kenya,Bank,"Bank branch,Call Center,Internet",Next day,24.0,yes,High,bank account,Bank account transfer,11.4,4.08,15.48,4.74,4.08,8.82
1220192956,2019_4Q,2019,2019.75,KENUGA,KEN,UGA,Ecobank,Bank,Bank branch,Same day,12.0,yes,Low,cash,Cash,14.999999999999998,3.83,18.83,6.0,3.83,9.83
1220192957,2019_4Q,2019,2019.75,KENUGA,KEN,UGA,EcoBank Rapid Transfer,Money Transfer Operator,"Bank branch,Internet",Same day,12.0,yes,Medium,cash,"Bank account transfer,Cash",9.72,3.59,13.31,4.779999999999999,3.59,8.37
1220192958,2019_4Q,2019,2019.75,KENUGA,KEN,UGA,Equatorial Commercial Bank,Bank,"Bank branch,Call Center,Internet",Next day,24.0,yes,High,bank account,Bank account transfer,9.17,3.57,12.74,3.6700000000000004,3.57,7.24
1220192959,2019_4Q,2019,2019.75,KENUGA,KEN,UGA,GT Bank,Bank,"Bank branch,Call Center,Internet",Next day,24.0,yes,High,bank account,Bank account transfer,9.17,2.99,12.16,3.67,2.99,6.66
1220192960,2019_4Q,2019,2019.75,KENUGA,KEN,UGA,KCB,Bank,"Bank branch,Call Center,Internet",Next day,24.0,yes,High,bank account,Bank account transfer,12.219999999999999,-0.1,12.12,4.89,-0.1,4.79
1220192961,2019_4Q,2019,2019.75,KENUGA,KEN,UGA,MoneyGram,Money Transfer Operator,Agent,Less than one hour,0.5,yes,High,cash,Cash,0.16999999999999993,1.75,1.92,0.07000000000000006,1.75,1.82
1220192962,2019_4Q,2019,2019.75,KENUGA,KEN,UGA,M-Pesa,Mobile Operator,Mobile phone,Less than one hour,0.5,yes,High,cash,Mobile money,0.56,3.08,3.64,0.25,3.08,3.33
1220192963,2019_4Q,2019,2019.75,KENUGA,KEN,UGA,Posta Kenya,Post office,Post Office branch,2 days,48.0,yes,High,cash,Cash,9.67,1.67,11.34,6.449999999999999,1.67,8.12
1220192964,2019_4Q,2019,2019.75,KENUGA,KEN,UGA,UBA Africash,Bank,Bank branch,Less than one hour,0.5,yes,Medium,cash,Cash,2.86,1.02,3.88,1.8599999999999999,1.02,2.88
1220192965,2019_4Q,2019,2019.75,KENUGA,KEN,UGA,United Bank for Africa (UBA),Bank,"Bank branch,Call Center,Internet",Next day,24.0,yes,High,bank account,Bank account transfer,9.17,1.02,10.19,3.6700000000000004,1.02,4.69
1220192966,2019_4Q,2019,2019.75,KENUGA,KEN,UGA,Western Union,Money Transfer Operator,Agent,Less than one hour,0.5,yes,High,cash,Cash,7.329999999999999,2.79,10.12,5.86,2.79,8.65
1220192967,2019_4Q,2019,2019.75,KENUGA,KEN,UGA,Xpress Money,Money Transfer Operator,Agent,Less than one hour,0.5,yes,Medium,cash,Cash,2.2199999999999998,4.49,6.71,1.33,4.49,5.82
1220193848,2019_4Q,2019,2019.75,RWAKEN,RWA,KEN,Ecobank RapidCash,Bank,"Bank branch,Internet",Next day,24.0,yes,High,bank account,Bank account transfer,1.9999999999999998,0.28,2.28,1.9999999999999998,0.28,2.28
1220193849,2019_4Q,2019,2019.75,RWAKEN,RWA,KEN,KCB,Bank,Bank branch,Next day,24.0,yes,High,bank account,Bank account transfer,12.3,0.28,12.58,4.92,0.28,5.2
1220193850,2019_4Q,2019,2019.75,RWAKEN,RWA,KEN,MoneyGram,Money Transfer Operator,Agent,Less than one hour,0.5,yes,High,cash,Cash,8.649999999999999,0.89,9.54,6.92,0.89,7.81
1220193851,2019_4Q,2019,2019.75,RWAKEN,RWA,KEN,MTN Mobile Money,Mobile Operator,Mobile phone,Less than one hour,0.5,yes,High,mobile wallet,Mobile money,3.34,0.28,3.62,3.2,0.28,3.48
1220193852,2019_4Q,2019,2019.75,RWAKEN,RWA,KEN,Unimoni,Money Transfer Operator,Agent,Less than one hour,0.5,yes,High,mobile wallet,Cash,2.76,0.89,3.65,2.56,0.89,3.45
1220193853,2019_4Q,2019,2019.75,RWAKEN,RWA,KEN,Western Union,Money Transfer Operator,Agent,Less than one hour,0.5,yes,High,cash,Cash,10.82,0.89,11.71,7.740000000000001,0.89,8.63
1220193854,2019_4Q,2019,2019.75,RWAKEN,RWA,KEN,Xpress Money,Money Transfer Operator,Agent,Same day,12.0,yes,High,cash,Cash,2.77,3.86,6.63,2.57,3.86,6.43
1220193855,2019_4Q,2019,2019.75,RWAKEN,RWA,KEN,Xpress Money,Money Transfer Operator,Agent,Same day,12.0,yes,High,mobile wallet,Cash,2.77,3.86,6.63,2.57,3.86,6.43
1220194308,2019_4Q,2019,2019.75,TZAKEN,TZA,KEN,EcoBank Rapid Transfer,Money Transfer Operator,"Bank branch,Internet",Same day,12.0,yes,High,cash,"Bank account transfer,Cash",3.5999999999999996,1.2,4.8,3.5999999999999996,1.2,4.8
1220194309,2019_4Q,2019,2019.75,TZAKEN,TZA,KEN,KCB,Bank,"Bank branch,Call Center",Less than one hour,0.5,no,High,bank account,Bank account transfer,12.0,0.0,12.0,9.4,0.0,9.4
1220194310,2019_4Q,2019,2019.75,TZAKEN,TZA,KEN,MoneyGram,Money Transfer Operator,Agent,Less than one hour,0.5,yes,High,cash,Cash,5.369999999999999,2.47,7.84,2.7499999999999996,2.47,5.22
1220194311,2019_4Q,2019,2019.75,TZAKEN,TZA,KEN,M-Pesa,Mobile Operator,Mobile phone,Less than one hour,0.5,yes,High,mobile wallet,Mobile money,2.62,4.81,7.43,1.4200000000000008,4.81,6.23
1220194312,2019_4Q,2019,2019.75,TZAKEN,TZA,KEN,NBC,Bank,"Bank branch,Call Center",Next day,24.0,yes,High,bank account,Bank account transfer,42.0,8.49,50.49,16.799999999999997,8.49,25.29
1220194313,2019_4Q,2019,2019.75,TZAKEN,TZA,KEN,Stanbic Bank,Bank,"Bank branch,Call Center",Next day,24.0,no,High,bank account,Bank account transfer,29.5,0.0,29.5,11.8,0.0,11.8
1220194314,2019_4Q,2019,2019.75,TZAKEN,TZA,KEN,Western Union,Money Transfer Operator,Agent,Less than one hour,0.5,yes,High,cash,Cash,4.43,1.27,5.7,4.43,1.27,5.7
1220194315,2019_4Q,2019,2019.75,TZAKEN,TZA,KEN,Xpress Money,Money Transfer Operator,Agent,Less than one hour,0.5,yes,High,cash,Cash,1.85,1.38,3.23,1.9700000000000002,1.38,3.35
1220194316,2019_4Q,2019,2019.75,TZARWA,TZA,RWA,EcoBank Rapid Transfer,Money Transfer Operator,"Bank branch,Internet",Same day,12.0,yes,Medium,cash,"Bank account transfer,Cash",3.5399999999999996,1.85,5.39,3.5399999999999996,1.85,5.39
1220194317,2019_4Q,2019,2019.75,TZARWA,TZA,RWA,KCB,Bank,"Bank branch,Call Center",Less than one hour,0.5,no,High,bank account,Bank account transfer,12.0,0.0,12.0,9.4,0.0,9.4
1220194318,2019_4Q,2019,2019.75,TZARWA,TZA,RWA,MoneyGram,Money Transfer Operator,Agent,Less than one hour,0.5,yes,High,cash,Cash,5.369999999999999,3.72,9.09,2.7499999999999996,3.72,6.47
1220194319,2019_4Q,2019,2019.75,TZARWA,TZA,RWA,NMB (National Microfinance Bank),Non-Bank FI,"Bank branch,Call Center",Next day,24.0,yes,High,bank account,Bank account transfer,29.5,9.64,39.14,11.8,9.64,21.44
1220194320,2019_4Q,2019,2019.75,TZARWA,TZA,RWA,Stanbic Bank,Bank,"Bank branch,Call Center",Next day,24.0,no,High,bank account,Bank account transfer,29.5,0.0,29.5,11.8,0.0,11.8
1220194321,2019_4Q,2019,2019.75,TZARWA,TZA,RWA,Tigo,Mobile Operator,Mobile phone,Less than one hour,0.5,no,High,mobile wallet,Mobile money,0.69,0.0,0.69,0.65,0.0,0.65
1220194322,2019_4Q,2019,2019.75,TZARWA,TZA,RWA,Western Union,Money Transfer Operator,Agent,Less than one hour,0.5,yes,High,cash,Cash,4.43,2.5,6.93,4.43,2.5,6.93
1220194323,2019_4Q,2019,2019.75,TZARWA,TZA,RWA,Xpress Money,Money Transfer Operator,Agent,Same day,12.0,yes,High,cash,Cash,1.8500000000000014,14.86,16.71,1.9800000000000004,14.86,16.84
1220194324,2019_4Q,2019,2019.75,TZAUGA,TZA,UGA,EcoBank Rapid Transfer,Money Transfer Operator,"Bank branch,Internet",Same day,12.0,yes,Medium,cash,"Bank account transfer,Cash",0.029999999999999805,3.2,3.23,3.0,3.2,6.2
1220194325,2019_4Q,2019,2019.75,TZAUGA,TZA,UGA,KCB,Bank,"Bank branch,Call Center",Less than one hour,0.5,no,High,bank account,Bank account transfer,12.0,0.0,12.0,9.4,0.0,9.4
1220194326,2019_4Q,2019,2019.75,TZAUGA,TZA,UGA,MoneyGram,Money Transfer Operator,Agent,Less than one hour,0.5,yes,High,cash,Cash,5.37,2.09,7.46,2.75,2.09,4.84
1220194327,2019_4Q,2019,2019.75,TZAUGA,TZA,UGA,NBC,Bank,"Bank branch,Call Center",Next day,24.0,yes,High,bank account,Bank account transfer,42.0,4.08,46.08,16.799999999999997,4.08,20.88
1220194328,2019_4Q,2019,2019.75,TZAUGA,TZA,UGA,NMB (National Microfinance Bank),Non-Bank FI,"Bank branch,Call Center",Next day,24.0,yes,High,bank account,Bank account transfer,29.5,2.46,31.96,11.8,2.46,14.26
1220194329,2019_4Q,2019,2019.75,TZAUGA,TZA,UGA,Stanbic Bank,Bank,"Bank branch,Call Center",Next day,24.0,no,High,bank account,Bank account transfer,29.5,0.0,29.5,11.8,0.0,11.8
1220194330,2019_4Q,2019,2019.75,TZAUGA,TZA,UGA,Western Union,Money Transfer Operator,Agent,Less than one hour,0.5,yes,High,cash,Cash,4.43,0.74,5.17,4.43,0.74,5.17
1220194331,2019_4Q,2019,2019.75,TZAUGA,TZA,UGA,Xpress Money,Money Transfer Operator,Agent,Same day,12.0,yes,High,cash,Cash,1.85,-0.04,1.81,1.97,-0.04,1.93
320202937,2020_1Q,2020,2020.0,KENRWA,KEN,RWA,Dahabshiil,Money Transfer Operator,Agent,Same day,12.0,yes,Low,cash,"Cash,Debit/credit card",6.979999999999999,3.47,10.45,6.99,3.47,10.46
320202938,2020_1Q,2020,2020.0,KENRWA,KEN,RWA,Ecobank,Bank,Bank branch,Next day,24.0,yes,Medium,cash,Cash,15.0,2.04,17.04,5.999999999999999,2.04,8.04
320202939,2020_1Q,2020,2020.0,KENRWA,KEN,RWA,EcoBank Rapid Transfer,Money Transfer Operator,"Bank branch,Internet",Same day,12.0,yes,Medium,cash,"Bank account transfer,Cash",9.719999999999999,4.89,14.61,4.7700000000000005,4.89,9.66
320202940,2020_1Q,2020,2020.0,KENRWA,KEN,RWA,MoneyGram,Money Transfer Operator,Agent,Less than one hour,0.5,yes,High,cash,Cash,0.16000000000000014,4.84,5.0,0.0600000000000005,4.84,4.9
320202941,2020_1Q,2020,2020.0,KENRWA,KEN,RWA,M-Pesa,Mobile Operator,Mobile phone,Less than one hour,0.5,yes,High,cash,Mobile money,0.56,3.05,3.61,0.25,3.05,3.3
320202942,2020_1Q,2020,2020.0,KENRWA,KEN,RWA,Western Union,Money Transfer Operator,Agent,Less than one hour,0.5,yes,High,cash,Cash,7.34,2.23,9.57,5.869999999999999,2.23,8.1
320202943,2020_1Q,2020,2020.0,KENRWA,KEN,RWA,Xpress Money,Money Transfer Operator,Agent,Less than one hour,0.5,yes,High,cash,Cash,2.219999999999999,16.73,18.95,1.3299999999999983,16.73,18.06
320202944,2020_1Q,2020,2020.0,KENSSD,KEN,SSD,ABC Bank,Money Transfer Operator,"Bank branch,Call Center,Internet",Next day,24.0,yes,Low,bank account,Bank account transfer,9.17,1.95,11.12,3.67,1.95,5.62
320202945,2020_1Q,2020,2020.0,KENSSD,KEN,SSD,Citibank,Bank,"Bank branch,Call Center,Internet",Next day,24.0,yes,Low,bank account,Bank account transfer,10.0,2.8,12.8,4.0,2.8,6.8
320202946,2020_1Q,2020,2020.0,KENSSD,KEN,SSD,Dahabshiil,Money Transfer Operator,Agent,Same day,12.0,yes,Low,cash,"Cash,Debit/credit card",6.98,2.15,9.13,6.99,2.15,9.14
320202947,2020_1Q,2020,2020.0,KENSSD,KEN,SSD,Development Bank of Kenya,Bank,"Bank branch,Call Center,Internet",Next day,24.0,yes,Low,bank account,Bank account transfer,11.41,3.55,14.96,4.56,3.55,8.11
320202948,2020_1Q,2020,2020.0,KENSSD,KEN,SSD,Ecobank,Bank,Bank branch,Next day,24.0,yes,Low,bank account,Cash,15.0,2.04,17.04,5.999999999999999,2.04,8.04
320202949,2020_1Q,2020,2020.0,KENSSD,KEN,SSD,EcoBank Rapid Transfer,Money Transfer Operator,"Bank branch,Internet",Same day,12.0,yes,Low,cash,"Bank account transfer,Cash",9.73,2.23,11.96,4.779999999999999,2.23,7.01
320202950,2020_1Q,2020,2020.0,KENSSD,KEN,SSD,Equatorial Commercial Bank,Bank,"Bank branch,Call Center,Internet",Next day,24.0,yes,Low,bank account,Bank account transfer,9.170000000000002,1.54,10.71,3.67,1.54,5.21
320202951,2020_1Q,2020,2020.0,KENSSD,KEN,SSD,GT Bank,Bank,"Bank branch,Call Center,Internet",Next day,24.0,yes,Low,bank account,Bank account transfer,9.16,1.91,11.07,3.66,1.91,5.57
320202952,2020_1Q,2020,2020.0,KENSSD,KEN,SSD,KCB,Bank,"Bank branch,Call Center,Internet",Next day,24.0,yes,Low,bank account,Bank account transfer,12.22,1.74,13.96,4.89,1.74,6.63
320202953,2020_1Q,2020,2020.0,KENSSD,KEN,SSD,MoneyGram,Money Transfer Operator,Agent,Less than one hour,0.5,yes,Low,cash,Cash,0.16999999999999998,-0.31,-0.14,0.07,-0.31,-0.24
320202954,2020_1Q,2020,2020.0,KENSSD,KEN,SSD,United Bank for Africa (UBA),Bank,"Bank branch,Call Center,Internet",Next day,24.0,yes,Low,bank account,Bank account transfer,9.170000000000002,2.13,11.3,3.67,2.13,5.8
320202955,2020_1Q,2020,2020.0,KENSSD,KEN,SSD,Western Union,Money Transfer Operator,Agent,Less than one hour,0.5,yes,Low,cash,Cash,7.34,2.23,9.57,5.869999999999999,2.23,8.1
320202956,2020_1Q,2020,2020.0,KENTZA,KEN,TZA,ABC Bank,Money Transfer Operator,"Bank branch,Call Center,Internet",Next day,24.0,yes,Medium,bank account,Bank account transfer,9.17,1.95,11.12,3.67,1.95,5.62
320202957,2020_1Q,2020,2020.0,KENTZA,KEN,TZA,Citibank,Bank,"Bank branch,Call Center,Internet",Next day,24.0,yes,Medium,bank account,Bank account transfer,10.0,2.8,12.8,4.0,2.8,6.8
320202958,2020_1Q,2020,2020.0,KENTZA,KEN,TZA,Dahabshiil,Money Transfer Operator,Agent,Same day,12.0,yes,Low,cash,"Cash,Debit/credit card",6.98,2.15,9.13,6.99,2.15,9.14
320202959,2020_1Q,2020,2020.0,KENTZA,KEN,TZA,Development Bank of Kenya,Bank,"Bank branch,Call Center,Internet",Next day,24.0,yes,Medium,bank account,Bank account transfer,11.41,3.55,14.96,4.739999999999999,3.55,8.29
320202960,2020_1Q,2020,2020.0,KENTZA,KEN,TZA,Ecobank,Bank,Bank branch,Next day,24.0,yes,Low,cash,Cash,15.0,2.04,17.04,5.999999999999999,2.04,8.04
320202961,2020_1Q,2020,2020.0,KENTZA,KEN,TZA,EcoBank Rapid Transfer,Money Transfer Operator,"Bank branch,Internet",Same day,12.0,yes,Medium,cash,"Bank account transfer,Cash",9.73,2.23,11.96,4.779999999999999,2.23,7.01
320202962,2020_1Q,2020,2020.0,KENTZA,KEN,TZA,Equatorial Commercial Bank,Bank,"Bank branch,Call Center,Internet",Next day,24.0,yes,Medium,bank account,Bank account transfer,9.170000000000002,1.54,10.71,3.67,1.54,5.21
320202963,2020_1Q,2020,2020.0,KENTZA,KEN,TZA,GT Bank,Bank,"Bank branch,Call Center,Internet",Next day,24.0,yes,Medium,bank account,Bank account transfer,9.16,1.91,11.07,3.66,1.91,5.57
320202964,2020_1Q,2020,2020.0,KENTZA,KEN,TZA,KCB,Bank,"Bank branch,Call Center,Internet",Next day,24.0,yes,Medium,bank account,Bank account transfer,12.22,1.74,13.96,4.89,1.74,6.63
320202965,2020_1Q,2020,2020.0,KENTZA,KEN,TZA,MoneyGram,Money Transfer Operator,Agent,Less than one hour,0.5,yes,High,cash,Cash,0.1599999999999997,2.72,2.88,0.05999999999999961,2.72,2.78
320202966,2020_1Q,2020,2020.0,KENTZA,KEN,TZA,M-Pesa,Mobile Operator,Mobile phone,Less than one hour,0.5,yes,High,cash,Mobile money,0.56,3.05,3.61,0.25,3.05,3.3
320202967,2020_1Q,2020,2020.0,KENTZA,KEN,TZA,Posta Kenya,Post office,Post Office branch,2 days,48.0,yes,High,cash,Cash,9.66,2.57,12.23,6.4399999999999995,2.57,9.01
320202968,2020_1Q,2020,2020.0,KENTZA,KEN,TZA,UBA Africash,Bank,Bank branch,Less than one hour,0.5,yes,Medium,cash,Cash,2.86,1.04,3.9,1.8599999999999999,1.04,2.9
320202969,2020_1Q,2020,2020.0,KENTZA,KEN,TZA,United Bank for Africa (UBA),Bank,"Bank branch,Call Center,Internet",Next day,24.0,yes,Medium,bank account,Bank account transfer,9.170000000000002,2.13,11.3,3.67,2.13,5.8
320202970,2020_1Q,2020,2020.0,KENTZA,KEN,TZA,Western Union,Money Transfer Operator,Agent,Less than one hour,0.5,yes,High,cash,Cash,7.34,2.23,9.57,5.869999999999999,2.23,8.1
320202971,2020_1Q,2020,2020.0,KENTZA,KEN,TZA,Xpress Money,Money Transfer Operator,Agent,Less than one hour,0.5,yes,Medium,cash,Cash,2.2299999999999995,4.07,6.3,1.3399999999999999,4.07,5.41
320202972,2020_1Q,2020,2020.0,KENUGA,KEN,UGA,ABC Bank,Money Transfer Operator,"Bank branch,Call Center,Internet",Next day,24.0,yes,High,bank account,Bank account transfer,9.17,1.95,11.12,3.67,1.95,5.62
320202973,2020_1Q,2020,2020.0,KENUGA,KEN,UGA,Citibank,Bank,"Bank branch,Call Center,Internet",Next day,24.0,yes,High,bank account,Bank account transfer,10.0,2.8,12.8,4.0,2.8,6.8
320202974,2020_1Q,2020,2020.0,KENUGA,KEN,UGA,Dahabshiil,Money Transfer Operator,Agent,Same day,12.0,yes,Low,cash,"Cash,Debit/credit card",6.98,2.15,9.13,6.99,2.15,9.14
320202975,2020_1Q,2020,2020.0,KENUGA,KEN,UGA,Development Bank of Kenya,Bank,"Bank branch,Call Center,Internet",Next day,24.0,yes,High,bank account,Bank account transfer,11.41,3.55,14.96,4.739999999999999,3.55,8.29
320202976,2020_1Q,2020,2020.0,KENUGA,KEN,UGA,Ecobank,Bank,Bank branch,Same day,12.0,yes,Low,cash,Cash,15.0,2.04,17.04,5.999999999999999,2.04,8.04
320202977,2020_1Q,2020,2020.0,KENUGA,KEN,UGA,EcoBank Rapid Transfer,Money Transfer Operator,"Bank branch,Internet",Same day,12.0,yes,Medium,cash,"Bank account transfer,Cash",9.73,2.23,11.96,4.779999999999999,2.23,7.01
320202978,2020_1Q,2020,2020.0,KENUGA,KEN,UGA,Equatorial Commercial Bank,Bank,"Bank branch,Call Center,Internet",Next day,24.0,yes,High,bank account,Bank account transfer,9.170000000000002,1.54,10.71,3.67,1.54,5.21
320202979,2020_1Q,2020,2020.0,KENUGA,KEN,UGA,GT Bank,Bank,"Bank branch,Call Center,Internet",Next day,24.0,yes,High,bank account,Bank account transfer,9.16,1.91,11.07,3.66,1.91,5.57
320202980,2020_1Q,2020,2020.0,KENUGA,KEN,UGA,KCB,Bank,"Bank branch,Call Center,Internet",Next day,24.0,yes,High,bank account,Bank account transfer,12.22,1.74,13.96,4.89,1.74,6.63
320202981,2020_1Q,2020,2020.0,KENUGA,KEN,UGA,MoneyGram,Money Transfer Operator,Agent,Less than one hour,0.5,yes,High,cash,Cash,0.16999999999999993,2.83,3.0,0.06999999999999984,2.83,2.9
320202982,2020_1Q,2020,2020.0,KENUGA,KEN,UGA,M-Pesa,Mobile Operator,Mobile phone,Less than one hour,0.5,yes,High,cash,Mobile money,0.56,3.05,3.61,0.25,3.05,3.3
320202983,2020_1Q,2020,2020.0,KENUGA,KEN,UGA,Posta Kenya,Post office,Post Office branch,2 days,48.0,yes,High,cash,Cash,9.66,2.57,12.23,6.4399999999999995,2.57,9.01
320202984,2020_1Q,2020,2020.0,KENUGA,KEN,UGA,UBA Africash,Bank,Bank branch,Less than one hour,0.5,yes,Medium,cash,Cash,2.86,1.04,3.9,1.8599999999999999,1.04,2.9
320202985,2020_1Q,2020,2020.0,KENUGA,KEN,UGA,United Bank for Africa (UBA),Bank,"Bank branch,Call Center,Internet",Next day,24.0,yes,High,bank account,Bank account transfer,9.170000000000002,2.13,11.3,3.67,2.13,5.8
320202986,2020_1Q,2020,2020.0,KENUGA,KEN,UGA,Western Union,Money Transfer Operator,Agent,Less than one hour,0.5,yes,High,cash,Cash,7.34,2.23,9.57,5.869999999999999,2.23,8.1
320202987,2020_1Q,2020,2020.0,KENUGA,KEN,UGA,Xpress Money,Money Transfer Operator,Agent,Less than one hour,0.5,yes,Medium,cash,Cash,2.2199999999999998,6.29,8.51,1.33,6.29,7.62
320203867,2020_1Q,2020,2020.0,RWAKEN,RWA,KEN,Ecobank RapidCash,Bank,"Bank branch,Internet",Next day,24.0,yes,High,bank account,Bank account transfer,2.0,0.4,2.4,2.0,0.4,2.4
320203868,2020_1Q,2020,2020.0,RWAKEN,RWA,KEN,KCB,Bank,Bank branch,Same day,12.0,yes,High,own/partner bank account,Cash,1.0,5.83,6.83,1.0,5.83,6.83
320203869,2020_1Q,2020,2020.0,RWAKEN,RWA,KEN,KCB,Bank,Bank branch,Next day,24.0,yes,High,own/partner bank account,Bank account transfer,0.5,0.35,0.85,0.5,0.35,0.85
320203870,2020_1Q,2020,2020.0,RWAKEN,RWA,KEN,MoneyGram,Money Transfer Operator,Agent,Less than one hour,0.5,yes,High,cash,Cash,7.33,1.58,8.91,5.86,1.58,7.44
320203871,2020_1Q,2020,2020.0,RWAKEN,RWA,KEN,MTN Mobile Money,Mobile Operator,Mobile phone,Less than one hour,0.5,no,High,mobile wallet,Mobile money,3.33,0.0,3.33,3.2,0.0,3.2
320203872,2020_1Q,2020,2020.0,RWAKEN,RWA,KEN,Western Union,Money Transfer Operator,Agent,Less than one hour,0.5,yes,High,cash,Cash,9.5,1.74,11.24,6.799999999999999,1.74,8.54
320203873,2020_1Q,2020,2020.0,RWAKEN,RWA,KEN,Western Union,Money Transfer Operator,Agent,Less than one hour,0.5,yes,High,cash,Cash,4.0,3.75,7.75,2.4000000000000004,3.75,6.15
320203874,2020_1Q,2020,2020.0,RWAKEN,RWA,KEN,Xpress Money,Money Transfer Operator,Agent,Same day,12.0,yes,High,cash,Cash,2.76,4.16,6.92,2.5599999999999996,4.16,6.72
320204348,2020_1Q,2020,2020.0,TZAKEN,TZA,KEN,EcoBank Rapid Transfer,Money Transfer Operator,"Bank branch,Internet",Same day,12.0,yes,High,cash,"Bank account transfer,Cash",3.6000000000000005,1.63,5.23,3.6000000000000005,1.63,5.23
320204349,2020_1Q,2020,2020.0,TZAKEN,TZA,KEN,KCB,Bank,"Bank branch,Call Center",Less than one hour,0.5,yes,High,bank account,Bank account transfer,11.999999999999998,5.58,17.58,9.0,5.58,14.58
320204350,2020_1Q,2020,2020.0,TZAKEN,TZA,KEN,MoneyGram,Money Transfer Operator,Agent,Less than one hour,0.5,yes,High,cash,Cash,5.399999999999999,2.72,8.12,4.629999999999999,2.72,7.35
320204351,2020_1Q,2020,2020.0,TZAKEN,TZA,KEN,M-Pesa,Mobile Operator,Mobile phone,Less than one hour,0.5,yes,High,mobile wallet,Mobile money,0.45999999999999996,5.24,5.7,1.3899999999999997,5.24,6.63
320204352,2020_1Q,2020,2020.0,TZAKEN,TZA,KEN,NBC,Bank,"Bank branch,Call Center",Next day,24.0,yes,High,bank account,Bank account transfer,42.0,8.92,50.92,16.799999999999997,8.92,25.72
320204353,2020_1Q,2020,2020.0,TZAKEN,TZA,KEN,Stanbic Bank,Bank,"Bank branch,Call Center",Next day,24.0,yes,High,bank account,Bank account transfer,29.5,2.6,32.1,11.8,2.6,14.4
320204354,2020_1Q,2020,2020.0,TZAKEN,TZA,KEN,Western Union,Money Transfer Operator,Agent,Less than one hour,0.5,yes,High,cash,Cash,2.54,3.87,6.41,2.91,3.87,6.78
320204355,2020_1Q,2020,2020.0,TZAKEN,TZA,KEN,Xpress Money,Money Transfer Operator,Agent,Less than one hour,0.5,yes,High,cash,Cash,1.8499999999999996,4.69,6.54,1.9799999999999995,4.69,6.67
320204356,2020_1Q,2020,2020.0,TZARWA,TZA,RWA,EcoBank Rapid Transfer,Money Transfer Operator,"Bank branch,Internet",Same day,12.0,yes,Medium,cash,"Bank account transfer,Cash",3.5400000000000005,2.94,6.48,3.5400000000000005,2.94,6.48
320204357,2020_1Q,2020,2020.0,TZARWA,TZA,RWA,KCB,Bank,"Bank branch,Call Center",Less than one hour,0.5,yes,High,bank account,Bank account transfer,12.0,17.13,29.13,9.0,17.13,26.13
320204358,2020_1Q,2020,2020.0,TZARWA,TZA,RWA,MoneyGram,Money Transfer Operator,Agent,Less than one hour,0.5,yes,High,cash,Cash,5.390000000000001,5.33,10.72,4.619999999999999,5.33,9.95
320204359,2020_1Q,2020,2020.0,TZARWA,TZA,RWA,NMB (National Microfinance Bank),Non-Bank FI,"Bank branch,Call Center",Next day,24.0,yes,High,bank account,Bank account transfer,29.0,10.96,39.96,11.599999999999998,10.96,22.56
320204360,2020_1Q,2020,2020.0,TZARWA,TZA,RWA,Stanbic Bank,Bank,"Bank branch,Call Center",Next day,24.0,no,High,bank account,Bank account transfer,29.5,0.0,29.5,11.8,0.0,11.8
320204361,2020_1Q,2020,2020.0,TZARWA,TZA,RWA,Tigo,Mobile Operator,Mobile phone,Less than one hour,0.5,yes,High,mobile wallet,Mobile money,0.6999999999999993,8.15,8.85,0.6500000000000004,8.15,8.8
320204362,2020_1Q,2020,2020.0,TZARWA,TZA,RWA,Western Union,Money Transfer Operator,Agent,Less than one hour,0.5,yes,High,cash,Cash,2.5500000000000007,7.42,9.97,2.91,7.42,10.33
320204363,2020_1Q,2020,2020.0,TZARWA,TZA,RWA,Xpress Money,Money Transfer Operator,Agent,Same day,12.0,yes,High,cash,Cash,1.8500000000000014,17.04,18.89,1.9700000000000024,17.04,19.01
320204364,2020_1Q,2020,2020.0,TZAUGA,TZA,UGA,EcoBank Rapid Transfer,Money Transfer Operator,"Bank branch,Internet",Same day,12.0,yes,Medium,cash,"Bank account transfer,Cash",2.9999999999999982,15.24,18.24,2.9999999999999982,15.24,18.24
320204365,2020_1Q,2020,2020.0,TZAUGA,TZA,UGA,KCB,Bank,"Bank branch,Call Center",Less than one hour,0.5,yes,High,bank account,Bank account transfer,11.999999999999998,13.83,25.83,8.999999999999998,13.83,22.83
320204366,2020_1Q,2020,2020.0,TZAUGA,TZA,UGA,MoneyGram,Money Transfer Operator,Agent,Less than one hour,0.5,yes,High,cash,Cash,5.39,2.37,7.76,4.62,2.37,6.99
320204367,2020_1Q,2020,2020.0,TZAUGA,TZA,UGA,NBC,Bank,"Bank branch,Call Center",Next day,24.0,yes,High,bank account,Bank account transfer,42.0,3.97,45.97,16.8,3.97,20.77
320204368,2020_1Q,2020,2020.0,TZAUGA,TZA,UGA,NMB (National Microfinance Bank),Non-Bank FI,"Bank branch,Call Center",Next day,24.0,yes,High,bank account,Bank account transfer,29.0,2.49,31.49,11.6,2.49,14.09
320204369,2020_1Q,2020,2020.0,TZAUGA,TZA,UGA,Stanbic Bank,Bank,"Bank branch,Call Center",Next day,24.0,yes,High,bank account,Bank account transfer,29.5,6.11,35.61,11.8,6.11,17.91
320204370,2020_1Q,2020,2020.0,TZAUGA,TZA,UGA,Western Union,Money Transfer Operator,Agent,Less than one hour,0.5,yes,High,cash,Cash,2.55,3.75,6.3,4.4399999999999995,3.75,8.19
320204371,2020_1Q,2020,2020.0,TZAUGA,TZA,UGA,Xpress Money,Money Transfer Operator,Agent,Same day,12.0,yes,High,cash,Cash,1.8499999999999996,4.92,6.77,1.9800000000000004,4.92,6.9
630202757,2020_2Q,2020,2020.25,KENRWA,KEN,RWA,Dahabshiil,Money Transfer Operator,Agent,Same day,12.0,yes,Low,cash,"Cash,Debit/credit card",6.9799999999999995,1.04,8.02,6.9799999999999995,1.04,8.02
630202758,2020_2Q,2020,2020.25,KENRWA,KEN,RWA,Ecobank,Bank,Bank branch,Next day,24.0,yes,Medium,cash,Cash,15.000000000000002,2.03,17.03,6.0,2.03,8.03
630202759,2020_2Q,2020,2020.25,KENRWA,KEN,RWA,EcoBank Rapid Transfer,Money Transfer Operator,"Bank branch,Internet",Same day,12.0,yes,Medium,cash,"Bank account transfer,Cash",9.72,0.18,9.9,4.78,0.18,4.96
630202760,2020_2Q,2020,2020.25,KENRWA,KEN,RWA,MoneyGram,Money Transfer Operator,Agent,Less than one hour,0.5,yes,High,cash,Cash,1.95,0.99,2.94,1.2300000000000002,0.99,2.22
630202761,2020_2Q,2020,2020.25,KENRWA,KEN,RWA,M-Pesa,Mobile Operator,Mobile phone,Less than one hour,0.5,yes,High,cash,Mobile money,0.5499999999999998,3.1,3.65,0.23999999999999977,3.1,3.34
630202762,2020_2Q,2020,2020.25,KENRWA,KEN,RWA,Western Union,Money Transfer Operator,Agent,Less than one hour,0.5,yes,High,cash,Cash,7.33,-3.51,3.82,5.859999999999999,-3.51,2.35
630202763,2020_2Q,2020,2020.25,KENSSD,KEN,SSD,ABC Bank,Money Transfer Operator,"Bank branch,Call Center,Internet",Next day,24.0,yes,Low,bank account,Bank account transfer,9.17,1.84,11.01,3.67,1.84,5.51
630202764,2020_2Q,2020,2020.25,KENSSD,KEN,SSD,Citibank,Bank,"Bank branch,Call Center,Internet",Next day,24.0,yes,Low,bank account,Bank account transfer,10.0,3.32,13.32,4.0,3.32,7.32
630202765,2020_2Q,2020,2020.25,KENSSD,KEN,SSD,Dahabshiil,Money Transfer Operator,Agent,Same day,12.0,yes,Low,cash,"Cash,Debit/credit card",6.9799999999999995,1.04,8.02,6.9799999999999995,1.04,8.02
630202766,2020_2Q,2020,2020.25,KENSSD,KEN,SSD,Development Bank of Kenya,Bank,"Bank branch,Call Center,Internet",Next day,24.0,yes,Low,bank account,Bank account transfer,11.41,-0.28,11.13,4.5600000000000005,-0.28,4.28
630202767,2020_2Q,2020,2020.25,KENSSD,KEN,SSD,Ecobank,Bank,Bank branch,Next day,24.0,yes,Low,bank account,Cash,15.000000000000002,2.03,17.03,6.0,2.03,8.03
630202768,2020_2Q,2020,2020.25,KENSSD,KEN,SSD,EcoBank Rapid Transfer,Money Transfer Operator,"Bank branch,Internet",Same day,12.0,yes,Low,cash,"Bank account transfer,Cash",9.73,3.73,13.46,4.779999999999999,3.73,8.51
630202769,2020_2Q,2020,2020.25,KENSSD,KEN,SSD,GT Bank,Bank,"Bank branch,Call Center,Internet",Next day,24.0,yes,Low,bank account,Bank account transfer,9.16,1.49,10.65,3.66,1.49,5.15
630202770,2020_2Q,2020,2020.25,KENSSD,KEN,SSD,KCB,Bank,"Bank branch,Call Center,Internet",Next day,24.0,yes,Low,bank account,Bank account transfer,12.219999999999999,0.9,13.12,4.89,0.9,5.79
630202771,2020_2Q,2020,2020.25,KENSSD,KEN,SSD,MoneyGram,Money Transfer Operator,Agent,Less than one hour,0.5,yes,Low,cash,Cash,1.94,2.82,4.76,1.2200000000000002,2.82,4.04
630202772,2020_2Q,2020,2020.25,KENSSD,KEN,SSD,Spire Bank,Bank,"Bank branch,Call Center,Internet",Next day,24.0,yes,Low,bank account,Bank account transfer,9.16,3.89,13.05,3.6599999999999997,3.89,7.55
630202773,2020_2Q,2020,2020.25,KENSSD,KEN,SSD,United Bank for Africa (UBA),Bank,"Bank branch,Call Center,Internet",Next day,24.0,yes,Low,bank account,Bank account transfer,9.17,0.7,9.87,3.67,0.7,4.37
630202774,2020_2Q,2020,2020.25,KENSSD,KEN,SSD,Western Union,Money Transfer Operator,Agent,Less than one hour,0.5,yes,Low,cash,Cash,7.34,-3.52,3.82,5.87,-3.52,2.35
630202775,2020_2Q,2020,2020.25,KENTZA,KEN,TZA,ABC Bank,Money Transfer Operator,"Bank branch,Call Center,Internet",Next day,24.0,yes,Medium,bank account,Bank account transfer,9.17,1.84,11.01,3.67,1.84,5.51
630202776,2020_2Q,2020,2020.25,KENTZA,KEN,TZA,Citibank,Bank,"Bank branch,Call Center,Internet",Next day,24.0,yes,Medium,bank account,Bank account transfer,10.0,3.32,13.32,4.0,3.32,7.32
630202777,2020_2Q,2020,2020.25,KENTZA,KEN,TZA,Dahabshiil,Money Transfer Operator,Agent,Same day,12.0,yes,Low,cash,"Cash,Debit/credit card",6.9799999999999995,1.04,8.02,6.9799999999999995,1.04,8.02
630202778,2020_2Q,2020,2020.25,KENTZA,KEN,TZA,Development Bank of Kenya,Bank,"Bank branch,Call Center,Internet",Next day,24.0,yes,Medium,bank account,Bank account transfer,11.41,-0.28,11.13,4.74,-0.28,4.46
630202779,2020_2Q,2020,2020.25,KENTZA,KEN,TZA,Ecobank,Bank,Bank branch,Next day,24.0,yes,Low,cash,Cash,15.000000000000002,2.03,17.03,6.0,2.03,8.03
630202780,2020_2Q,2020,2020.25,KENTZA,KEN,TZA,EcoBank Rapid Transfer,Money Transfer Operator,"Bank branch,Internet",Same day,12.0,yes,Medium,cash,"Bank account transfer,Cash",9.72,0.16,9.88,4.78,0.16,4.94
630202781,2020_2Q,2020,2020.25,KENTZA,KEN,TZA,GT Bank,Bank,"Bank branch,Call Center,Internet",Next day,24.0,yes,Medium,bank account,Bank account transfer,9.16,1.49,10.65,3.66,1.49,5.15
630202782,2020_2Q,2020,2020.25,KENTZA,KEN,TZA,KCB,Bank,"Bank branch,Call Center,Internet",Next day,24.0,yes,Medium,bank account,Bank account transfer,12.219999999999999,0.9,13.12,4.89,0.9,5.79
630202783,2020_2Q,2020,2020.25,KENTZA,KEN,TZA,MoneyGram,Money Transfer Operator,Agent,Less than one hour,0.5,yes,High,cash,Cash,1.94,2.82,4.76,1.2200000000000002,2.82,4.04
630202784,2020_2Q,2020,2020.25,KENTZA,KEN,TZA,M-Pesa,Mobile Operator,Mobile phone,Less than one hour,0.5,yes,High,cash,Mobile money,0.55,0.29,0.84,0.24000000000000005,0.29,0.53
630202785,2020_2Q,2020,2020.25,KENTZA,KEN,TZA,Posta Kenya,Post office,Post Office branch,2 days,48.0,yes,High,cash,Cash,9.67,1.65,11.32,6.4399999999999995,1.65,8.09
630202786,2020_2Q,2020,2020.25,KENTZA,KEN,TZA,Spire Bank,Bank,"Bank branch,Call Center,Internet",Next day,24.0,yes,Medium,bank account,Bank account transfer,9.16,3.89,13.05,3.6599999999999997,3.89,7.55
630202787,2020_2Q,2020,2020.25,KENTZA,KEN,TZA,UBA Africash,Bank,Bank branch,Less than one hour,0.5,yes,Medium,cash,Cash,2.8600000000000003,1.01,3.87,1.8499999999999999,1.01,2.86
630202788,2020_2Q,2020,2020.25,KENTZA,KEN,TZA,United Bank for Africa (UBA),Bank,"Bank branch,Call Center,Internet",Next day,24.0,yes,Medium,bank account,Bank account transfer,9.17,0.7,9.87,3.67,0.7,4.37
630202789,2020_2Q,2020,2020.25,KENTZA,KEN,TZA,Western Union,Money Transfer Operator,Agent,Less than one hour,0.5,yes,High,cash,Cash,7.34,-3.52,3.82,5.87,-3.52,2.35
630202790,2020_2Q,2020,2020.25,KENUGA,KEN,UGA,ABC Bank,Money Transfer Operator,"Bank branch,Call Center,Internet",Next day,24.0,yes,High,bank account,Bank account transfer,9.17,1.84,11.01,3.67,1.84,5.51
630202791,2020_2Q,2020,2020.25,KENUGA,KEN,UGA,Citibank,Bank,"Bank branch,Call Center,Internet",Next day,24.0,yes,High,bank account,Bank account transfer,10.0,3.32,13.32,4.0,3.32,7.32
630202792,2020_2Q,2020,2020.25,KENUGA,KEN,UGA,Dahabshiil,Money Transfer Operator,Agent,Same day,12.0,yes,Low,cash,"Cash,Debit/credit card",6.9799999999999995,1.04,8.02,6.9799999999999995,1.04,8.02
630202793,2020_2Q,2020,2020.25,KENUGA,KEN,UGA,Development Bank of Kenya,Bank,"Bank branch,Call Center,Internet",Next day,24.0,yes,High,bank account,Bank account transfer,11.41,-0.28,11.13,4.74,-0.28,4.46
630202794,2020_2Q,2020,2020.25,KENUGA,KEN,UGA,Ecobank,Bank,Bank branch,Same day,12.0,yes,Low,cash,Cash,15.000000000000002,2.03,17.03,6.0,2.03,8.03
630202795,2020_2Q,2020,2020.25,KENUGA,KEN,UGA,EcoBank Rapid Transfer,Money Transfer Operator,"Bank branch,Internet",Same day,12.0,yes,Medium,cash,"Bank account transfer,Cash",9.72,0.16,9.88,4.78,0.16,4.94
630202796,2020_2Q,2020,2020.25,KENUGA,KEN,UGA,GT Bank,Bank,"Bank branch,Call Center,Internet",Next day,24.0,yes,High,bank account,Bank account transfer,9.16,1.49,10.65,3.66,1.49,5.15
630202797,2020_2Q,2020,2020.25,KENUGA,KEN,UGA,KCB,Bank,"Bank branch,Call Center,Internet",Next day,24.0,yes,High,bank account,Bank account transfer,12.219999999999999,0.9,13.12,4.89,0.9,5.79
630202798,2020_2Q,2020,2020.25,KENUGA,KEN,UGA,MoneyGram,Money Transfer Operator,Agent,Less than one hour,0.5,yes,High,cash,Cash,1.94,2.82,4.76,1.2200000000000002,2.82,4.04
630202799,2020_2Q,2020,2020.25,KENUGA,KEN,UGA,M-Pesa,Mobile Operator,Mobile phone,Less than one hour,0.5,yes,High,cash,Mobile money,0.56,1.17,1.73,0.25,1.17,1.42
630202800,2020_2Q,2020,2020.25,KENUGA,KEN,UGA,Posta Kenya,Post office,Post Office branch,2 days,48.0,yes,High,cash,Cash,9.67,1.65,11.32,6.4399999999999995,1.65,8.09
630202801,2020_2Q,2020,2020.25,KENUGA,KEN,UGA,Spire Bank,Bank,"Bank branch,Call Center,Internet",Next day,24.0,yes,High,bank account,Bank account transfer,9.16,3.89,13.05,3.6599999999999997,3.89,7.55
630202802,2020_2Q,2020,2020.25,KENUGA,KEN,UGA,UBA Africash,Bank,Bank branch,Less than one hour,0.5,yes,Medium,cash,Cash,2.8600000000000003,1.01,3.87,1.8499999999999999,1.01,2.86
630202803,2020_2Q,2020,2020.25,KENUGA,KEN,UGA,United Bank for Africa (UBA),Bank,"Bank branch,Call Center,Internet",Next day,24.0,yes,High,bank account,Bank account transfer,9.17,0.7,9.87,3.67,0.7,4.37
630202804,2020_2Q,2020,2020.25,KENUGA,KEN,UGA,Western Union,Money Transfer Operator,Agent,Less than one hour,0.5,yes,High,cash,Cash,7.34,-3.52,3.82,5.87,-3.52,2.35
630203631,2020_2Q,2020,2020.25,RWAKEN,RWA,KEN,Ecobank RapidCash,Bank,"Bank branch,Internet",Next day,24.0,no,High,bank account,Bank account transfer,2.0,0.0,2.0,2.0,0.0,2.0
630203632,2020_2Q,2020,2020.25,RWAKEN,RWA,KEN,KCB,Bank,Bank branch,Same day,12.0,yes,High,own/partner bank account,Cash,1.0,0.44,1.44,1.0,0.44,1.44
630203633,2020_2Q,2020,2020.25,RWAKEN,RWA,KEN,KCB,Bank,Bank branch,Next day,24.0,yes,High,own/partner bank account,Bank account transfer,0.49999999999999994,0.44,0.94,0.49999999999999994,0.44,0.94
630203634,2020_2Q,2020,2020.25,RWAKEN,RWA,KEN,MoneyGram,Money Transfer Operator,Agent,Less than one hour,0.5,yes,High,cash,Cash,7.33,1.23,8.56,5.859999999999999,1.23,7.09
630203635,2020_2Q,2020,2020.25,RWAKEN,RWA,KEN,MTN Mobile Money,Mobile Operator,Mobile phone,Less than one hour,0.5,no,High,mobile wallet,Mobile money,3.33,0.0,3.33,3.2,0.0,3.2
630203636,2020_2Q,2020,2020.25,RWAKEN,RWA,KEN,Western Union,Money Transfer Operator,Agent,Less than one hour,0.5,yes,High,cash,Cash,9.5,1.17,10.67,6.8,1.17,7.97
630203637,2020_2Q,2020,2020.25,RWAKEN,RWA,KEN,Western Union,Money Transfer Operator,Agent,Less than one hour,0.5,yes,High,cash,Cash,4.0,3.94,7.94,2.4,3.94,6.34
630204072,2020_2Q,2020,2020.25,TZAKEN,TZA,KEN,EcoBank Rapid Transfer,Money Transfer Operator,"Bank branch,Internet",Same day,12.0,yes,High,cash,"Bank account transfer,Cash",3.5999999999999996,5.82,9.42,3.6000000000000005,5.64,9.24
630204073,2020_2Q,2020,2020.25,TZAKEN,TZA,KEN,KCB,Bank,"Bank branch,Call Center",Less than one hour,0.5,yes,High,bank account,Bank account transfer,12.0,5.3,17.3,9.0,5.3,14.3
630204074,2020_2Q,2020,2020.25,TZAKEN,TZA,KEN,MoneyGram,Money Transfer Operator,Agent,Less than one hour,0.5,yes,High,cash,Cash,5.39,2.41,7.8,4.63,2.41,7.04
630204075,2020_2Q,2020,2020.25,TZAKEN,TZA,KEN,M-Pesa,Mobile Operator,Mobile phone,Less than one hour,0.5,yes,High,mobile wallet,Mobile money,2.7700000000000005,4.97,7.74,1.42,4.8,6.22
630204076,2020_2Q,2020,2020.25,TZAKEN,TZA,KEN,NBC,Bank,"Bank branch,Call Center",Next day,24.0,yes,High,bank account,Bank account transfer,42.0,8.57,50.57,16.8,8.57,25.37
630204077,2020_2Q,2020,2020.25,TZAKEN,TZA,KEN,Stanbic Bank,Bank,"Bank branch,Call Center",Next day,24.0,yes,High,bank account,Bank account transfer,29.5,5.47,34.97,11.8,5.47,17.27
630204078,2020_2Q,2020,2020.25,TZAKEN,TZA,KEN,Western Union,Money Transfer Operator,Agent,Less than one hour,0.5,yes,High,cash,Cash,2.55,0.02,2.57,2.91,0.02,2.93
630204079,2020_2Q,2020,2020.25,TZARWA,TZA,RWA,EcoBank Rapid Transfer,Money Transfer Operator,"Bank branch,Internet",Same day,12.0,yes,Medium,cash,"Bank account transfer,Cash",3.6,2.02,5.62,3.6,1.31,4.91
630204080,2020_2Q,2020,2020.25,TZARWA,TZA,RWA,KCB,Bank,"Bank branch,Call Center",Less than one hour,0.5,yes,High,bank account,Bank account transfer,12.0,17.47,29.47,9.0,17.47,26.47
630204081,2020_2Q,2020,2020.25,TZARWA,TZA,RWA,MoneyGram,Money Transfer Operator,Agent,Less than one hour,0.5,yes,High,cash,Cash,5.390000000000001,4.18,9.57,4.630000000000001,4.18,8.81
630204082,2020_2Q,2020,2020.25,TZARWA,TZA,RWA,NMB (National Microfinance Bank),Non-Bank FI,"Bank branch,Call Center",Next day,24.0,yes,High,bank account,Bank account transfer,39.0,10.49,49.49,15.6,10.49,26.09
630204083,2020_2Q,2020,2020.25,TZARWA,TZA,RWA,Tigo,Mobile Operator,Mobile phone,Less than one hour,0.5,yes,High,mobile wallet,Mobile money,0.6899999999999995,7.15,7.84,0.6499999999999995,6.44,7.09
630204084,2020_2Q,2020,2020.25,TZARWA,TZA,RWA,Western Union,Money Transfer Operator,Agent,Less than one hour,0.5,yes,High,cash,Cash,2.54,0.33,2.87,2.91,0.33,3.24
630204085,2020_2Q,2020,2020.25,TZAUGA,TZA,UGA,EcoBank Rapid Transfer,Money Transfer Operator,"Bank branch,Internet",Same day,12.0,yes,Medium,cash,"Bank account transfer,Cash",3.5999999999999996,2.66,6.26,3.5999999999999996,2.66,6.26
630204086,2020_2Q,2020,2020.25,TZAUGA,TZA,UGA,KCB,Bank,"Bank branch,Call Center",Less than one hour,0.5,yes,High,bank account,Bank account transfer,12.0,2.48,14.48,9.0,2.48,11.48
630204087,2020_2Q,2020,2020.25,TZAUGA,TZA,UGA,MoneyGram,Money Transfer Operator,Agent,Less than one hour,0.5,yes,High,cash,Cash,5.39,2.54,7.93,4.62,2.54,7.16
630204088,2020_2Q,2020,2020.25,TZAUGA,TZA,UGA,NBC,Bank,"Bank branch,Call Center",Next day,24.0,yes,High,bank account,Bank account transfer,42.0,12.37,54.37,16.800000000000004,12.37,29.17
630204089,2020_2Q,2020,2020.25,TZAUGA,TZA,UGA,NMB (National Microfinance Bank),Non-Bank FI,"Bank branch,Call Center",Next day,24.0,yes,High,bank account,Bank account transfer,39.0,2.47,41.47,15.6,2.47,18.07
630204090,2020_2Q,2020,2020.25,TZAUGA,TZA,UGA,Stanbic Bank,Bank,"Bank branch,Call Center",Next day,24.0,yes,High,bank account,Bank account transfer,29.5,4.9,34.4,11.799999999999999,4.9,16.7
630204091,2020_2Q,2020,2020.25,TZAUGA,TZA,UGA,Western Union,Money Transfer Operator,Agent,Less than one hour,0.5,yes,High,cash,Cash,2.54,0.07,2.61,2.91,0.07,2.98
930202783,2020_3Q,2020,2020.5,KENRWA,KEN,RWA,ChipperCash,Money Transfer Operator,Internet,Less than one hour,0.5,yes,High,mobile wallet,Mobile money,0.0,6.72,6.72,0.0,6.72,6.72
930202784,2020_3Q,2020,2020.5,KENRWA,KEN,RWA,Dahabshiil,Money Transfer Operator,Agent,Same day,12.0,yes,Low,cash,"Cash,Debit/credit card",6.98,0.3,7.28,6.98,0.3,7.28
930202785,2020_3Q,2020,2020.5,KENRWA,KEN,RWA,Ecobank,Bank,Bank branch,Next day,24.0,yes,Medium,cash,Cash,15.0,0.44,15.44,6.0,0.44,6.44
930202786,2020_3Q,2020,2020.5,KENRWA,KEN,RWA,EcoBank Rapid Transfer,Money Transfer Operator,"Bank branch,Internet",Same day,12.0,yes,Medium,cash,"Bank account transfer,Cash",9.73,3.36,13.09,4.780000000000001,3.36,8.14
930202787,2020_3Q,2020,2020.5,KENRWA,KEN,RWA,MoneyGram,Money Transfer Operator,Agent,Less than one hour,0.5,yes,High,cash,Cash,1.9499999999999993,4.82,6.77,1.2199999999999998,4.82,6.04
930202788,2020_3Q,2020,2020.5,KENRWA,KEN,RWA,M-Pesa,Mobile Operator,Mobile phone,Less than one hour,0.5,yes,High,cash,Mobile money,0.55,0.53,1.08,0.24,0.53,0.77
930202789,2020_3Q,2020,2020.5,KENRWA,KEN,RWA,Western Union,Money Transfer Operator,Agent,Less than one hour,0.5,yes,High,cash,Cash,7.33,0.18,7.51,5.86,0.18,6.04
930202790,2020_3Q,2020,2020.5,KENSSD,KEN,SSD,ABC Bank,Money Transfer Operator,"Bank branch,Call Center,Internet",Next day,24.0,yes,Low,bank account,Bank account transfer,9.17,0.85,10.02,3.6699999999999995,0.85,4.52
930202791,2020_3Q,2020,2020.5,KENSSD,KEN,SSD,Citibank,Bank,"Bank branch,Call Center,Internet",Next day,24.0,yes,Low,bank account,Bank account transfer,10.0,1.96,11.96,4.0,1.96,5.96
930202792,2020_3Q,2020,2020.5,KENSSD,KEN,SSD,Dahabshiil,Money Transfer Operator,Agent,Same day,12.0,yes,Low,cash,"Cash,Debit/credit card",6.989999999999999,1.71,8.7,6.989999999999999,1.71,8.7
930202793,2020_3Q,2020,2020.5,KENSSD,KEN,SSD,Development Bank of Kenya,Bank,"Bank branch,Call Center,Internet",Next day,24.0,yes,Low,bank account,Bank account transfer,11.4,0.06,11.46,4.5600000000000005,0.06,4.62
930202794,2020_3Q,2020,2020.5,KENSSD,KEN,SSD,Ecobank,Bank,Bank branch,Next day,24.0,yes,Low,bank account,Cash,15.0,0.44,15.44,6.0,0.44,6.44
930202795,2020_3Q,2020,2020.5,KENSSD,KEN,SSD,EcoBank Rapid Transfer,Money Transfer Operator,"Bank branch,Internet",Same day,12.0,yes,Low,cash,"Bank account transfer,Cash",9.73,1.61,11.34,4.779999999999999,1.61,6.39
930202796,2020_3Q,2020,2020.5,KENSSD,KEN,SSD,GT Bank,Bank,"Bank branch,Call Center,Internet",Next day,24.0,yes,Low,bank account,Bank account transfer,9.17,0.74,9.91,3.67,0.74,4.41
930202797,2020_3Q,2020,2020.5,KENSSD,KEN,SSD,KCB,Bank,"Bank branch,Call Center,Internet",Next day,24.0,yes,Low,bank account,Bank account transfer,12.22,0.02,12.24,4.890000000000001,0.02,4.91
930202798,2020_3Q,2020,2020.5,KENSSD,KEN,SSD,MoneyGram,Money Transfer Operator,Agent,Less than one hour,0.5,yes,High,cash,Cash,1.9400000000000004,3.04,4.98,1.2199999999999998,3.04,4.26
930202799,2020_3Q,2020,2020.5,KENSSD,KEN,SSD,Spire Bank,Bank,"Bank branch,Call Center,Internet",Next day,24.0,yes,Low,bank account,Bank account transfer,9.17,0.93,10.1,3.6699999999999995,0.93,4.6
930202800,2020_3Q,2020,2020.5,KENSSD,KEN,SSD,United Bank for Africa (UBA),Bank,"Bank branch,Call Center,Internet",Next day,24.0,yes,Low,bank account,Bank account transfer,9.17,2.68,11.85,3.6699999999999995,2.68,6.35
930202801,2020_3Q,2020,2020.5,KENSSD,KEN,SSD,Western Union,Money Transfer Operator,Agent,Less than one hour,0.5,yes,Low,cash,Cash,7.329999999999999,3.04,10.37,5.87,3.04,8.91
930202802,2020_3Q,2020,2020.5,KENTZA,KEN,TZA,ABC Bank,Money Transfer Operator,"Bank branch,Call Center,Internet",Next day,24.0,yes,Medium,bank account,Bank account transfer,9.17,0.85,10.02,3.6699999999999995,0.85,4.52
930202803,2020_3Q,2020,2020.5,KENTZA,KEN,TZA,ChipperCash,Money Transfer Operator,Internet,Less than one hour,0.5,yes,High,mobile wallet,Mobile money,0.0,3.46,3.46,0.0,3.46,3.46
930202804,2020_3Q,2020,2020.5,KENTZA,KEN,TZA,Citibank,Bank,"Bank branch,Call Center,Internet",Next day,24.0,yes,Medium,bank account,Bank account transfer,10.0,1.96,11.96,4.0,1.96,5.96
930202805,2020_3Q,2020,2020.5,KENTZA,KEN,TZA,Dahabshiil,Money Transfer Operator,Agent,Same day,12.0,yes,Low,cash,"Cash,Debit/credit card",6.989999999999999,1.71,8.7,6.989999999999999,1.71,8.7
930202806,2020_3Q,2020,2020.5,KENTZA,KEN,TZA,Development Bank of Kenya,Bank,"Bank branch,Call Center,Internet",Next day,24.0,yes,Medium,bank account,Bank account transfer,11.4,0.06,11.46,4.74,0.06,4.8
930202807,2020_3Q,2020,2020.5,KENTZA,KEN,TZA,Ecobank,Bank,Bank branch,Next day,24.0,yes,Low,cash,Cash,15.0,0.44,15.44,6.0,0.44,6.44
930202808,2020_3Q,2020,2020.5,KENTZA,KEN,TZA,EcoBank Rapid Transfer,Money Transfer Operator,"Bank branch,Internet",Same day,12.0,yes,Medium,cash,"Bank account transfer,Cash",9.73,1.61,11.34,4.779999999999999,1.61,6.39
930202809,2020_3Q,2020,2020.5,KENTZA,KEN,TZA,GT Bank,Bank,"Bank branch,Call Center,Internet",Next day,24.0,yes,Medium,bank account,Bank account transfer,9.17,0.74,9.91,3.67,0.74,4.41
930202810,2020_3Q,2020,2020.5,KENTZA,KEN,TZA,KCB,Bank,"Bank branch,Call Center,Internet",Next day,24.0,yes,Medium,bank account,Bank account transfer,12.22,0.02,12.24,4.890000000000001,0.02,4.91
930202811,2020_3Q,2020,2020.5,KENTZA,KEN,TZA,MoneyGram,Money Transfer Operator,Agent,Less than one hour,0.5,yes,High,cash,Cash,1.9499999999999997,3.44,5.39,1.2200000000000002,3.44,4.66
930202812,2020_3Q,2020,2020.5,KENTZA,KEN,TZA,M-Pesa,Mobile Operator,Mobile phone,Less than one hour,0.5,yes,High,cash,Mobile money,0.5499999999999998,2.93,3.48,0.23999999999999977,2.93,3.17
930202813,2020_3Q,2020,2020.5,KENTZA,KEN,TZA,Posta Kenya,Post office,Post Office branch,2 days,48.0,yes,High,cash,Cash,9.67,1.41,11.08,6.4399999999999995,1.41,7.85
930202814,2020_3Q,2020,2020.5,KENTZA,KEN,TZA,Spire Bank,Bank,"Bank branch,Call Center,Internet",Next day,24.0,yes,Medium,bank account,Bank account transfer,9.17,0.93,10.1,3.6699999999999995,0.93,4.6
930202815,2020_3Q,2020,2020.5,KENTZA,KEN,TZA,UBA Africash,Bank,Bank branch,Less than one hour,0.5,yes,Medium,cash,Cash,2.8600000000000003,0.63,3.49,1.8600000000000003,0.63,2.49
930202816,2020_3Q,2020,2020.5,KENTZA,KEN,TZA,United Bank for Africa (UBA),Bank,"Bank branch,Call Center,Internet",Next day,24.0,yes,Medium,bank account,Bank account transfer,9.17,2.68,11.85,3.6699999999999995,2.68,6.35
930202817,2020_3Q,2020,2020.5,KENTZA,KEN,TZA,Western Union,Money Transfer Operator,Agent,Less than one hour,0.5,yes,High,cash,Cash,7.329999999999999,3.04,10.37,5.87,3.04,8.91
930202818,2020_3Q,2020,2020.5,KENUGA,KEN,UGA,ABC Bank,Money Transfer Operator,"Bank branch,Call Center,Internet",Next day,24.0,yes,High,bank account,Bank account transfer,9.17,0.85,10.02,3.6699999999999995,0.85,4.52
930202819,2020_3Q,2020,2020.5,KENUGA,KEN,UGA,ChipperCash,Money Transfer Operator,Internet,Less than one hour,0.5,yes,High,mobile wallet,Mobile money,0.0,3.94,3.94,0.0,3.94,3.94
930202820,2020_3Q,2020,2020.5,KENUGA,KEN,UGA,Citibank,Bank,"Bank branch,Call Center,Internet",Next day,24.0,yes,High,bank account,Bank account transfer,10.0,1.96,11.96,4.0,1.96,5.96
930202821,2020_3Q,2020,2020.5,KENUGA,KEN,UGA,Dahabshiil,Money Transfer Operator,Agent,Same day,12.0,yes,Low,cash,"Cash,Debit/credit card",6.989999999999999,1.71,8.7,6.989999999999999,1.71,8.7
930202822,2020_3Q,2020,2020.5,KENUGA,KEN,UGA,Development Bank of Kenya,Bank,"Bank branch,Call Center,Internet",Next day,24.0,yes,High,bank account,Bank account transfer,11.4,0.06,11.46,4.74,0.06,4.8
930202823,2020_3Q,2020,2020.5,KENUGA,KEN,UGA,Ecobank,Bank,Bank branch,Same day,12.0,yes,Low,cash,Cash,15.0,0.44,15.44,6.0,0.44,6.44
930202824,2020_3Q,2020,2020.5,KENUGA,KEN,UGA,EcoBank Rapid Transfer,Money Transfer Operator,"Bank branch,Internet",Same day,12.0,yes,Medium,cash,"Bank account transfer,Cash",9.73,1.61,11.34,4.779999999999999,1.61,6.39
930202825,2020_3Q,2020,2020.5,KENUGA,KEN,UGA,GT Bank,Bank,"Bank branch,Call Center,Internet",Next day,24.0,yes,High,bank account,Bank account transfer,9.17,0.74,9.91,3.67,0.74,4.41
930202826,2020_3Q,2020,2020.5,KENUGA,KEN,UGA,KCB,Bank,"Bank branch,Call Center,Internet",Next day,24.0,yes,High,bank account,Bank account transfer,12.22,0.02,12.24,4.890000000000001,0.02,4.91
930202827,2020_3Q,2020,2020.5,KENUGA,KEN,UGA,MoneyGram,Money Transfer Operator,Agent,Less than one hour,0.5,yes,High,cash,Cash,1.9399999999999995,3.7,5.64,1.2199999999999998,3.7,4.92
930202828,2020_3Q,2020,2020.5,KENUGA,KEN,UGA,M-Pesa,Mobile Operator,Mobile phone,Less than one hour,0.5,yes,High,cash,Mobile money,0.5499999999999998,1.85,2.4,0.23999999999999977,1.85,2.09
930202829,2020_3Q,2020,2020.5,KENUGA,KEN,UGA,Posta Kenya,Post office,Post Office branch,2 days,48.0,yes,High,cash,Cash,9.67,1.41,11.08,6.4399999999999995,1.41,7.85
930202830,2020_3Q,2020,2020.5,KENUGA,KEN,UGA,Spire Bank,Bank,"Bank branch,Call Center,Internet",Next day,24.0,yes,High,bank account,Bank account transfer,9.17,0.93,10.1,3.6699999999999995,0.93,4.6
930202831,2020_3Q,2020,2020.5,KENUGA,KEN,UGA,UBA Africash,Bank,Bank branch,Less than one hour,0.5,yes,Medium,cash,Cash,2.8600000000000003,0.63,3.49,1.8600000000000003,0.63,2.49
930202832,2020_3Q,2020,2020.5,KENUGA,KEN,UGA,United Bank for Africa (UBA),Bank,"Bank branch,Call Center,Internet",Next day,24.0,yes,High,bank account,Bank account transfer,9.17,2.68,11.85,3.6699999999999995,2.68,6.35
930202833,2020_3Q,2020,2020.5,KENUGA,KEN,UGA,Western Union,Money Transfer Operator,Agent,Less than one hour,0.5,yes,High,cash,Cash,7.329999999999999,3.04,10.37,5.87,3.04,8.91
930203664,2020_3Q,2020,2020.5,RWAKEN,RWA,KEN,Ecobank RapidCash,Bank,"Bank branch,Internet",Next day,24.0,yes,High,bank account,Bank account transfer,6.799999999999999,5.74,12.54,6.02,5.74,11.76
930203665,2020_3Q,2020,2020.5,RWAKEN,RWA,KEN,KCB,Bank,Bank branch,Same day,12.0,yes,High,own/partner bank account,Cash,1.0,5.65,6.65,1.0,5.65,6.65
930203666,2020_3Q,2020,2020.5,RWAKEN,RWA,KEN,KCB,Bank,Bank branch,Next day,24.0,yes,High,own/partner bank account,Bank account transfer,0.5,5.65,6.15,0.5,5.65,6.15
930203667,2020_3Q,2020,2020.5,RWAKEN,RWA,KEN,MoneyGram,Money Transfer Operator,Agent,Less than one hour,0.5,yes,High,cash,Cash,7.340000000000001,0.79,8.13,5.87,0.79,6.66
930203668,2020_3Q,2020,2020.5,RWAKEN,RWA,KEN,MTN Mobile Money,Mobile Operator,Mobile phone,Less than one hour,0.5,no,High,mobile wallet,Mobile money,3.33,0.0,3.33,3.2,0.0,3.2
930203669,2020_3Q,2020,2020.5,RWAKEN,RWA,KEN,Western Union,Money Transfer Operator,Agent,Less than one hour,0.5,yes,High,cash,Cash,11.96,-0.57,11.39,8.56,-0.57,7.99
930203670,2020_3Q,2020,2020.5,RWAKEN,RWA,KEN,Western Union,Money Transfer Operator,"Agent,Internet",Less than one hour,0.5,yes,High,cash,"Bank account transfer,Cash",4.0,2.38,6.38,2.4000000000000004,2.38,4.78
930204110,2020_3Q,2020,2020.5,TZAKEN,TZA,KEN,EcoBank Rapid Transfer,Money Transfer Operator,"Bank branch,Internet",Same day,12.0,yes,High,cash,"Bank account transfer,Cash",3.6000000000000005,7.03,10.63,3.6000000000000005,7.03,10.63
930204111,2020_3Q,2020,2020.5,TZAKEN,TZA,KEN,KCB,Bank,"Bank branch,Call Center",Less than one hour,0.5,yes,High,bank account,Bank account transfer,12.0,5.19,17.19,9.0,5.19,14.19
930204112,2020_3Q,2020,2020.5,TZAKEN,TZA,KEN,MoneyGram,Money Transfer Operator,Agent,Less than one hour,0.5,yes,High,cash,Cash,5.39,2.29,7.68,4.62,2.29,6.91
930204113,2020_3Q,2020,2020.5,TZAKEN,TZA,KEN,M-Pesa,Mobile Operator,Mobile phone,Less than one hour,0.5,yes,High,mobile wallet,Mobile money,2.7700000000000005,4.81,7.58,1.4200000000000008,4.81,6.23
930204114,2020_3Q,2020,2020.5,TZAKEN,TZA,KEN,NBC,Bank,"Bank branch,Call Center",Next day,24.0,yes,High,bank account,Bank account transfer,42.0,9.26,51.26,14.000000000000002,9.26,23.26
930204115,2020_3Q,2020,2020.5,TZAKEN,TZA,KEN,Stanbic Bank,Bank,"Bank branch,Call Center",Next day,24.0,yes,High,bank account,Bank account transfer,29.5,5.6,35.1,11.799999999999999,5.6,17.4
930204116,2020_3Q,2020,2020.5,TZAKEN,TZA,KEN,Western Union,Money Transfer Operator,Agent,Less than one hour,0.5,yes,High,cash,Cash,2.54,1.04,3.58,2.91,1.04,3.95
930204117,2020_3Q,2020,2020.5,TZARWA,TZA,RWA,EcoBank Rapid Transfer,Money Transfer Operator,"Bank branch,Internet",Same day,12.0,yes,Medium,cash,"Bank account transfer,Cash",3.6,0.0,3.6,3.6,0.0,3.6
930204118,2020_3Q,2020,2020.5,TZARWA,TZA,RWA,KCB,Bank,"Bank branch,Call Center",Less than one hour,0.5,yes,High,bank account,Bank account transfer,12.0,16.24,28.24,9.0,16.24,25.24
930204119,2020_3Q,2020,2020.5,TZARWA,TZA,RWA,MoneyGram,Money Transfer Operator,Agent,Less than one hour,0.5,yes,High,cash,Cash,5.390000000000001,4.09,9.48,4.620000000000001,4.09,8.71
930204120,2020_3Q,2020,2020.5,TZARWA,TZA,RWA,NMB (National Microfinance Bank),Non-Bank FI,"Bank branch,Call Center",Next day,24.0,yes,High,bank account,Bank account transfer,39.0,11.43,50.43,15.600000000000001,11.43,27.03
930204121,2020_3Q,2020,2020.5,TZARWA,TZA,RWA,Tigo,Mobile Operator,Mobile phone,Less than one hour,0.5,yes,High,mobile wallet,Mobile money,0.7,0.06,0.76,0.6499999999999999,0.06,0.71
930204122,2020_3Q,2020,2020.5,TZARWA,TZA,RWA,Western Union,Money Transfer Operator,Agent,Less than one hour,0.5,yes,High,cash,Cash,2.55,0.62,3.17,2.9099999999999997,0.62,3.53
930204123,2020_3Q,2020,2020.5,TZAUGA,TZA,UGA,EcoBank Rapid Transfer,Money Transfer Operator,"Bank branch,Internet",Same day,12.0,yes,Medium,cash,"Bank account transfer,Cash",3.6,3.4,7.0,3.6,3.4,7.0
930204124,2020_3Q,2020,2020.5,TZAUGA,TZA,UGA,KCB,Bank,"Bank branch,Call Center",Less than one hour,0.5,yes,High,bank account,Bank account transfer,12.0,13.77,25.77,9.0,13.77,22.77
930204125,2020_3Q,2020,2020.5,TZAUGA,TZA,UGA,MoneyGram,Money Transfer Operator,Agent,Less than one hour,0.5,yes,High,cash,Cash,5.3999999999999995,2.49,7.89,4.63,2.49,7.12
930204126,2020_3Q,2020,2020.5,TZAUGA,TZA,UGA,NBC,Bank,"Bank branch,Call Center",Next day,24.0,yes,High,bank account,Bank account transfer,39.0,4.89,43.89,16.8,4.89,21.69
930204127,2020_3Q,2020,2020.5,TZAUGA,TZA,UGA,NMB (National Microfinance Bank),Non-Bank FI,"Bank branch,Call Center",Next day,24.0,yes,High,bank account,Bank account transfer,39.0,3.32,42.32,15.600000000000001,3.32,18.92
930204128,2020_3Q,2020,2020.5,TZAUGA,TZA,UGA,Stanbic Bank,Bank,"Bank branch,Call Center",Next day,24.0,yes,High,bank account,Bank account transfer,29.499999999999996,6.05,35.55,11.8,6.05,17.85
930204129,2020_3Q,2020,2020.5,TZAUGA,TZA,UGA,Western Union,Money Transfer Operator,Agent,Less than one hour,0.5,yes,High,cash,Cash,2.55,0.97,3.52,2.91,0.97,3.88
1218202783,2020_4Q,2020,2020.75,KENRWA,KEN,RWA,ChipperCash,Money Transfer Operator,Internet,Less than one hour,0.5,yes,High,mobile wallet,Mobile money,0.0,1.12,1.12,0.0,1.12,1.12
1218202784,2020_4Q,2020,2020.75,KENRWA,KEN,RWA,Dahabshiil,Money Transfer Operator,Agent,Same day,12.0,yes,Low,cash,"Cash,Debit/credit card",6.98,0.39,7.37,6.98,0.39,7.37
1218202785,2020_4Q,2020,2020.75,KENRWA,KEN,RWA,Ecobank,Bank,Bank branch,Next day,24.0,yes,Medium,cash,Cash,15.0,0.97,15.97,6.0,0.97,6.97
1218202786,2020_4Q,2020,2020.75,KENRWA,KEN,RWA,EcoBank Rapid Transfer,Money Transfer Operator,"Bank branch,Internet",Same day,12.0,yes,Medium,cash,"Bank account transfer,Cash",9.719999999999999,1.87,11.59,4.77,1.87,6.64
1218202787,2020_4Q,2020,2020.75,KENRWA,KEN,RWA,MoneyGram,Money Transfer Operator,Agent,Less than one hour,0.5,yes,High,cash,Cash,1.9499999999999993,5.94,7.89,1.2299999999999995,5.94,7.17
1218202788,2020_4Q,2020,2020.75,KENRWA,KEN,RWA,M-Pesa,Mobile Operator,Mobile phone,Less than one hour,0.5,yes,High,cash,Mobile money,0.56,0.77,1.33,0.25,0.77,1.02
1218202789,2020_4Q,2020,2020.75,KENRWA,KEN,RWA,Western Union,Money Transfer Operator,Agent,Less than one hour,0.5,yes,High,cash,Cash,7.33,-0.16,7.17,5.87,-0.16,5.71
1218202790,2020_4Q,2020,2020.75,KENSSD,KEN,SSD,ABC Bank,Money Transfer Operator,"Bank branch,Call Center,Internet",Next day,24.0,yes,Low,bank account,Bank account transfer,9.17,1.69,10.86,3.6700000000000004,1.69,5.36
1218202791,2020_4Q,2020,2020.75,KENSSD,KEN,SSD,Citibank,Bank,"Bank branch,Call Center,Internet",Next day,24.0,yes,Low,bank account,Bank account transfer,10.0,2.45,12.45,4.0,2.45,6.45
1218202792,2020_4Q,2020,2020.75,KENSSD,KEN,SSD,Dahabshiil,Money Transfer Operator,Agent,Same day,12.0,yes,Low,cash,"Cash,Debit/credit card",6.98,4.09,11.07,6.98,4.09,11.07
1218202793,2020_4Q,2020,2020.75,KENSSD,KEN,SSD,Development Bank of Kenya,Bank,"Bank branch,Call Center,Internet",Next day,24.0,yes,Low,bank account,Bank account transfer,11.399999999999999,2.95,14.35,4.56,2.95,7.51
1218202794,2020_4Q,2020,2020.75,KENSSD,KEN,SSD,Ecobank,Bank,Bank branch,Next day,24.0,yes,Low,bank account,Cash,15.0,0.97,15.97,6.0,0.97,6.97
1218202795,2020_4Q,2020,2020.75,KENSSD,KEN,SSD,EcoBank Rapid Transfer,Money Transfer Operator,"Bank branch,Internet",Same day,12.0,yes,Low,cash,"Bank account transfer,Cash",9.72,0.43,10.15,4.78,0.43,5.21
1218202796,2020_4Q,2020,2020.75,KENSSD,KEN,SSD,GT Bank,Bank,"Bank branch,Call Center,Internet",Next day,24.0,yes,Low,bank account,Bank account transfer,9.169999999999998,4.69,13.86,3.669999999999999,4.69,8.36
1218202797,2020_4Q,2020,2020.75,KENSSD,KEN,SSD,KCB,Bank,"Bank branch,Call Center,Internet",Next day,24.0,yes,Low,bank account,Bank account transfer,12.22,0.6,12.82,4.890000000000001,0.6,5.49
1218202798,2020_4Q,2020,2020.75,KENSSD,KEN,SSD,MoneyGram,Money Transfer Operator,Agent,Less than one hour,0.5,yes,High,cash,Cash,1.9500000000000002,0.36,2.31,1.23,0.36,1.59
1218202799,2020_4Q,2020,2020.75,KENSSD,KEN,SSD,Spire Bank,Bank,"Bank branch,Call Center,Internet",Next day,24.0,yes,Low,bank account,Bank account transfer,9.16,1.7,10.86,3.66,1.7,5.36
1218202800,2020_4Q,2020,2020.75,KENSSD,KEN,SSD,United Bank for Africa (UBA),Bank,"Bank branch,Call Center,Internet",Next day,24.0,yes,Low,bank account,Bank account transfer,9.170000000000002,2.04,11.21,3.67,2.04,5.71
1218202801,2020_4Q,2020,2020.75,KENSSD,KEN,SSD,Western Union,Money Transfer Operator,Agent,Less than one hour,0.5,yes,Low,cash,Cash,7.33,-0.16,7.17,5.87,-0.16,5.71
1218202802,2020_4Q,2020,2020.75,KENTZA,KEN,TZA,ABC Bank,Money Transfer Operator,"Bank branch,Call Center,Internet",Next day,24.0,yes,Medium,bank account,Bank account transfer,9.17,1.69,10.86,3.6700000000000004,1.69,5.36
1218202803,2020_4Q,2020,2020.75,KENTZA,KEN,TZA,ChipperCash,Money Transfer Operator,Internet,Less than one hour,0.5,yes,High,mobile wallet,Mobile money,0.0,1.49,1.49,0.0,1.49,1.49
1218202804,2020_4Q,2020,2020.75,KENTZA,KEN,TZA,Citibank,Bank,"Bank branch,Call Center,Internet",Next day,24.0,yes,Medium,bank account,Bank account transfer,10.0,2.45,12.45,4.0,2.45,6.45
1218202805,2020_4Q,2020,2020.75,KENTZA,KEN,TZA,Dahabshiil,Money Transfer Operator,Agent,Same day,12.0,yes,Low,cash,"Cash,Debit/credit card",6.98,4.09,11.07,6.98,4.09,11.07
1218202806,2020_4Q,2020,2020.75,KENTZA,KEN,TZA,Development Bank of Kenya,Bank,"Bank branch,Call Center,Internet",Next day,24.0,yes,Medium,bank account,Bank account transfer,11.399999999999999,2.95,14.35,4.74,2.95,7.69
1218202807,2020_4Q,2020,2020.75,KENTZA,KEN,TZA,Ecobank,Bank,Bank branch,Next day,24.0,yes,Low,cash,Cash,15.0,0.97,15.97,6.0,0.97,6.97
1218202808,2020_4Q,2020,2020.75,KENTZA,KEN,TZA,EcoBank Rapid Transfer,Money Transfer Operator,"Bank branch,Internet",Same day,12.0,yes,Medium,cash,"Bank account transfer,Cash",9.72,0.43,10.15,4.78,0.43,5.21
1218202809,2020_4Q,2020,2020.75,KENTZA,KEN,TZA,GT Bank,Bank,"Bank branch,Call Center,Internet",Next day,24.0,yes,Medium,bank account,Bank account transfer,9.169999999999998,4.69,13.86,3.669999999999999,4.69,8.36
1218202810,2020_4Q,2020,2020.75,KENTZA,KEN,TZA,KCB,Bank,"Bank branch,Call Center,Internet",Next day,24.0,yes,Medium,bank account,Bank account transfer,12.22,0.6,12.82,4.890000000000001,0.6,5.49
1218202811,2020_4Q,2020,2020.75,KENTZA,KEN,TZA,MoneyGram,Money Transfer Operator,Agent,Less than one hour,0.5,yes,High,cash,Cash,1.9400000000000004,3.51,5.45,1.2200000000000006,3.51,4.73
1218202812,2020_4Q,2020,2020.75,KENTZA,KEN,TZA,M-Pesa,Mobile Operator,Mobile phone,Less than one hour,0.5,yes,High,cash,Mobile money,0.5500000000000003,1.67,2.22,0.24,1.67,1.91
1218202813,2020_4Q,2020,2020.75,KENTZA,KEN,TZA,Posta Kenya,Post office,Post Office branch,2 days,48.0,yes,High,cash,Cash,9.67,0.39,10.06,6.45,0.39,6.84
1218202814,2020_4Q,2020,2020.75,KENTZA,KEN,TZA,Spire Bank,Bank,"Bank branch,Call Center,Internet",Next day,24.0,yes,Medium,bank account,Bank account transfer,9.16,1.7,10.86,3.66,1.7,5.36
1218202815,2020_4Q,2020,2020.75,KENTZA,KEN,TZA,UBA Africash,Bank,Bank branch,Less than one hour,0.5,yes,Medium,cash,Cash,2.8600000000000003,0.88,3.74,1.8600000000000003,0.88,2.74
1218202816,2020_4Q,2020,2020.75,KENTZA,KEN,TZA,United Bank for Africa (UBA),Bank,"Bank branch,Call Center,Internet",Next day,24.0,yes,Medium,bank account,Bank account transfer,9.170000000000002,2.04,11.21,3.67,2.04,5.71
1218202817,2020_4Q,2020,2020.75,KENTZA,KEN,TZA,Western Union,Money Transfer Operator,Agent,Less than one hour,0.5,yes,High,cash,Cash,7.33,-0.16,7.17,5.87,-0.16,5.71
1218202818,2020_4Q,2020,2020.75,KENUGA,KEN,UGA,ABC Bank,Money Transfer Operator,"Bank branch,Call Center,Internet",Next day,24.0,yes,High,bank account,Bank account transfer,9.17,1.69,10.86,3.6700000000000004,1.69,5.36
1218202819,2020_4Q,2020,2020.75,KENUGA,KEN,UGA,ChipperCash,Money Transfer Operator,Internet,Less than one hour,0.5,yes,High,mobile wallet,Mobile money,0.0,-1.99,-1.99,0.0,-1.99,-1.99
1218202820,2020_4Q,2020,2020.75,KENUGA,KEN,UGA,Citibank,Bank,"Bank branch,Call Center,Internet",Next day,24.0,yes,High,bank account,Bank account transfer,10.0,2.45,12.45,4.0,2.45,6.45
1218202821,2020_4Q,2020,2020.75,KENUGA,KEN,UGA,Dahabshiil,Money Transfer Operator,Agent,Same day,12.0,yes,Low,cash,"Cash,Debit/credit card",6.98,4.09,11.07,6.98,4.09,11.07
1218202822,2020_4Q,2020,2020.75,KENUGA,KEN,UGA,Development Bank of Kenya,Bank,"Bank branch,Call Center,Internet",Next day,24.0,yes,High,bank account,Bank account transfer,11.399999999999999,2.95,14.35,4.74,2.95,7.69
1218202823,2020_4Q,2020,2020.75,KENUGA,KEN,UGA,Ecobank,Bank,Bank branch,Same day,12.0,yes,Low,cash,Cash,15.0,0.97,15.97,6.0,0.97,6.97
1218202824,2020_4Q,2020,2020.75,KENUGA,KEN,UGA,EcoBank Rapid Transfer,Money Transfer Operator,"Bank branch,Internet",Same day,12.0,yes,Medium,cash,"Bank account transfer,Cash",9.72,0.43,10.15,4.78,0.43,5.21
1218202825,2020_4Q,2020,2020.75,KENUGA,KEN,UGA,GT Bank,Bank,"Bank branch,Call Center,Internet",Next day,24.0,yes,High,bank account,Bank account transfer,9.169999999999998,4.69,13.86,3.669999999999999,4.69,8.36
1218202826,2020_4Q,2020,2020.75,KENUGA,KEN,UGA,KCB,Bank,"Bank branch,Call Center,Internet",Next day,24.0,yes,High,bank account,Bank account transfer,12.22,0.6,12.82,4.890000000000001,0.6,5.49
1218202827,2020_4Q,2020,2020.75,KENUGA,KEN,UGA,MoneyGram,Money Transfer Operator,Agent,Less than one hour,0.5,yes,High,cash,Cash,1.9500000000000002,4.13,6.08,1.2300000000000004,4.13,5.36
1218202828,2020_4Q,2020,2020.75,KENUGA,KEN,UGA,M-Pesa,Mobile Operator,Mobile phone,Less than one hour,0.5,yes,High,cash,Mobile money,0.5600000000000005,3.63,4.19,0.2400000000000002,3.63,3.87
1218202829,2020_4Q,2020,2020.75,KENUGA,KEN,UGA,Posta Kenya,Post office,Post Office branch,2 days,48.0,yes,High,cash,Cash,9.67,0.39,10.06,6.45,0.39,6.84
1218202830,2020_4Q,2020,2020.75,KENUGA,KEN,UGA,Spire Bank,Bank,"Bank branch,Call Center,Internet",Next day,24.0,yes,High,bank account,Bank account transfer,9.16,1.7,10.86,3.66,1.7,5.36
1218202831,2020_4Q,2020,2020.75,KENUGA,KEN,UGA,UBA Africash,Bank,Bank branch,Less than one hour,0.5,yes,Medium,cash,Cash,2.8600000000000003,0.88,3.74,1.8600000000000003,0.88,2.74
1218202832,2020_4Q,2020,2020.75,KENUGA,KEN,UGA,United Bank for Africa (UBA),Bank,"Bank branch,Call Center,Internet",Next day,24.0,yes,High,bank account,Bank account transfer,9.170000000000002,2.04,11.21,3.67,2.04,5.71
1218202833,2020_4Q,2020,2020.75,KENUGA,KEN,UGA,Western Union,Money Transfer Operator,Agent,Less than one hour,0.5,yes,High,cash,Cash,7.33,-0.16,7.17,5.87,-0.16,5.71
1218203644,2020_4Q,2020,2020.75,RWAKEN,RWA,KEN,Ecobank RapidCash,Bank,"Bank branch,Internet",Next day,24.0,yes,High,bank account,Bank account transfer,6.8,5.78,12.58,6.03,5.78,11.81
1218203645,2020_4Q,2020,2020.75,RWAKEN,RWA,KEN,KCB,Bank,Bank branch,Same day,12.0,yes,High,own/partner bank account,Cash,1.0,5.78,6.78,1.0,5.78,6.78
1218203646,2020_4Q,2020,2020.75,RWAKEN,RWA,KEN,KCB,Bank,Bank branch,Next day,24.0,yes,High,own/partner bank account,Bank account transfer,0.5,5.78,6.28,0.5,5.78,6.28
1218203647,2020_4Q,2020,2020.75,RWAKEN,RWA,KEN,Maico Money Transfer,Money Transfer Operator,Agent,Less than one hour,0.5,yes,High,cash,Cash,5.26,6.17,11.43,4.73,6.17,10.9
1218203648,2020_4Q,2020,2020.75,RWAKEN,RWA,KEN,MoneyGram,Money Transfer Operator,Agent,Less than one hour,0.5,yes,High,cash,Cash,7.34,6.17,13.51,5.869999999999999,6.17,12.04
1218203649,2020_4Q,2020,2020.75,RWAKEN,RWA,KEN,MTN Mobile Money,Mobile Operator,Mobile phone,Less than one hour,0.5,no,High,mobile wallet,Mobile money,3.33,0.0,3.33,3.2,0.0,3.2
1218203650,2020_4Q,2020,2020.75,RWAKEN,RWA,KEN,Western Union,Money Transfer Operator,Agent,Less than one hour,0.5,yes,High,cash,Cash,12.479999999999999,6.17,18.65,8.93,6.17,15.1
1218203651,2020_4Q,2020,2020.75,RWAKEN,RWA,KEN,Western Union,Money Transfer Operator,"Agent,Internet",Less than one hour,0.5,yes,High,cash,"Bank account transfer,Cash",4.0,-0.57,3.43,2.4,-0.57,1.83
1218204089,2020_4Q,2020,2020.75,TZAKEN,TZA,KEN,EcoBank Rapid Transfer,Money Transfer Operator,"Bank branch,Internet",Same day,12.0,yes,High,cash,"Bank account transfer,Cash",3.6000000000000005,5.97,9.57,3.6000000000000005,5.97,9.57
1218204090,2020_4Q,2020,2020.75,TZAKEN,TZA,KEN,KCB,Bank,"Bank branch,Call Center",Less than one hour,0.5,yes,High,bank account,Bank account transfer,11.999999999999998,5.49,17.49,9.0,5.49,14.49
1218204091,2020_4Q,2020,2020.75,TZAKEN,TZA,KEN,MoneyGram,Money Transfer Operator,Agent,Less than one hour,0.5,yes,High,cash,Cash,5.4,2.17,7.57,4.63,2.17,6.8
1218204092,2020_4Q,2020,2020.75,TZAKEN,TZA,KEN,M-Pesa,Mobile Operator,Mobile phone,Less than one hour,0.5,yes,High,mobile wallet,Mobile money,2.619999999999999,4.73,7.35,1.4099999999999993,4.73,6.14
1218204093,2020_4Q,2020,2020.75,TZAKEN,TZA,KEN,NBC,Bank,"Bank branch,Call Center",Next day,24.0,yes,High,bank account,Bank account transfer,42.0,9.24,51.24,16.799999999999997,9.24,26.04
1218204094,2020_4Q,2020,2020.75,TZAKEN,TZA,KEN,Stanbic Bank,Bank,"Bank branch,Call Center",Next day,24.0,yes,High,bank account,Bank account transfer,29.5,5.07,34.57,11.8,5.07,16.87
1218204095,2020_4Q,2020,2020.75,TZAKEN,TZA,KEN,Western Union,Money Transfer Operator,Agent,Less than one hour,0.5,yes,High,cash,Cash,2.0,4.31,6.31,3.0200000000000005,4.31,7.33
1218204096,2020_4Q,2020,2020.75,TZARWA,TZA,RWA,EcoBank Rapid Transfer,Money Transfer Operator,"Bank branch,Internet",Same day,12.0,yes,Medium,cash,"Bank account transfer,Cash",3.5999999999999996,2.16,5.76,3.6099999999999994,2.16,5.77
1218204097,2020_4Q,2020,2020.75,TZARWA,TZA,RWA,KCB,Bank,"Bank branch,Call Center",Less than one hour,0.5,yes,High,bank account,Bank account transfer,12.0,16.82,28.82,9.0,16.82,25.82
1218204098,2020_4Q,2020,2020.75,TZARWA,TZA,RWA,MoneyGram,Money Transfer Operator,Agent,Less than one hour,0.5,yes,High,cash,Cash,5.389999999999999,4.15,9.54,4.629999999999999,4.15,8.78
1218204099,2020_4Q,2020,2020.75,TZARWA,TZA,RWA,NMB (National Microfinance Bank),Non-Bank FI,"Bank branch,Call Center",Next day,24.0,yes,High,bank account,Bank account transfer,39.0,11.29,50.29,15.600000000000001,11.29,26.89
1218204100,2020_4Q,2020,2020.75,TZARWA,TZA,RWA,Tigo,Mobile Operator,Mobile phone,Less than one hour,0.5,no,High,mobile wallet,Mobile money,0.71,0.0,0.71,0.53,0.0,0.53
1218204101,2020_4Q,2020,2020.75,TZARWA,TZA,RWA,Western Union,Money Transfer Operator,Agent,Less than one hour,0.5,yes,High,cash,Cash,2.0,4.84,6.84,3.0200000000000005,4.84,7.86
1218204102,2020_4Q,2020,2020.75,TZAUGA,TZA,UGA,EcoBank Rapid Transfer,Money Transfer Operator,"Bank branch,Internet",Same day,12.0,yes,Medium,cash,"Bank account transfer,Cash",3.6000000000000005,2.88,6.48,3.6000000000000005,2.88,6.48
1218204103,2020_4Q,2020,2020.75,TZAUGA,TZA,UGA,KCB,Bank,"Bank branch,Call Center",Less than one hour,0.5,yes,High,bank account,Bank account transfer,12.0,13.54,25.54,9.0,13.54,22.54
1218204104,2020_4Q,2020,2020.75,TZAUGA,TZA,UGA,MoneyGram,Money Transfer Operator,Agent,Less than one hour,0.5,yes,High,cash,Cash,5.39,2.38,7.77,4.62,2.38,7.0
1218204105,2020_4Q,2020,2020.75,TZAUGA,TZA,UGA,NBC,Bank,"Bank branch,Call Center",Next day,24.0,yes,High,bank account,Bank account transfer,42.0,4.22,46.22,16.8,4.22,21.02
1218204106,2020_4Q,2020,2020.75,TZAUGA,TZA,UGA,NMB (National Microfinance Bank),Non-Bank FI,"Bank branch,Call Center",Next day,24.0,yes,High,bank account,Bank account transfer,39.0,2.72,41.72,15.6,2.72,18.32
1218204107,2020_4Q,2020,2020.75,TZAUGA,TZA,UGA,Stanbic Bank,Bank,"Bank branch,Call Center",Next day,24.0,yes,High,bank account,Bank account transfer,29.499999999999996,4.23,33.73,11.8,4.23,16.03
1218204108,2020_4Q,2020,2020.75,TZAUGA,TZA,UGA,Western Union,Money Transfer Operator,Agent,Less than one hour,0.5,yes,High,cash,Cash,1.9999999999999996,2.64,4.64,3.02,2.64,5.66
513212769,2021_1Q,2021,2021.0,KENRWA,KEN,RWA,ChipperCash,Money Transfer Operator,Internet,Less than one hour,0.5,yes,High,mobile wallet,Mobile money,0.0,2.28,2.28,0.0,2.28,2.28
513212770,2021_1Q,2021,2021.0,KENRWA,KEN,RWA,Dahabshiil,Money Transfer Operator,Agent,Same day,12.0,yes,Low,cash,"Cash,Debit/credit card",6.98,0.18,7.16,6.99,0.18,7.17
513212771,2021_1Q,2021,2021.0,KENRWA,KEN,RWA,Ecobank,Bank,Bank branch,Next day,24.0,yes,Medium,cash,Cash,15.0,0.03,15.03,6.0,0.03,6.03
513212772,2021_1Q,2021,2021.0,KENRWA,KEN,RWA,EcoBank Rapid Transfer,Money Transfer Operator,"Bank branch,Internet",Same day,12.0,yes,Medium,cash,"Bank account transfer,Cash",9.72,2.99,12.71,4.779999999999999,2.99,7.77
513212773,2021_1Q,2021,2021.0,KENRWA,KEN,RWA,EverSend,Money Transfer Operator,Internet,Less than one hour,0.5,yes,High,mobile wallet,"Debit/credit card,Mobile money",1.17,1.88,3.05,1.17,1.88,3.05
513212774,2021_1Q,2021,2021.0,KENRWA,KEN,RWA,MoneyGram,Money Transfer Operator,Agent,Less than one hour,0.5,yes,High,cash,Cash,1.9500000000000002,2.88,4.83,1.2199999999999998,2.88,4.1
513212775,2021_1Q,2021,2021.0,KENRWA,KEN,RWA,M-Pesa,Mobile Operator,Mobile phone,Less than one hour,0.5,yes,High,cash,Mobile money,0.5599999999999999,0.15,0.71,0.25,0.15,0.4
513212776,2021_1Q,2021,2021.0,KENRWA,KEN,RWA,Western Union,Money Transfer Operator,Agent,Less than one hour,0.5,yes,High,cash,Cash,7.33,0.38,7.71,5.86,0.38,6.24
513212777,2021_1Q,2021,2021.0,KENSSD,KEN,SSD,ABC Bank,Money Transfer Operator,"Bank branch,Call Center,Internet",Next day,24.0,yes,Low,bank account,Bank account transfer,9.17,-0.13,9.04,3.67,-0.13,3.54
513212778,2021_1Q,2021,2021.0,KENSSD,KEN,SSD,Citibank,Bank,"Bank branch,Call Center,Internet",Next day,24.0,yes,Low,bank account,Bank account transfer,10.0,0.05,10.05,4.0,0.05,4.05
513212779,2021_1Q,2021,2021.0,KENSSD,KEN,SSD,Dahabshiil,Money Transfer Operator,Agent,Same day,12.0,yes,Low,cash,"Cash,Debit/credit card",6.98,0.59,7.57,6.98,0.59,7.57
513212780,2021_1Q,2021,2021.0,KENSSD,KEN,SSD,Development Bank of Kenya,Bank,"Bank branch,Call Center,Internet",Next day,24.0,yes,Low,bank account,Bank account transfer,11.41,2.01,13.42,4.5600000000000005,2.01,6.57
513212781,2021_1Q,2021,2021.0,KENSSD,KEN,SSD,Ecobank,Bank,Bank branch,Next day,24.0,yes,Low,bank account,Cash,15.0,0.03,15.03,6.0,0.03,6.03
513212782,2021_1Q,2021,2021.0,KENSSD,KEN,SSD,EcoBank Rapid Transfer,Money Transfer Operator,"Bank branch,Internet",Same day,12.0,yes,Low,cash,"Bank account transfer,Cash",9.72,4.35,14.07,4.780000000000001,4.35,9.13
513212783,2021_1Q,2021,2021.0,KENSSD,KEN,SSD,GT Bank,Bank,"Bank branch,Call Center,Internet",Next day,24.0,yes,Low,bank account,Bank account transfer,9.17,1.74,10.91,3.67,1.74,5.41
513212784,2021_1Q,2021,2021.0,KENSSD,KEN,SSD,KCB,Bank,"Bank branch,Call Center,Internet",Next day,24.0,yes,Low,bank account,Bank account transfer,12.22,2.78,15.0,4.890000000000001,2.78,7.67
513212785,2021_1Q,2021,2021.0,KENSSD,KEN,SSD,MoneyGram,Money Transfer Operator,Agent,Less than one hour,0.5,yes,High,cash,Cash,1.9500000000000002,2.3,4.25,1.2200000000000002,2.3,3.52
513212786,2021_1Q,2021,2021.0,KENSSD,KEN,SSD,Spire Bank,Bank,"Bank branch,Call Center,Internet",Next day,24.0,yes,Low,bank account,Bank account transfer,9.17,3.36,12.53,3.6700000000000004,3.36,7.03
513212787,2021_1Q,2021,2021.0,KENSSD,KEN,SSD,United Bank for Africa (UBA),Bank,"Bank branch,Call Center,Internet",Next day,24.0,yes,Low,bank account,Bank account transfer,9.17,-0.04,9.13,3.67,-0.04,3.63
513212788,2021_1Q,2021,2021.0,KENSSD,KEN,SSD,Western Union,Money Transfer Operator,Agent,Less than one hour,0.5,yes,Low,cash,Cash,7.33,0.38,7.71,5.86,0.38,6.24
513212789,2021_1Q,2021,2021.0,KENTZA,KEN,TZA,ABC Bank,Money Transfer Operator,"Bank branch,Call Center,Internet",Next day,24.0,yes,Medium,bank account,Bank account transfer,9.17,-0.13,9.04,3.67,-0.13,3.54
513212790,2021_1Q,2021,2021.0,KENTZA,KEN,TZA,ChipperCash,Money Transfer Operator,Internet,Less than one hour,0.5,yes,High,mobile wallet,Mobile money,0.0,5.54,5.54,0.0,5.54,5.54
513212791,2021_1Q,2021,2021.0,KENTZA,KEN,TZA,Citibank,Bank,"Bank branch,Call Center,Internet",Next day,24.0,yes,Medium,bank account,Bank account transfer,10.0,0.05,10.05,4.0,0.05,4.05
513212792,2021_1Q,2021,2021.0,KENTZA,KEN,TZA,Dahabshiil,Money Transfer Operator,Agent,Same day,12.0,yes,Low,cash,"Cash,Debit/credit card",6.98,0.59,7.57,6.98,0.59,7.57
513212793,2021_1Q,2021,2021.0,KENTZA,KEN,TZA,Development Bank of Kenya,Bank,"Bank branch,Call Center,Internet",Next day,24.0,yes,Medium,bank account,Bank account transfer,11.41,2.01,13.42,4.74,2.01,6.75
513212794,2021_1Q,2021,2021.0,KENTZA,KEN,TZA,Ecobank,Bank,Bank branch,Next day,24.0,yes,Low,cash,Cash,15.0,0.03,15.03,6.0,0.03,6.03
513212795,2021_1Q,2021,2021.0,KENTZA,KEN,TZA,EcoBank Rapid Transfer,Money Transfer Operator,"Bank branch,Internet",Same day,12.0,yes,Medium,cash,"Bank account transfer,Cash",9.72,4.35,14.07,4.780000000000001,4.35,9.13
513212796,2021_1Q,2021,2021.0,KENTZA,KEN,TZA,EverSend,Money Transfer Operator,Internet,Less than one hour,0.5,yes,High,mobile wallet,"Debit/credit card,Mobile money",1.17,2.44,3.61,1.17,2.44,3.61
513212797,2021_1Q,2021,2021.0,KENTZA,KEN,TZA,GT Bank,Bank,"Bank branch,Call Center,Internet",Next day,24.0,yes,Medium,bank account,Bank account transfer,9.17,1.74,10.91,3.67,1.74,5.41
513212798,2021_1Q,2021,2021.0,KENTZA,KEN,TZA,KCB,Bank,"Bank branch,Call Center,Internet",Next day,24.0,yes,Medium,bank account,Bank account transfer,12.22,2.78,15.0,4.890000000000001,2.78,7.67
513212799,2021_1Q,2021,2021.0,KENTZA,KEN,TZA,MoneyGram,Money Transfer Operator,Agent,Less than one hour,0.5,yes,High,cash,Cash,1.9500000000000002,1.88,3.83,1.2200000000000002,1.88,3.1
513212800,2021_1Q,2021,2021.0,KENTZA,KEN,TZA,M-Pesa,Mobile Operator,Mobile phone,Less than one hour,0.5,yes,High,cash,Mobile money,0.55,0.79,1.34,0.24,0.79,1.03
513212801,2021_1Q,2021,2021.0,KENTZA,KEN,TZA,Posta Kenya,Post office,Post Office branch,2 days,48.0,yes,High,cash,Cash,9.67,0.95,10.62,6.4399999999999995,0.95,7.39
513212802,2021_1Q,2021,2021.0,KENTZA,KEN,TZA,Spire Bank,Bank,"Bank branch,Call Center,Internet",Next day,24.0,yes,Medium,bank account,Bank account transfer,9.17,3.36,12.53,3.6700000000000004,3.36,7.03
513212803,2021_1Q,2021,2021.0,KENTZA,KEN,TZA,UBA Africash,Bank,Bank branch,Less than one hour,0.5,yes,Medium,cash,Cash,2.8600000000000003,2.8,5.66,1.8600000000000003,2.8,4.66
513212804,2021_1Q,2021,2021.0,KENTZA,KEN,TZA,United Bank for Africa (UBA),Bank,"Bank branch,Call Center,Internet",Next day,24.0,yes,Medium,bank account,Bank account transfer,9.17,-0.04,9.13,3.67,-0.04,3.63
513212805,2021_1Q,2021,2021.0,KENTZA,KEN,TZA,Western Union,Money Transfer Operator,Agent,Less than one hour,0.5,yes,High,cash,Cash,7.33,0.38,7.71,5.86,0.38,6.24
513212806,2021_1Q,2021,2021.0,KENUGA,KEN,UGA,ABC Bank,Money Transfer Operator,"Bank branch,Call Center,Internet",Next day,24.0,yes,High,bank account,Bank account transfer,9.17,-0.13,9.04,3.67,-0.13,3.54
513212807,2021_1Q,2021,2021.0,KENUGA,KEN,UGA,ChipperCash,Money Transfer Operator,Internet,Less than one hour,0.5,yes,High,mobile wallet,Mobile money,0.0,3.98,3.98,0.0,3.98,3.98
513212808,2021_1Q,2021,2021.0,KENUGA,KEN,UGA,Citibank,Bank,"Bank branch,Call Center,Internet",Next day,24.0,yes,High,bank account,Bank account transfer,10.0,0.05,10.05,4.0,0.05,4.05
513212809,2021_1Q,2021,2021.0,KENUGA,KEN,UGA,Dahabshiil,Money Transfer Operator,Agent,Same day,12.0,yes,Low,cash,"Cash,Debit/credit card",6.98,0.59,7.57,6.98,0.59,7.57
513212810,2021_1Q,2021,2021.0,KENUGA,KEN,UGA,Development Bank of Kenya,Bank,"Bank branch,Call Center,Internet",Next day,24.0,yes,High,bank account,Bank account transfer,11.41,2.01,13.42,4.74,2.01,6.75
513212811,2021_1Q,2021,2021.0,KENUGA,KEN,UGA,Ecobank,Bank,Bank branch,Same day,12.0,yes,Low,cash,Cash,15.0,0.03,15.03,6.0,0.03,6.03
513212812,2021_1Q,2021,2021.0,KENUGA,KEN,UGA,EcoBank Rapid Transfer,Money Transfer Operator,"Bank branch,Internet",Same day,12.0,yes,Medium,cash,"Bank account transfer,Cash",9.72,4.35,14.07,4.780000000000001,4.35,9.13
513212813,2021_1Q,2021,2021.0,KENUGA,KEN,UGA,EverSend,Money Transfer Operator,Internet,Less than one hour,0.5,yes,High,mobile wallet,"Debit/credit card,Mobile money",1.1600000000000001,2.15,3.31,1.1600000000000001,2.15,3.31
513212814,2021_1Q,2021,2021.0,KENUGA,KEN,UGA,GT Bank,Bank,"Bank branch,Call Center,Internet",Next day,24.0,yes,High,bank account,Bank account transfer,9.17,1.74,10.91,3.67,1.74,5.41
513212815,2021_1Q,2021,2021.0,KENUGA,KEN,UGA,KCB,Bank,"Bank branch,Call Center,Internet",Next day,24.0,yes,High,bank account,Bank account transfer,12.22,2.78,15.0,4.890000000000001,2.78,7.67
513212816,2021_1Q,2021,2021.0,KENUGA,KEN,UGA,MoneyGram,Money Transfer Operator,Agent,Less than one hour,0.5,yes,High,cash,Cash,1.9399999999999995,2.08,4.02,1.2199999999999998,2.08,3.3
513212817,2021_1Q,2021,2021.0,KENUGA,KEN,UGA,M-Pesa,Mobile Operator,Mobile phone,Less than one hour,0.5,yes,High,cash,Mobile money,0.56,1.2,1.76,0.25,1.2,1.45
513212818,2021_1Q,2021,2021.0,KENUGA,KEN,UGA,Posta Kenya,Post office,Post Office branch,2 days,48.0,yes,High,cash,Cash,9.67,0.95,10.62,6.4399999999999995,0.95,7.39
513212819,2021_1Q,2021,2021.0,KENUGA,KEN,UGA,Spire Bank,Bank,"Bank branch,Call Center,Internet",Next day,24.0,yes,High,bank account,Bank account transfer,9.17,3.36,12.53,3.6700000000000004,3.36,7.03
513212820,2021_1Q,2021,2021.0,KENUGA,KEN,UGA,UBA Africash,Bank,Bank branch,Less than one hour,0.5,yes,Medium,cash,Cash,2.8600000000000003,2.8,5.66,1.8600000000000003,2.8,4.66
513212821,2021_1Q,2021,2021.0,KENUGA,KEN,UGA,United Bank for Africa (UBA),Bank,"Bank branch,Call Center,Internet",Next day,24.0,yes,High,bank account,Bank account transfer,9.17,-0.04,9.13,3.67,-0.04,3.63
513212822,2021_1Q,2021,2021.0,KENUGA,KEN,UGA,Western Union,Money Transfer Operator,Agent,Less than one hour,0.5,yes,High,cash,Cash,7.33,0.38,7.71,5.86,0.38,6.24
513213639,2021_1Q,2021,2021.0,RWAKEN,RWA,KEN,Ecobank RapidCash,Bank,"Bank branch,Internet",Next day,24.0,yes,High,bank account,Bank account transfer,5.109999999999999,6.24,11.35,3.7799999999999994,6.24,10.02
513213640,2021_1Q,2021,2021.0,RWAKEN,RWA,KEN,KCB,Bank,Bank branch,Same day,12.0,yes,High,own/partner bank account,Cash,1.0,6.24,7.24,1.0,6.24,7.24
513213641,2021_1Q,2021,2021.0,RWAKEN,RWA,KEN,KCB,Bank,Bank branch,Next day,24.0,yes,High,own/partner bank account,Bank account transfer,0.5,6.24,6.74,0.5,6.24,6.74
513213642,2021_1Q,2021,2021.0,RWAKEN,RWA,KEN,Maico Money Transfer,Money Transfer Operator,Agent,Less than one hour,0.5,yes,High,cash,Cash,4.999999999999999,3.87,8.87,4.999999999999999,3.87,8.87
513213643,2021_1Q,2021,2021.0,RWAKEN,RWA,KEN,MoneyGram,Money Transfer Operator,Agent,Less than one hour,0.5,yes,High,cash,Cash,7.33,1.35,8.68,5.869999999999999,1.35,7.22
513213644,2021_1Q,2021,2021.0,RWAKEN,RWA,KEN,MTN Mobile Money,Mobile Operator,Mobile phone,Less than one hour,0.5,no,High,mobile wallet,Mobile money,3.33,0.0,3.33,3.2,0.0,3.2
513213645,2021_1Q,2021,2021.0,RWAKEN,RWA,KEN,Western Union,Money Transfer Operator,Agent,Less than one hour,0.5,yes,High,cash,Cash,12.579999999999998,3.87,16.45,9.0,3.87,12.87
513213646,2021_1Q,2021,2021.0,RWAKEN,RWA,KEN,Western Union,Money Transfer Operator,Agent,Less than one hour,0.5,yes,High,cash,Cash,4.72,5.05,9.77,2.83,5.05,7.88
513213647,2021_1Q,2021,2021.0,RWAKEN,RWA,KEN,Western Union,Money Transfer Operator,Internet,2 days,48.0,yes,High,mobile wallet,Bank account transfer,4.720000000000001,1.44,6.16,2.8400000000000003,1.44,4.28
513213648,2021_1Q,2021,2021.0,RWAKEN,RWA,KEN,WorldRemit,Money Transfer Operator,Internet,Less than one hour,0.5,yes,High,cash,Debit/credit card,2.93,1.35,4.28,1.6400000000000001,1.35,2.99
513214083,2021_1Q,2021,2021.0,TZAKEN,TZA,KEN,EcoBank Rapid Transfer,Money Transfer Operator,"Bank branch,Internet",Same day,12.0,yes,High,cash,"Bank account transfer,Cash",3.6,2.81,6.41,3.6,2.81,6.41
513214084,2021_1Q,2021,2021.0,TZAKEN,TZA,KEN,KCB,Bank,"Bank branch,Call Center",Less than one hour,0.5,yes,High,bank account,Bank account transfer,25.0,5.64,30.64,10.0,5.64,15.64
513214085,2021_1Q,2021,2021.0,TZAKEN,TZA,KEN,MoneyGram,Money Transfer Operator,Agent,Less than one hour,0.5,yes,High,cash,Cash,5.4,2.28,7.68,4.630000000000001,2.28,6.91
513214086,2021_1Q,2021,2021.0,TZAKEN,TZA,KEN,M-Pesa,Mobile Operator,Mobile phone,Less than one hour,0.5,yes,High,mobile wallet,Mobile money,2.62,4.76,7.38,1.42,4.76,6.18
513214087,2021_1Q,2021,2021.0,TZAKEN,TZA,KEN,NBC,Bank,"Bank branch,Call Center",Next day,24.0,yes,High,bank account,Bank account transfer,37.5,9.25,46.75,15.0,9.25,24.25
513214088,2021_1Q,2021,2021.0,TZAKEN,TZA,KEN,Stanbic Bank,Bank,"Bank branch,Call Center",Next day,24.0,yes,High,bank account,Bank account transfer,26.5,5.18,31.68,10.6,5.18,15.78
513214089,2021_1Q,2021,2021.0,TZAKEN,TZA,KEN,Western Union,Money Transfer Operator,Agent,Less than one hour,0.5,yes,High,cash,Cash,1.3900000000000001,0.81,2.2,3.02,0.81,3.83
513214090,2021_1Q,2021,2021.0,TZARWA,TZA,RWA,EcoBank Rapid Transfer,Money Transfer Operator,"Bank branch,Internet",Same day,12.0,yes,Medium,cash,"Bank account transfer,Cash",3.6,3.02,6.62,3.6,3.02,6.62
513214091,2021_1Q,2021,2021.0,TZARWA,TZA,RWA,KCB,Bank,"Bank branch,Call Center",Less than one hour,0.5,yes,High,bank account,Bank account transfer,25.000000000000004,17.24,42.24,10.0,17.24,27.24
513214092,2021_1Q,2021,2021.0,TZARWA,TZA,RWA,MoneyGram,Money Transfer Operator,Agent,Less than one hour,0.5,yes,High,cash,Cash,5.39,4.45,9.84,4.62,4.45,9.07
513214093,2021_1Q,2021,2021.0,TZARWA,TZA,RWA,NMB (National Microfinance Bank),Non-Bank FI,"Bank branch,Call Center",Next day,24.0,yes,High,bank account,Bank account transfer,29.000000000000004,11.84,40.84,11.600000000000001,11.84,23.44
513214094,2021_1Q,2021,2021.0,TZARWA,TZA,RWA,Tigo,Mobile Operator,Mobile phone,Less than one hour,0.5,yes,High,mobile wallet,Mobile money,0.71,-0.13,0.58,0.53,-0.13,0.4
513214095,2021_1Q,2021,2021.0,TZARWA,TZA,RWA,Western Union,Money Transfer Operator,Agent,Less than one hour,0.5,yes,High,cash,Cash,1.3899999999999997,5.83,7.22,3.0199999999999996,5.83,8.85
513214096,2021_1Q,2021,2021.0,TZAUGA,TZA,UGA,EcoBank Rapid Transfer,Money Transfer Operator,"Bank branch,Internet",Same day,12.0,yes,Medium,cash,"Bank account transfer,Cash",3.5999999999999996,2.96,6.56,3.5999999999999996,2.96,6.56
513214097,2021_1Q,2021,2021.0,TZAUGA,TZA,UGA,KCB,Bank,"Bank branch,Call Center",Less than one hour,0.5,yes,High,bank account,Bank account transfer,25.0,14.46,39.46,10.0,14.46,24.46
513214098,2021_1Q,2021,2021.0,TZAUGA,TZA,UGA,MoneyGram,Money Transfer Operator,Agent,Less than one hour,0.5,yes,High,cash,Cash,5.4,2.26,7.66,4.63,2.26,6.89
513214099,2021_1Q,2021,2021.0,TZAUGA,TZA,UGA,NBC,Bank,"Bank branch,Call Center",Next day,24.0,yes,High,bank account,Bank account transfer,37.5,4.27,41.77,15.0,4.27,19.27
513214100,2021_1Q,2021,2021.0,TZAUGA,TZA,UGA,NMB (National Microfinance Bank),Non-Bank FI,"Bank branch,Call Center",Next day,24.0,yes,High,bank account,Bank account transfer,29.0,2.94,31.94,11.6,2.94,14.54
513214101,2021_1Q,2021,2021.0,TZAUGA,TZA,UGA,Stanbic Bank,Bank,"Bank branch,Call Center",Next day,24.0,yes,High,bank account,Bank account transfer,26.5,5.79,32.29,10.600000000000001,5.79,16.39
513214102,2021_1Q,2021,2021.0,TZAUGA,TZA,UGA,Western Union,Money Transfer Operator,Agent,Less than one hour,0.5,yes,High,cash,Cash,1.39,0.24,1.63,3.0199999999999996,0.24,3.26
927210042,2021_2Q,2021,2021.25,TZAKEN,TZA,KEN,KCB,Bank,Bank branch,2 days,48.0,yes,High,bank account,Bank account transfer,36.03,5.35,41.38,14.42,5.35,19.77
927210043,2021_2Q,2021,2021.25,TZAKEN,TZA,KEN,KCB,Bank,Call Center,2 days,48.0,yes,High,bank account,Bank account transfer,36.02,5.4,41.42,14.409999999999998,5.4,19.81
927210111,2021_2Q,2021,2021.25,KENRWA,KEN,RWA,Ecobank,Bank,Bank branch,2 days,48.0,yes,Medium,cash,Cash,1.67,-2.77,-1.1,0.6699999999999999,-2.77,-2.1
927210112,2021_2Q,2021,2021.25,KENUGA,KEN,UGA,GT Bank,Bank,"Bank branch,Call Center",2 days,48.0,yes,High,bank account,Bank account transfer,10.0,2.0,12.0,4.0,2.0,6.0
927210113,2021_2Q,2021,2021.25,KENUGA,KEN,UGA,GT Bank,Bank,Internet,2 days,48.0,yes,High,bank account,Bank account transfer,10.0,2.09,12.09,4.0,2.09,6.09
927210114,2021_2Q,2021,2021.25,KENUGA,KEN,UGA,Spire Bank,Bank,"Bank branch,Call Center,Internet",2 days,48.0,yes,High,bank account,Bank account transfer,10.0,2.09,12.09,4.0,2.09,6.09
927210115,2021_2Q,2021,2021.25,KENUGA,KEN,UGA,KCB,Bank,"Bank branch,Call Center,Internet",2 days,48.0,yes,High,bank account,Bank account transfer,11.11,0.83,11.94,4.4399999999999995,0.83,5.27
927210116,2021_2Q,2021,2021.25,KENUGA,KEN,UGA,ABC Bank,Money Transfer Operator,"Bank branch,Call Center,Internet",2 days,48.0,yes,High,bank account,Bank account transfer,10.0,0.74,10.74,4.0,0.74,4.74
927210117,2021_2Q,2021,2021.25,KENUGA,KEN,UGA,Ecobank,Bank,Bank branch,2 days,48.0,yes,Low,cash,Cash,1.67,-2.77,-1.1,0.6699999999999999,-2.77,-2.1
927210177,2021_2Q,2021,2021.25,TZAKEN,TZA,KEN,NBC,Bank,Bank branch,2 days,48.0,yes,High,bank account,Bank account transfer,61.290000000000006,9.91,71.2,24.52,9.91,34.43
927210178,2021_2Q,2021,2021.25,TZAKEN,TZA,KEN,NBC,Bank,Call Center,2 days,48.0,yes,High,bank account,Bank account transfer,61.28999999999999,9.95,71.24,24.52,9.95,34.47
927210179,2021_2Q,2021,2021.25,TZAKEN,TZA,KEN,Stanbic Bank,Bank,Bank branch,2 days,48.0,yes,High,bank account,Bank account transfer,24.259999999999998,9.06,33.32,11.51,9.06,20.57
927210180,2021_2Q,2021,2021.25,TZAKEN,TZA,KEN,Stanbic Bank,Bank,Call Center,2 days,48.0,yes,High,bank account,Bank account transfer,24.25,9.15,33.4,11.499999999999998,9.15,20.65
927210181,2021_2Q,2021,2021.25,TZARWA,TZA,RWA,KCB,Bank,"Bank branch,Call Center",2 days,48.0,yes,High,bank account,Bank account transfer,36.019999999999996,11.88,47.9,14.409999999999998,11.88,26.29
927210182,2021_2Q,2021,2021.25,TZARWA,TZA,RWA,NMB (National Microfinance Bank),Non-Bank FI,Bank branch,2 days,48.0,yes,High,bank account,Bank account transfer,32.42,11.48,43.9,12.969999999999999,11.48,24.45
927210183,2021_2Q,2021,2021.25,TZARWA,TZA,RWA,NMB (National Microfinance Bank),Non-Bank FI,Call Center,2 days,48.0,yes,High,bank account,Bank account transfer,32.419999999999995,11.88,44.3,12.97,11.88,24.85
927210184,2021_2Q,2021,2021.25,TZAUGA,TZA,UGA,KCB,Bank,Call Center,2 days,48.0,yes,High,bank account,Bank account transfer,36.019999999999996,2.7,38.72,14.41,2.7,17.11
927210185,2021_2Q,2021,2021.25,TZAUGA,TZA,UGA,KCB,Bank,Bank branch,2 days,48.0,yes,High,bank account,Bank account transfer,36.02,2.73,38.75,14.41,2.73,17.14
927210186,2021_2Q,2021,2021.25,TZAUGA,TZA,UGA,NBC,Bank,"Bank branch,Call Center",2 days,48.0,yes,High,bank account,Bank account transfer,61.29,2.76,64.05,24.520000000000003,2.76,27.28
927210187,2021_2Q,2021,2021.25,TZAUGA,TZA,UGA,NMB (National Microfinance Bank),Non-Bank FI,"Bank branch,Call Center",2 days,48.0,yes,High,bank account,Bank account transfer,32.42,2.73,35.15,12.969999999999999,2.73,15.7
927210188,2021_2Q,2021,2021.25,TZAUGA,TZA,UGA,Stanbic Bank,Bank,Bank branch,2 days,48.0,yes,High,bank account,Bank account transfer,24.25,2.73,26.98,11.5,2.73,14.23
927210189,2021_2Q,2021,2021.25,TZAUGA,TZA,UGA,Stanbic Bank,Bank,Call Center,2 days,48.0,yes,High,bank account,Bank account transfer,24.26,2.75,27.01,11.51,2.75,14.26
927210388,2021_2Q,2021,2021.25,KENTZA,KEN,TZA,ABC Bank,Money Transfer Operator,"Bank branch,Call Center,Internet",2 days,48.0,yes,Medium,bank account,Bank account transfer,10.0,0.74,10.74,4.0,0.74,4.74
927210389,2021_2Q,2021,2021.25,KENTZA,KEN,TZA,Ecobank,Bank,Bank branch,2 days,48.0,yes,Low,cash,Cash,1.67,-2.77,-1.1,0.6699999999999999,-2.77,-2.1
927210390,2021_2Q,2021,2021.25,KENTZA,KEN,TZA,Spire Bank,Bank,"Bank branch,Call Center,Internet",2 days,48.0,yes,Medium,bank account,Bank account transfer,10.0,2.09,12.09,4.0,2.09,6.09
927210391,2021_2Q,2021,2021.25,KENTZA,KEN,TZA,GT Bank,Bank,"Bank branch,Call Center,Internet",2 days,48.0,yes,Medium,bank account,Bank account transfer,10.0,2.0,12.0,4.0,2.0,6.0
927210392,2021_2Q,2021,2021.25,KENTZA,KEN,TZA,KCB,Bank,"Bank branch,Call Center,Internet",2 days,48.0,yes,Medium,bank account,Bank account transfer,11.11,0.83,11.94,4.4399999999999995,0.83,5.27
927210482,2021_2Q,2021,2021.25,KENSSD,KEN,SSD,ABC Bank,Money Transfer Operator,Bank branch,2 days,48.0,yes,Low,bank account,Bank account transfer,0.6000000000000001,0.74,1.34,0.24,0.74,0.98
927210483,2021_2Q,2021,2021.25,KENSSD,KEN,SSD,ABC Bank,Money Transfer Operator,"Call Center,Internet",2 days,48.0,yes,Low,bank account,Bank account transfer,10.0,0.74,10.74,4.0,0.74,4.74
927210484,2021_2Q,2021,2021.25,KENSSD,KEN,SSD,Ecobank,Bank,Bank branch,2 days,48.0,yes,Low,bank account,Cash,1.67,-2.77,-1.1,0.6699999999999999,-2.77,-2.1
927210485,2021_2Q,2021,2021.25,KENSSD,KEN,SSD,Spire Bank,Bank,"Bank branch,Call Center,Internet",2 days,48.0,yes,Low,bank account,Bank account transfer,10.0,2.09,12.09,4.0,2.09,6.09
927210486,2021_2Q,2021,2021.25,KENSSD,KEN,SSD,GT Bank,Bank,"Call Center,Internet",2 days,48.0,yes,Low,bank account,Bank account transfer,10.0,2.0,12.0,4.0,2.0,6.0
927210487,2021_2Q,2021,2021.25,KENSSD,KEN,SSD,GT Bank,Bank,Bank branch,2 days,48.0,yes,Low,bank account,Bank account transfer,10.0,2.09,12.09,4.0,2.09,6.09
927210488,2021_2Q,2021,2021.25,KENSSD,KEN,SSD,KCB,Bank,"Bank branch,Call Center,Internet",2 days,48.0,yes,Low,bank account,Bank account transfer,11.11,0.83,11.94,4.4399999999999995,0.83,5.27
927211547,2021_2Q,2021,2021.25,KENRWA,KEN,RWA,MoneyGram,Money Transfer Operator,Agent,Less than one hour,0.5,yes,High,cash,Cash,2.33,5.5,7.83,0.9299999999999997,5.5,6.43
927211548,2021_2Q,2021,2021.25,KENRWA,KEN,RWA,Western Union,Money Transfer Operator,Agent,Less than one hour,0.5,yes,High,cash,Cash,1.2000000000000002,2.0,3.2,0.48,2.0,2.48
927211549,2021_2Q,2021,2021.25,KENUGA,KEN,UGA,Development Bank of Kenya,Bank,"Bank branch,Call Center,Internet",Less than one hour,0.5,yes,High,bank account,Bank account transfer,22.47,1.92,24.39,10.07,1.92,11.99
927211550,2021_2Q,2021,2021.25,KENUGA,KEN,UGA,UBA Africash,Bank,Bank branch,Less than one hour,0.5,yes,Medium,cash,Cash,3.8000000000000003,1.19,4.99,2.6,1.19,3.79
927211551,2021_2Q,2021,2021.25,KENUGA,KEN,UGA,MoneyGram,Money Transfer Operator,Agent,Less than one hour,0.5,yes,High,cash,Cash,1.9399999999999995,8.82,10.76,1.2199999999999989,8.82,10.04
927211552,2021_2Q,2021,2021.25,KENUGA,KEN,UGA,MoneyGram,Money Transfer Operator,Agent,Less than one hour,0.5,yes,High,mobile wallet,Cash,2.33,2.75,5.08,0.9300000000000002,2.75,3.68
927211553,2021_2Q,2021,2021.25,KENUGA,KEN,UGA,Western Union,Money Transfer Operator,Agent,Less than one hour,0.5,yes,High,cash,Cash,1.2000000000000002,2.0,3.2,1.2000000000000002,2.0,3.2
927211590,2021_2Q,2021,2021.25,TZAKEN,TZA,KEN,MoneyGram,Money Transfer Operator,Agent,Less than one hour,0.5,yes,High,cash,Cash,5.390000000000001,2.34,7.73,4.62,2.34,6.96
927211591,2021_2Q,2021,2021.25,TZARWA,TZA,RWA,MoneyGram,Money Transfer Operator,Agent,Less than one hour,0.5,yes,High,cash,Cash,5.389999999999999,4.65,10.04,4.619999999999999,4.65,9.27
927211592,2021_2Q,2021,2021.25,TZAUGA,TZA,UGA,MoneyGram,Money Transfer Operator,Agent,Less than one hour,0.5,yes,High,cash,Cash,5.39,2.24,7.63,4.62,2.24,6.86
927211874,2021_2Q,2021,2021.25,TZAKEN,TZA,KEN,M-Pesa,Mobile Operator,Mobile phone,Less than one hour,0.5,yes,High,mobile wallet,Mobile money,0.7000000000000002,4.81,5.51,0.5300000000000002,4.81,5.34
927211978,2021_2Q,2021,2021.25,KENTZA,KEN,TZA,Development Bank of Kenya,Bank,"Bank branch,Call Center,Internet",Less than one hour,0.5,yes,Medium,bank account,Bank account transfer,22.47,1.92,24.39,10.07,1.92,11.99
927211979,2021_2Q,2021,2021.25,KENTZA,KEN,TZA,MoneyGram,Money Transfer Operator,Agent,Less than one hour,0.5,yes,High,cash,Cash,1.9499999999999993,20.89,22.84,1.2300000000000004,20.89,22.12
927211980,2021_2Q,2021,2021.25,KENTZA,KEN,TZA,MoneyGram,Money Transfer Operator,Agent,Less than one hour,0.5,yes,High,mobile wallet,Cash,2.34,2.96,5.3,0.94,2.96,3.9
927211981,2021_2Q,2021,2021.25,KENTZA,KEN,TZA,UBA Africash,Bank,Bank branch,Less than one hour,0.5,yes,Medium,cash,Cash,3.8000000000000003,1.15,4.95,2.6,1.15,3.75
927211982,2021_2Q,2021,2021.25,KENTZA,KEN,TZA,Western Union,Money Transfer Operator,Agent,Less than one hour,0.5,yes,High,cash,Cash,1.2000000000000002,2.0,3.2,1.2000000000000002,2.0,3.2
927212163,2021_2Q,2021,2021.25,KENSSD,KEN,SSD,Development Bank of Kenya,Bank,"Bank branch,Call Center,Internet",Less than one hour,0.5,yes,Low,bank account,Bank account transfer,22.47,1.92,24.39,10.07,1.92,11.99
927212164,2021_2Q,2021,2021.25,KENSSD,KEN,SSD,MoneyGram,Money Transfer Operator,Agent,Less than one hour,0.5,yes,High,mobile wallet,Cash,2.33,2.0,4.33,0.9300000000000002,2.0,2.93
927212165,2021_2Q,2021,2021.25,KENSSD,KEN,SSD,MoneyGram,Money Transfer Operator,Agent,Less than one hour,0.5,yes,High,cash,Cash,2.3300000000000005,3.07,5.4,0.9300000000000002,3.07,4.0
927212166,2021_2Q,2021,2021.25,KENSSD,KEN,SSD,Western Union,Money Transfer Operator,Agent,Less than one hour,0.5,yes,Low,cash,Cash,1.2000000000000002,2.0,3.2,1.2000000000000002,2.0,3.2
927212222,2021_2Q,2021,2021.25,RWAKEN,RWA,KEN,Ecobank RapidCash,Bank,Bank branch,Less than one hour,0.5,yes,High,bank account,Bank account transfer,11.0,7.52,18.52,5.0,7.52,12.52
927212223,2021_2Q,2021,2021.25,RWAKEN,RWA,KEN,MTN Mobile Money,Mobile Operator,Mobile phone,Less than one hour,0.5,yes,High,mobile wallet,Mobile money,0.16000000000000014,4.84,5.0,0.40000000000000036,4.83,5.23
927212224,2021_2Q,2021,2021.25,RWAKEN,RWA,KEN,Western Union,Money Transfer Operator,Agent,Less than one hour,0.5,yes,High,cash,Cash,4.0,3.49,7.49,2.3999999999999995,3.49,5.89
927212294,2021_2Q,2021,2021.25,KENRWA,KEN,RWA,M-Pesa,Mobile Operator,Mobile phone,Less than one hour,0.5,yes,High,cash,Mobile money,1.6,0.0,1.6,0.69,0.0,0.69
927212295,2021_2Q,2021,2021.25,KENTZA,KEN,TZA,M-Pesa,Mobile Operator,Mobile phone,Less than one hour,0.5,yes,High,cash,Mobile money,1.9400000000000013,18.65,20.59,1.110000000000003,18.65,19.76
927212296,2021_2Q,2021,2021.25,KENTZA,KEN,TZA,M-Pesa,Mobile Operator,Mobile phone,Less than one hour,0.5,yes,High,mobile wallet,Mobile money,1.9499999999999993,20.04,21.99,1.120000000000001,20.04,21.16
927212297,2021_2Q,2021,2021.25,KENUGA,KEN,UGA,M-Pesa,Mobile Operator,Mobile phone,Less than one hour,0.5,yes,High,cash,Mobile money,1.6000000000000005,2.63,4.23,0.6800000000000002,2.63,3.31
927212302,2021_2Q,2021,2021.25,TZARWA,TZA,RWA,Tigo,Mobile Operator,Mobile phone,Less than one hour,0.5,yes,High,mobile wallet,Mobile money,0.7000000000000002,5.7,6.4,0.6499999999999995,5.7,6.35
927212776,2021_2Q,2021,2021.25,KENRWA,KEN,RWA,Dahabshiil,Money Transfer Operator,Agent,Less than one hour,0.5,yes,Low,cash,Cash,2.4,1.38,3.78,2.4,1.38,3.78
927212777,2021_2Q,2021,2021.25,KENSSD,KEN,SSD,Dahabshiil,Money Transfer Operator,Agent,Less than one hour,0.5,yes,Low,cash,Cash,2.4,1.38,3.78,2.4,1.38,3.78
927212778,2021_2Q,2021,2021.25,KENTZA,KEN,TZA,Dahabshiil,Money Transfer Operator,Agent,Less than one hour,0.5,yes,Low,cash,Cash,2.4,1.38,3.78,2.4,1.38,3.78
927212779,2021_2Q,2021,2021.25,KENUGA,KEN,UGA,Dahabshiil,Money Transfer Operator,Agent,Less than one hour,0.5,yes,Low,cash,Cash,2.4,1.38,3.78,2.4,1.38,3.78
927213343,2021_2Q,2021,2021.25,RWAKEN,RWA,KEN,Maico Money Transfer,Money Transfer Operator,Agent,Less than one hour,0.5,yes,High,cash,Cash,4.02,4.23,8.25,3.4899999999999993,4.23,7.72
927213433,2021_2Q,2021,2021.25,RWAKEN,RWA,KEN,WorldRemit,Money Transfer Operator,Internet,Less than one hour,0.5,yes,High,mobile wallet,"Credit Card,Debit card",2.94,0.85,3.79,1.6400000000000001,0.85,2.49
927213434,2021_2Q,2021,2021.25,RWAKEN,RWA,KEN,WorldRemit,Money Transfer Operator,Internet,Less than one hour,0.5,yes,High,cash,"Credit Card,Debit card",2.94,0.98,3.92,1.6400000000000001,0.98,2.62
927214597,2021_2Q,2021,2021.25,TZAKEN,TZA,KEN,Western Union,Money Transfer Operator,Agent,Same day,12.0,yes,High,cash,Cash,10.200000000000001,2.68,12.88,4.08,2.69,6.77
927214598,2021_2Q,2021,2021.25,TZARWA,TZA,RWA,Western Union,Money Transfer Operator,Agent,Same day,12.0,yes,High,cash,Cash,10.2,1.82,12.02,4.08,3.87,7.95
927214599,2021_2Q,2021,2021.25,TZAUGA,TZA,UGA,Western Union,Money Transfer Operator,Agent,Same day,12.0,yes,High,cash,Cash,10.200000000000003,6.06,16.26,4.080000000000001,6.06,10.14
927214866,2021_2Q,2021,2021.25,RWAKEN,RWA,KEN,KCB,Bank,Bank branch,Same day,12.0,yes,High,own/partner bank account,Cash,0.0,4.82,4.82,0.0,4.82,4.82
927214867,2021_2Q,2021,2021.25,RWAKEN,RWA,KEN,MoneyGram,Money Transfer Operator,Agent,Same day,12.0,yes,High,cash,Cash,8.649999999999999,2.97,11.62,6.92,2.97,9.89
927215199,2021_2Q,2021,2021.25,RWAKEN,RWA,KEN,KCB,Bank,Bank branch,Same day,12.0,yes,High,own/partner bank account,Bank account transfer,0.0,4.82,4.82,0.0,4.82,4.82
927215329,2021_2Q,2021,2021.25,KENUGA,KEN,UGA,United Bank for Africa (UBA),Bank,"Bank branch,Call Center,Internet",Next day,24.0,yes,High,bank account,Bank account transfer,9.17,-0.04,9.13,3.67,-0.04,3.63
927215380,2021_2Q,2021,2021.25,KENTZA,KEN,TZA,United Bank for Africa (UBA),Bank,"Bank branch,Call Center,Internet",Next day,24.0,yes,Medium,bank account,Bank account transfer,9.17,-0.04,9.13,3.67,-0.04,3.63
927215432,2021_2Q,2021,2021.25,KENSSD,KEN,SSD,United Bank for Africa (UBA),Bank,"Bank branch,Call Center,Internet",Next day,24.0,yes,Low,bank account,Bank account transfer,9.17,-0.04,9.13,3.67,-0.04,3.63
927215479,2021_2Q,2021,2021.25,KENRWA,KEN,RWA,EcoBank Rapid Transfer,Money Transfer Operator,"Bank branch,Internet",Same day,12.0,yes,Medium,cash,"Bank account transfer,Cash",9.72,2.99,12.71,4.779999999999999,2.99,7.77
927215480,2021_2Q,2021,2021.25,KENSSD,KEN,SSD,EcoBank Rapid Transfer,Money Transfer Operator,"Bank branch,Internet",Same day,12.0,yes,Low,cash,"Bank account transfer,Cash",9.72,4.35,14.07,4.780000000000001,4.35,9.13
927215481,2021_2Q,2021,2021.25,KENTZA,KEN,TZA,EcoBank Rapid Transfer,Money Transfer Operator,"Bank branch,Internet",Same day,12.0,yes,Medium,cash,"Bank account transfer,Cash",9.72,4.35,14.07,4.780000000000001,4.35,9.13
927215482,2021_2Q,2021,2021.25,KENUGA,KEN,UGA,EcoBank Rapid Transfer,Money Transfer Operator,"Bank branch,Internet",Same day,12.0,yes,Medium,cash,"Bank account transfer,Cash",9.72,4.35,14.07,4.780000000000001,4.35,9.13
927215483,2021_2Q,2021,2021.25,TZAKEN,TZA,KEN,EcoBank Rapid Transfer,Money Transfer Operator,"Bank branch,Internet",Same day,12.0,yes,High,cash,"Bank account transfer,Cash",3.6,2.81,6.41,3.6,2.81,6.41
927215484,2021_2Q,2021,2021.25,TZARWA,TZA,RWA,EcoBank Rapid Transfer,Money Transfer Operator,"Bank branch,Internet",Same day,12.0,yes,Medium,cash,"Bank account transfer,Cash",3.6,3.02,6.62,3.6,3.02,6.62
927215485,2021_2Q,2021,2021.25,TZAUGA,TZA,UGA,EcoBank Rapid Transfer,Money Transfer Operator,"Bank branch,Internet",Same day,12.0,yes,Medium,cash,"Bank account transfer,Cash",3.5999999999999996,2.96,6.56,3.5999999999999996,2.96,6.56
927215506,2021_2Q,2021,2021.25,KENRWA,KEN,RWA,EverSend,Money Transfer Operator,Internet,Less than one hour,0.5,yes,High,mobile wallet,"Credit Card,Debit card,Mobile money",1.17,1.88,3.05,1.17,1.88,3.05
927215507,2021_2Q,2021,2021.25,KENTZA,KEN,TZA,EverSend,Money Transfer Operator,Internet,Less than one hour,0.5,yes,High,mobile wallet,"Credit Card,Debit card,Mobile money",1.17,2.44,3.61,1.17,2.44,3.61
927215508,2021_2Q,2021,2021.25,KENUGA,KEN,UGA,EverSend,Money Transfer Operator,Internet,Less than one hour,0.5,yes,High,mobile wallet,"Credit Card,Debit card,Mobile money",1.1600000000000001,2.15,3.31,1.1600000000000001,2.15,3.31
203222486,2021_3Q,2021,2021.5,TZAKEN,TZA,KEN,EcoBank Rapid Transfer,Money Transfer Operator,"Bank branch,Internet",Same day,12.0,yes,High,cash,"Bank account transfer,Cash",3.6,2.81,6.41,3.6,2.81,6.41
203222491,2021_3Q,2021,2021.5,RWAKEN,RWA,KEN,WorldRemit,Money Transfer Operator,Internet,Less than one hour,0.5,yes,High,cash,Credit Card,2.9299999999999997,1.17,4.1,1.6400000000000001,0.92,2.56
203222492,2021_3Q,2021,2021.5,RWAKEN,RWA,KEN,WorldRemit,Money Transfer Operator,Internet,Less than one hour,0.5,yes,High,cash,Debit card,2.9299999999999997,1.17,4.1,1.6400000000000001,1.17,2.81
203222493,2021_3Q,2021,2021.5,RWAKEN,RWA,KEN,WorldRemit,Money Transfer Operator,Internet,Less than one hour,0.5,yes,High,mobile wallet,Debit/credit card,2.9399999999999995,1.2,4.14,1.64,1.2,2.84
203222496,2021_3Q,2021,2021.5,RWAKEN,RWA,KEN,Maico Money Transfer,Money Transfer Operator,Agent,Less than one hour,0.5,yes,High,cash,Cash,4.029999999999999,3.35,7.38,4.029999999999999,3.35,7.38
203222506,2021_3Q,2021,2021.5,RWAKEN,RWA,KEN,KCB,Bank,Bank branch,2 days,48.0,yes,High,own/partner bank account,Bank account transfer,0.0,5.22,5.22,0.0,5.22,5.22
203222510,2021_3Q,2021,2021.5,TZAKEN,TZA,KEN,EcoBank Rapid Transfer,Money Transfer Operator,Internet,Less than one hour,0.5,yes,High,cash,Bank account transfer,4.56,4.12,8.68,4.56,4.12,8.68
203222548,2021_3Q,2021,2021.5,RWAKEN,RWA,KEN,Western Union,Money Transfer Operator,Agent,Less than one hour,0.5,yes,High,cash,Cash,3.999999999999999,4.04,8.04,2.29,4.04,6.33
203222549,2021_3Q,2021,2021.5,RWAKEN,RWA,KEN,MTN Mobile Money,Mobile Operator,Mobile phone,Less than one hour,0.5,yes,High,mobile wallet,Mobile money,0.16999999999999993,5.14,5.31,0.40000000000000036,5.14,5.54
203222550,2021_3Q,2021,2021.5,RWAKEN,RWA,KEN,MoneyGram,Money Transfer Operator,Agent,Same day,12.0,yes,High,cash,Cash,7.33,0.4,7.73,5.859999999999999,0.4,6.26
203222551,2021_3Q,2021,2021.5,RWAKEN,RWA,KEN,KCB,Bank,Bank branch,2 days,48.0,yes,High,own/partner bank account,Cash,0.0,5.18,5.18,0.0,5.18,5.18
203222552,2021_3Q,2021,2021.5,RWAKEN,RWA,KEN,Ecobank RapidCash,Bank,Bank branch,Same day,12.0,yes,High,bank account,Bank account transfer,0.0,2.91,2.91,0.0,2.91,2.91
203222553,2021_3Q,2021,2021.5,RWAKEN,RWA,KEN,Ecobank RapidCash,Bank,Internet,Same day,12.0,yes,High,bank account,Bank account transfer,0.0,3.18,3.18,0.0,3.18,3.18
203222568,2021_3Q,2021,2021.5,TZAKEN,TZA,KEN,M-Pesa,Mobile Operator,Mobile phone,Less than one hour,0.5,yes,High,mobile wallet,Mobile money,4.5200000000000005,4.71,9.23,4.5200000000000005,4.71,9.23
203222581,2021_3Q,2021,2021.5,TZAKEN,TZA,KEN,MoneyGram,Money Transfer Operator,Agent,Less than one hour,0.5,yes,High,cash,Cash,5.390000000000001,2.69,8.08,4.619999999999999,2.69,7.31
203222582,2021_3Q,2021,2021.5,TZAKEN,TZA,KEN,Western Union,Money Transfer Operator,Agent,Less than one hour,0.5,yes,High,cash,Cash,10.82,4.56,15.38,4.330000000000001,4.56,8.89
203222583,2021_3Q,2021,2021.5,TZAKEN,TZA,KEN,Stanbic Bank,Bank,Bank branch,Same day,12.0,yes,High,bank account,Bank account transfer,24.27,11.27,35.54,11.510000000000002,11.27,22.78
203222584,2021_3Q,2021,2021.5,TZAKEN,TZA,KEN,Stanbic Bank,Bank,Call Center,Same day,12.0,yes,High,bank account,Bank account transfer,24.259999999999998,11.28,35.54,11.500000000000002,11.28,22.78
203222585,2021_3Q,2021,2021.5,TZAKEN,TZA,KEN,NBC,Bank,Bank branch,2 days,48.0,yes,High,bank account,Bank account transfer,61.27,11.76,73.03,24.510000000000005,11.76,36.27
203222586,2021_3Q,2021,2021.5,TZAKEN,TZA,KEN,NBC,Bank,Call Center,2 days,48.0,yes,High,bank account,Bank account transfer,61.27,11.76,73.03,24.510000000000005,11.76,36.27
203222604,2021_3Q,2021,2021.5,TZAKEN,TZA,KEN,KCB,Bank,"Bank branch,Call Center",Same day,12.0,yes,High,bank account,Bank account transfer,35.73,6.64,42.37,14.29,6.64,20.93
203224504,2021_3Q,2021,2021.5,TZARWA,TZA,RWA,EcoBank Rapid Transfer,Money Transfer Operator,"Bank branch,Internet",Same day,12.0,yes,Medium,cash,"Bank account transfer,Cash",3.6,3.02,6.62,3.6,3.02,6.62
203224516,2021_3Q,2021,2021.5,TZARWA,TZA,RWA,EcoBank Rapid Transfer,Money Transfer Operator,Internet,Less than one hour,0.5,yes,Medium,cash,Bank account transfer,42.480000000000004,2.44,44.92,42.480000000000004,2.44,44.92
203224517,2021_3Q,2021,2021.5,KENRWA,KEN,RWA,EcoBank Rapid Transfer,Money Transfer Operator,"Bank branch,Internet",Less than one hour,0.5,yes,Medium,cash,"Bank account transfer,Cash",6.75,0.0,6.75,5.98,0.0,5.98
203224520,2021_3Q,2021,2021.5,KENRWA,KEN,RWA,Dahabshiil,Money Transfer Operator,Agent,Less than one hour,0.5,yes,Low,cash,Cash,2.4,1.13,3.53,2.0,1.13,3.13
203224527,2021_3Q,2021,2021.5,TZARWA,TZA,RWA,Tigo,Mobile Operator,Mobile phone,Less than one hour,0.5,yes,High,mobile wallet,Mobile money,0.7,0.07,0.77,0.6499999999999999,0.07,0.72
203224528,2021_3Q,2021,2021.5,KENRWA,KEN,RWA,M-Pesa,Mobile Operator,Mobile phone,Less than one hour,0.5,yes,High,cash,Mobile money,1.9500000000000002,3.33,5.28,1.1100000000000003,3.33,4.44
203224534,2021_3Q,2021,2021.5,TZARWA,TZA,RWA,Western Union,Money Transfer Operator,Agent,Same day,12.0,yes,High,cash,Cash,10.809999999999999,4.64,15.45,4.320000000000001,4.64,8.96
203224535,2021_3Q,2021,2021.5,TZARWA,TZA,RWA,MoneyGram,Money Transfer Operator,Agent,Less than one hour,0.5,yes,High,cash,Cash,5.390000000000001,4.99,10.38,4.619999999999999,4.99,9.61
203224536,2021_3Q,2021,2021.5,TZARWA,TZA,RWA,NMB (National Microfinance Bank),Non-Bank FI,"Bank branch,Call Center",Same day,12.0,yes,High,bank account,Bank account transfer,32.440000000000005,11.65,44.09,12.979999999999999,11.65,24.63
203224537,2021_3Q,2021,2021.5,TZARWA,TZA,RWA,KCB,Bank,"Bank branch,Call Center",Same day,12.0,yes,High,bank account,Bank account transfer,35.730000000000004,12.33,48.06,14.299999999999999,12.33,26.63
203224538,2021_3Q,2021,2021.5,KENRWA,KEN,RWA,Western Union,Money Transfer Operator,Agent,Less than one hour,0.5,yes,High,cash,Cash,1.2000000000000002,2.96,4.16,1.2000000000000002,2.96,4.16
203224539,2021_3Q,2021,2021.5,KENRWA,KEN,RWA,Ecobank,Bank,Bank branch,2 days,48.0,yes,Medium,cash,Cash,3.329999999999999,4.19,7.52,1.3299999999999992,4.19,5.52
203224540,2021_3Q,2021,2021.5,KENRWA,KEN,RWA,MoneyGram,Money Transfer Operator,Agent,Less than one hour,0.5,yes,High,cash,Cash,2.3400000000000003,3.61,5.95,1.4700000000000002,3.61,5.08
203224763,2021_3Q,2021,2021.5,KENSSD,KEN,SSD,EcoBank Rapid Transfer,Money Transfer Operator,"Bank branch,Internet",Less than one hour,0.5,yes,Low,cash,"Bank account transfer,Cash",6.75,4.23,10.98,5.98,4.23,10.21
203224767,2021_3Q,2021,2021.5,KENSSD,KEN,SSD,Dahabshiil,Money Transfer Operator,Agent,Less than one hour,0.5,yes,Low,cash,Cash,2.4,1.13,3.53,2.0,1.13,3.13
203224779,2021_3Q,2021,2021.5,KENSSD,KEN,SSD,Western Union,Money Transfer Operator,Agent,Less than one hour,0.5,yes,Low,cash,Cash,1.2000000000000002,2.96,4.16,1.2000000000000002,2.96,4.16
203224780,2021_3Q,2021,2021.5,KENSSD,KEN,SSD,United Bank for Africa (UBA),Bank,"Bank branch,Call Center,Internet",Less than one hour,0.5,yes,Low,bank account,Bank account transfer,3.33,4.38,7.71,1.33,4.38,5.71
203224781,2021_3Q,2021,2021.5,KENSSD,KEN,SSD,MoneyGram,Money Transfer Operator,Agent,Less than one hour,0.5,yes,High,cash,Cash,2.33,2.96,5.29,1.4699999999999998,2.96,4.43
203224782,2021_3Q,2021,2021.5,KENSSD,KEN,SSD,KCB,Bank,"Bank branch,Call Center,Internet",2 days,48.0,yes,Low,bank account,Bank account transfer,13.89,4.52,18.41,5.5600000000000005,4.52,10.08
203224783,2021_3Q,2021,2021.5,KENSSD,KEN,SSD,GT Bank,Bank,"Bank branch,Call Center,Internet",2 days,48.0,yes,Low,bank account,Bank account transfer,8.33,4.73,13.06,3.33,4.73,8.06
203224784,2021_3Q,2021,2021.5,KENSSD,KEN,SSD,Spire Bank,Bank,"Bank branch,Call Center,Internet",2 days,48.0,yes,Low,bank account,Bank account transfer,10.0,3.38,13.38,4.0,3.38,7.38
203224785,2021_3Q,2021,2021.5,KENSSD,KEN,SSD,Ecobank,Bank,Bank branch,2 days,48.0,yes,Low,bank account,Cash,3.329999999999999,4.19,7.52,1.3299999999999992,4.19,5.52
203224786,2021_3Q,2021,2021.5,KENSSD,KEN,SSD,Development Bank of Kenya,Bank,"Bank branch,Call Center,Internet",Same day,12.0,yes,Low,bank account,Bank account transfer,13.629999999999999,0.41,14.04,5.45,0.41,5.86
203224787,2021_3Q,2021,2021.5,KENSSD,KEN,SSD,ABC Bank,Money Transfer Operator,"Bank branch,Call Center,Internet",2 days,48.0,yes,Low,bank account,Bank account transfer,10.0,0.95,10.95,4.0,0.95,4.95
203225146,2021_3Q,2021,2021.5,KENTZA,KEN,TZA,EcoBank Rapid Transfer,Money Transfer Operator,"Bank branch,Internet",Less than one hour,0.5,yes,Medium,cash,"Bank account transfer,Cash",6.75,4.23,10.98,5.98,4.23,10.21
203225156,2021_3Q,2021,2021.5,KENTZA,KEN,TZA,M-Pesa,Mobile Operator,Mobile phone,Less than one hour,0.5,yes,High,cash,Mobile money,1.9400000000000002,0.24,2.18,1.11,0.24,1.35
203225163,2021_3Q,2021,2021.5,KENTZA,KEN,TZA,Western Union,Money Transfer Operator,Agent,Less than one hour,0.5,yes,High,cash,Cash,1.2000000000000002,2.96,4.16,1.2000000000000002,2.96,4.16
203225164,2021_3Q,2021,2021.5,KENTZA,KEN,TZA,United Bank for Africa (UBA),Bank,"Bank branch,Call Center,Internet",Less than one hour,0.5,yes,Medium,bank account,Bank account transfer,3.33,4.38,7.71,1.33,4.38,5.71
203225165,2021_3Q,2021,2021.5,KENTZA,KEN,TZA,UBA Africash,Bank,Bank branch,Next day,24.0,yes,Medium,cash,Cash,3.8899999999999997,4.38,8.27,1.5600000000000005,4.38,5.94
203225166,2021_3Q,2021,2021.5,KENTZA,KEN,TZA,MoneyGram,Money Transfer Operator,Agent,Less than one hour,0.5,yes,High,cash,Cash,2.3400000000000003,2.89,5.23,1.4700000000000002,2.89,4.36
203225167,2021_3Q,2021,2021.5,KENTZA,KEN,TZA,KCB,Bank,"Bank branch,Call Center,Internet",2 days,48.0,yes,Medium,bank account,Bank account transfer,13.89,4.52,18.41,5.5600000000000005,4.52,10.08
203225168,2021_3Q,2021,2021.5,KENTZA,KEN,TZA,GT Bank,Bank,"Bank branch,Call Center",2 days,48.0,yes,Medium,bank account,Bank account transfer,8.33,4.73,13.06,3.33,4.73,8.06
203225169,2021_3Q,2021,2021.5,KENTZA,KEN,TZA,GT Bank,Bank,Internet,2 days,48.0,yes,Medium,bank account,Bank account transfer,8.34,4.77,13.11,3.34,4.77,8.11
203225170,2021_3Q,2021,2021.5,KENTZA,KEN,TZA,Spire Bank,Bank,"Bank branch,Call Center,Internet",2 days,48.0,yes,Medium,bank account,Bank account transfer,10.0,3.38,13.38,4.0,3.38,7.38
203225171,2021_3Q,2021,2021.5,KENTZA,KEN,TZA,Ecobank,Bank,Bank branch,2 days,48.0,yes,Low,cash,Cash,3.329999999999999,4.19,7.52,1.3299999999999992,4.19,5.52
203225172,2021_3Q,2021,2021.5,KENTZA,KEN,TZA,Development Bank of Kenya,Bank,"Bank branch,Call Center,Internet",Same day,12.0,yes,Medium,bank account,Bank account transfer,13.629999999999999,0.41,14.04,5.45,0.41,5.86
203225173,2021_3Q,2021,2021.5,KENTZA,KEN,TZA,ABC Bank,Money Transfer Operator,"Bank branch,Call Center,Internet",2 days,48.0,yes,Medium,bank account,Bank account transfer,10.0,0.95,10.95,4.0,0.95,4.95
203225177,2021_3Q,2021,2021.5,TZAUGA,TZA,UGA,EcoBank Rapid Transfer,Money Transfer Operator,"Bank branch,Internet",Same day,12.0,yes,Medium,cash,"Bank account transfer,Cash",3.5999999999999996,2.96,6.56,3.5999999999999996,2.96,6.56
203225189,2021_3Q,2021,2021.5,KENUGA,KEN,UGA,EcoBank Rapid Transfer,Money Transfer Operator,"Bank branch,Internet",Less than one hour,0.5,yes,Medium,cash,"Bank account transfer,Cash",6.75,4.23,10.98,5.98,4.23,10.21
203225190,2021_3Q,2021,2021.5,KENUGA,KEN,UGA,Dahabshiil,Money Transfer Operator,Agent,Less than one hour,0.5,yes,Low,cash,Cash,2.4,1.13,3.53,2.0,1.13,3.13
203225198,2021_3Q,2021,2021.5,KENUGA,KEN,UGA,M-Pesa,Mobile Operator,Mobile phone,Less than one hour,0.5,yes,High,cash,Mobile money,1.9500000000000002,2.62,4.57,1.12,2.62,3.74
203225201,2021_3Q,2021,2021.5,TZAUGA,TZA,UGA,Western Union,Money Transfer Operator,Agent,Less than one hour,0.5,yes,High,cash,Cash,10.82,5.53,16.35,4.329999999999999,5.53,9.86
203225202,2021_3Q,2021,2021.5,TZAUGA,TZA,UGA,MoneyGram,Money Transfer Operator,Agent,Less than one hour,0.5,yes,High,cash,Cash,5.39,2.41,7.8,4.62,2.41,7.03
203225203,2021_3Q,2021,2021.5,TZAUGA,TZA,UGA,Stanbic Bank,Bank,"Bank branch,Call Center",Same day,12.0,yes,High,bank account,Bank account transfer,24.27,1.89,26.16,11.51,1.89,13.4
203225204,2021_3Q,2021,2021.5,TZAUGA,TZA,UGA,NMB (National Microfinance Bank),Non-Bank FI,"Bank branch,Call Center",Same day,12.0,yes,High,bank account,Bank account transfer,32.43,2.24,34.67,12.98,2.24,15.22
203225205,2021_3Q,2021,2021.5,TZAUGA,TZA,UGA,NBC,Bank,"Bank branch,Call Center",2 days,48.0,yes,High,bank account,Bank account transfer,61.27,2.12,63.39,24.509999999999998,2.12,26.63
203225206,2021_3Q,2021,2021.5,TZAUGA,TZA,UGA,KCB,Bank,"Bank branch,Call Center",Same day,12.0,yes,High,bank account,Bank account transfer,35.730000000000004,1.83,37.56,14.290000000000001,1.83,16.12
203225207,2021_3Q,2021,2021.5,KENUGA,KEN,UGA,Western Union,Money Transfer Operator,Agent,Less than one hour,0.5,yes,High,cash,Cash,1.2000000000000002,2.96,4.16,1.2000000000000002,2.96,4.16
203225208,2021_3Q,2021,2021.5,KENUGA,KEN,UGA,MoneyGram,Money Transfer Operator,Agent,Less than one hour,0.5,yes,High,cash,Cash,2.3399999999999994,3.22,5.56,1.4700000000000002,3.22,4.69
203225209,2021_3Q,2021,2021.5,KENUGA,KEN,UGA,UBA Africash,Bank,Bank branch,Next day,24.0,yes,Medium,cash,Cash,3.8899999999999997,4.38,8.27,1.5600000000000005,4.38,5.94
203225210,2021_3Q,2021,2021.5,KENUGA,KEN,UGA,Ecobank,Bank,Bank branch,2 days,48.0,yes,Low,cash,Cash,3.329999999999999,4.19,7.52,1.3299999999999992,4.19,5.52
203225211,2021_3Q,2021,2021.5,KENUGA,KEN,UGA,ABC Bank,Money Transfer Operator,"Bank branch,Call Center,Internet",2 days,48.0,yes,High,bank account,Bank account transfer,10.0,0.9,10.9,4.0,0.9,4.9
203225212,2021_3Q,2021,2021.5,KENUGA,KEN,UGA,KCB,Bank,Internet,2 days,48.0,yes,High,bank account,Bank account transfer,8.34,4.52,12.86,3.3400000000000007,4.52,7.86
203225213,2021_3Q,2021,2021.5,KENUGA,KEN,UGA,KCB,Bank,"Bank branch,Call Center",2 days,48.0,yes,High,bank account,Bank account transfer,13.89,4.52,18.41,5.5600000000000005,4.52,10.08
203225214,2021_3Q,2021,2021.5,KENUGA,KEN,UGA,United Bank for Africa (UBA),Bank,"Bank branch,Call Center,Internet",Less than one hour,0.5,yes,High,bank account,Bank account transfer,3.33,4.38,7.71,1.33,4.38,5.71
203225215,2021_3Q,2021,2021.5,KENUGA,KEN,UGA,Spire Bank,Bank,"Bank branch,Call Center,Internet",2 days,48.0,yes,High,bank account,Bank account transfer,10.0,3.38,13.38,4.0,3.38,7.38
203225216,2021_3Q,2021,2021.5,KENUGA,KEN,UGA,Development Bank of Kenya,Bank,"Bank branch,Call Center,Internet",Same day,12.0,yes,High,bank account,Bank account transfer,13.629999999999999,0.41,14.04,5.45,0.41,5.86
203225217,2021_3Q,2021,2021.5,KENUGA,KEN,UGA,GT Bank,Bank,"Bank branch,Call Center,Internet",2 days,48.0,yes,High,bank account,Bank account transfer,8.33,4.73,13.06,3.33,4.73,8.06
415220311,2021_4Q,2021,2021.75,TZAKEN,TZA,KEN,KCB,Bank,Bank branch,Same day,12.0,yes,High,bank account,Bank account transfer,35.79,8.81,44.6,14.319999999999999,8.81,23.13
415221059,2021_4Q,2021,2021.75,TZARWA,TZA,RWA,KCB,Bank,Bank branch,Same day,12.0,yes,High,bank account,Bank account transfer,35.79,11.81,47.6,14.319999999999999,11.81,26.13
415220825,2021_4Q,2021,2021.75,KENUGA,KEN,UGA,KCB,Bank,"Bank branch,Call Center,Internet",2 days,48.0,yes,High,bank account,Bank account transfer,13.330000000000002,4.97,18.3,5.330000000000001,4.97,10.3
415221061,2021_4Q,2021,2021.75,TZARWA,TZA,RWA,NMB (National Microfinance Bank),Non-Bank FI,Call Center,2 days,48.0,yes,High,bank account,Bank account transfer,32.239999999999995,11.73,43.97,12.899999999999999,11.73,24.63
415221065,2021_4Q,2021,2021.75,TZAUGA,TZA,UGA,KCB,Bank,Bank branch,Same day,12.0,yes,High,bank account,Bank account transfer,35.8,2.74,38.54,14.33,2.74,17.07
415221069,2021_4Q,2021,2021.75,TZAUGA,TZA,UGA,NMB (National Microfinance Bank),Non-Bank FI,Call Center,2 days,48.0,yes,High,bank account,Bank account transfer,32.24,2.28,34.52,12.9,2.28,15.18
415222249,2021_4Q,2021,2021.75,KENTZA,KEN,TZA,KCB,Bank,"Bank branch,Call Center,Internet",2 days,48.0,yes,Medium,bank account,Bank account transfer,13.330000000000002,4.97,18.3,5.330000000000001,4.97,10.3
415222697,2021_4Q,2021,2021.75,KENSSD,KEN,SSD,KCB,Bank,"Bank branch,Call Center,Internet",2 days,48.0,yes,Low,bank account,Bank account transfer,13.330000000000002,4.97,18.3,5.330000000000001,4.97,10.3
415220310,2021_4Q,2021,2021.75,TZAKEN,TZA,KEN,KCB,Bank,Call Center,Same day,12.0,yes,High,bank account,Bank account transfer,35.790000000000006,8.73,44.52,14.32,8.73,23.05
415220821,2021_4Q,2021,2021.75,KENUGA,KEN,UGA,GT Bank,Bank,"Bank branch,Call Center,Internet",2 days,48.0,yes,High,bank account,Bank account transfer,10.0,5.01,15.01,4.0,5.01,9.01
415220826,2021_4Q,2021,2021.75,KENUGA,KEN,UGA,ABC Bank,Money Transfer Operator,"Bank branch,Call Center,Internet",2 days,48.0,yes,High,bank account,Bank account transfer,10.0,-0.57,9.43,4.0,-0.57,3.43
415221052,2021_4Q,2021,2021.75,TZAKEN,TZA,KEN,NBC,Bank,Bank branch,3-5 days,96.0,yes,High,bank account,Bank account transfer,60.949999999999996,12.79,73.74,24.39,12.79,37.18
415221053,2021_4Q,2021,2021.75,TZAKEN,TZA,KEN,NBC,Bank,Call Center,3-5 days,96.0,yes,High,bank account,Bank account transfer,60.96,12.9,73.86,24.39,12.9,37.29
415221054,2021_4Q,2021,2021.75,TZAKEN,TZA,KEN,Stanbic Bank,Bank,Bank branch,2 days,48.0,yes,High,bank account,Bank account transfer,24.25,10.01,34.26,11.500000000000002,10.01,21.51
415221055,2021_4Q,2021,2021.75,TZAKEN,TZA,KEN,Stanbic Bank,Bank,Call Center,2 days,48.0,yes,High,bank account,Bank account transfer,24.260000000000005,10.12,34.38,11.51,10.12,21.63
415221057,2021_4Q,2021,2021.75,TZAKEN,TZA,KEN,MoneyGram,Money Transfer Operator,Agent,Less than one hour,0.5,yes,High,cash,Cash,5.390000000000001,2.78,8.17,4.620000000000001,2.78,7.4
415221058,2021_4Q,2021,2021.75,TZARWA,TZA,RWA,KCB,Bank,Call Center,Same day,12.0,yes,High,bank account,Bank account transfer,35.79,11.78,47.57,14.320000000000002,11.78,26.1
415221060,2021_4Q,2021,2021.75,TZARWA,TZA,RWA,NMB (National Microfinance Bank),Non-Bank FI,Bank branch,2 days,48.0,yes,High,bank account,Bank account transfer,32.239999999999995,11.7,43.94,12.900000000000002,11.7,24.6
415221062,2021_4Q,2021,2021.75,TZARWA,TZA,RWA,MoneyGram,Money Transfer Operator,Agent,Less than one hour,0.5,yes,High,cash,Cash,5.390000000000001,4.91,10.3,4.619999999999999,4.91,9.53
415221064,2021_4Q,2021,2021.75,TZAUGA,TZA,UGA,KCB,Bank,Call Center,Same day,12.0,yes,High,bank account,Bank account transfer,35.800000000000004,2.26,38.06,14.33,2.26,16.59
415221066,2021_4Q,2021,2021.75,TZAUGA,TZA,UGA,NBC,Bank,Bank branch,3-5 days,96.0,yes,High,bank account,Bank account transfer,60.96,2.65,63.61,24.39,2.65,27.04
415221067,2021_4Q,2021,2021.75,TZAUGA,TZA,UGA,NBC,Bank,Call Center,3-5 days,96.0,yes,High,bank account,Bank account transfer,60.949999999999996,2.92,63.87,24.39,2.92,27.31
415221068,2021_4Q,2021,2021.75,TZAUGA,TZA,UGA,NMB (National Microfinance Bank),Non-Bank FI,Bank branch,2 days,48.0,yes,High,bank account,Bank account transfer,32.24,2.21,34.45,12.899999999999999,2.21,15.11
415221070,2021_4Q,2021,2021.75,TZAUGA,TZA,UGA,Stanbic Bank,Bank,Bank branch,2 days,48.0,yes,High,bank account,Bank account transfer,24.25,2.78,27.03,11.5,2.78,14.28
415221071,2021_4Q,2021,2021.75,TZAUGA,TZA,UGA,Stanbic Bank,Bank,Call Center,2 days,48.0,yes,High,bank account,Bank account transfer,24.25,2.92,27.17,11.5,2.92,14.42
415221072,2021_4Q,2021,2021.75,TZAUGA,TZA,UGA,MoneyGram,Money Transfer Operator,Agent,Less than one hour,0.5,yes,High,cash,Cash,5.390000000000001,2.26,7.65,4.62,2.26,6.88
415221952,2021_4Q,2021,2021.75,TZAKEN,TZA,KEN,M-Pesa,Mobile Operator,Mobile phone,Less than one hour,0.5,yes,High,mobile wallet,Mobile money,0.0,4.59,4.59,0.0,4.59,4.59
415222243,2021_4Q,2021,2021.75,KENTZA,KEN,TZA,ABC Bank,Money Transfer Operator,"Bank branch,Call Center,Internet",2 days,48.0,yes,Medium,bank account,Bank account transfer,10.0,-0.57,9.43,4.0,-0.57,3.43
415222248,2021_4Q,2021,2021.75,KENTZA,KEN,TZA,GT Bank,Bank,"Bank branch,Call Center,Internet",2 days,48.0,yes,Medium,bank account,Bank account transfer,10.0,5.01,15.01,4.0,5.01,9.01
415222693,2021_4Q,2021,2021.75,KENSSD,KEN,SSD,ABC Bank,Money Transfer Operator,"Bank branch,Call Center,Internet",2 days,48.0,yes,Low,bank account,Bank account transfer,10.0,-0.57,9.43,4.0,-0.57,3.43
415222696,2021_4Q,2021,2021.75,KENSSD,KEN,SSD,GT Bank,Bank,"Bank branch,Call Center,Internet",2 days,48.0,yes,Low,bank account,Bank account transfer,10.0,5.01,15.01,4.0,5.01,9.01
415223843,2021_4Q,2021,2021.75,KENRWA,KEN,RWA,Dahabshiil,Money Transfer Operator,Agent,Less than one hour,0.5,yes,Low,cash,Cash,2.3999999999999995,1.66,4.06,2.0,1.66,3.66
415223844,2021_4Q,2021,2021.75,KENSSD,KEN,SSD,Dahabshiil,Money Transfer Operator,Agent,Less than one hour,0.5,yes,Low,cash,Cash,2.3999999999999995,1.66,4.06,2.0,1.66,3.66
415223845,2021_4Q,2021,2021.75,KENUGA,KEN,UGA,Dahabshiil,Money Transfer Operator,Agent,Less than one hour,0.5,yes,Low,cash,Cash,2.3999999999999995,1.66,4.06,2.0,1.66,3.66
415220819,2021_4Q,2021,2021.75,KENRWA,KEN,RWA,Ecobank,Bank,Bank branch,2 days,48.0,yes,Medium,cash,Cash,1.67,4.88,6.55,0.6699999999999999,4.88,5.55
415220820,2021_4Q,2021,2021.75,KENRWA,KEN,RWA,Western Union,Money Transfer Operator,Agent,Less than one hour,0.5,yes,High,cash,Cash,1.2000000000000002,6.0,7.2,1.2000000000000002,6.0,7.2
415220824,2021_4Q,2021,2021.75,KENUGA,KEN,UGA,United Bank for Africa (UBA),Bank,"Bank branch,Call Center,Internet",Less than one hour,0.5,yes,High,bank account,Bank account transfer,3.34,4.84,8.18,1.3399999999999999,4.84,6.18
415220827,2021_4Q,2021,2021.75,KENUGA,KEN,UGA,Ecobank,Bank,Bank branch,2 days,48.0,yes,Low,cash,Cash,1.67,4.88,6.55,0.6699999999999999,4.88,5.55
415220828,2021_4Q,2021,2021.75,KENUGA,KEN,UGA,UBA Africash,Bank,Bank branch,Less than one hour,0.5,yes,Medium,cash,Cash,3.8000000000000007,4.84,8.64,2.6000000000000005,4.84,7.44
415220830,2021_4Q,2021,2021.75,KENUGA,KEN,UGA,Western Union,Money Transfer Operator,Agent,Less than one hour,0.5,yes,High,cash,Cash,1.2000000000000002,6.0,7.2,1.2000000000000002,6.0,7.2
415221056,2021_4Q,2021,2021.75,TZAKEN,TZA,KEN,Western Union,Money Transfer Operator,Agent,Less than one hour,0.5,yes,High,cash,Cash,7.539999999999999,10.36,17.9,5.100000000000001,10.36,15.46
415222246,2021_4Q,2021,2021.75,KENTZA,KEN,TZA,Ecobank,Bank,Bank branch,2 days,48.0,yes,Low,cash,Cash,1.67,4.88,6.55,0.6699999999999999,4.88,5.55
415222251,2021_4Q,2021,2021.75,KENTZA,KEN,TZA,UBA Africash,Bank,Bank branch,Less than one hour,0.5,yes,Medium,cash,Cash,3.8000000000000007,4.84,8.64,2.6000000000000005,4.84,7.44
415222252,2021_4Q,2021,2021.75,KENTZA,KEN,TZA,United Bank for Africa (UBA),Bank,"Bank branch,Call Center,Internet",Less than one hour,0.5,yes,Medium,bank account,Bank account transfer,3.34,4.84,8.18,1.3399999999999999,4.84,6.18
415222253,2021_4Q,2021,2021.75,KENTZA,KEN,TZA,Western Union,Money Transfer Operator,Agent,Less than one hour,0.5,yes,High,cash,Cash,1.2000000000000002,6.0,7.2,1.2000000000000002,6.0,7.2
415222694,2021_4Q,2021,2021.75,KENSSD,KEN,SSD,Ecobank,Bank,Bank branch,2 days,48.0,yes,Low,bank account,Cash,1.67,4.88,6.55,0.6699999999999999,4.88,5.55
415222699,2021_4Q,2021,2021.75,KENSSD,KEN,SSD,United Bank for Africa (UBA),Bank,"Bank branch,Call Center,Internet",Less than one hour,0.5,yes,Low,bank account,Bank account transfer,3.34,4.84,8.18,1.3399999999999999,4.84,6.18
415222700,2021_4Q,2021,2021.75,KENSSD,KEN,SSD,Western Union,Money Transfer Operator,Agent,Less than one hour,0.5,yes,Low,cash,Cash,1.2000000000000002,6.0,7.2,1.2000000000000002,6.0,7.2
415223003,2021_4Q,2021,2021.75,TZARWA,TZA,RWA,Tigo,Mobile Operator,Mobile phone,Less than one hour,0.5,yes,High,mobile wallet,Mobile money,0.6900000000000004,7.86,8.55,0.6499999999999995,7.88,8.53
415224285,2021_4Q,2021,2021.75,KENRWA,KEN,RWA,EcoBank Rapid Transfer,Money Transfer Operator,"Bank branch,Internet",Less than one hour,0.5,yes,Medium,cash,"Bank account transfer,Cash",3.0,0.07,3.07,2.93,0.07,3.0
415224286,2021_4Q,2021,2021.75,KENRWA,KEN,RWA,EcoBank Rapid Transfer,Money Transfer Operator,Internet,Less than one hour,0.5,yes,Medium,cash,Cash,3.0,0.67,3.67,2.93,0.67,3.6
415224287,2021_4Q,2021,2021.75,KENSSD,KEN,SSD,EcoBank Rapid Transfer,Money Transfer Operator,"Bank branch,Internet",Less than one hour,0.5,yes,Low,cash,"Bank account transfer,Cash",3.0,4.88,7.88,2.9400000000000004,4.88,7.82
415224288,2021_4Q,2021,2021.75,KENTZA,KEN,TZA,EcoBank Rapid Transfer,Money Transfer Operator,"Bank branch,Internet",Less than one hour,0.5,yes,Medium,cash,"Bank account transfer,Cash",3.0,4.88,7.88,2.9400000000000004,4.88,7.82
415224289,2021_4Q,2021,2021.75,KENUGA,KEN,UGA,EcoBank Rapid Transfer,Money Transfer Operator,"Bank branch,Internet",Less than one hour,0.5,yes,Medium,cash,"Bank account transfer,Cash",3.0,4.88,7.88,2.9400000000000004,4.88,7.82
415220818,2021_4Q,2021,2021.75,KENRWA,KEN,RWA,MoneyGram,Money Transfer Operator,Agent,Less than one hour,0.5,yes,High,cash,Cash,2.3400000000000007,4.85,7.19,1.4700000000000006,4.85,6.32
415220822,2021_4Q,2021,2021.75,KENUGA,KEN,UGA,Development Bank of Kenya,Bank,"Bank branch,Call Center,Internet",Same day,12.0,yes,High,bank account,Bank account transfer,13.629999999999999,3.64,17.27,5.449999999999999,3.64,9.09
415220823,2021_4Q,2021,2021.75,KENUGA,KEN,UGA,Spire Bank,Bank,"Bank branch,Call Center,Internet",2 days,48.0,yes,High,bank account,Bank account transfer,10.0,2.65,12.65,4.0,2.65,6.65
415220829,2021_4Q,2021,2021.75,KENUGA,KEN,UGA,MoneyGram,Money Transfer Operator,Agent,Less than one hour,0.5,yes,High,cash,Cash,2.33,5.37,7.7,1.4699999999999998,5.37,6.84
415222244,2021_4Q,2021,2021.75,KENTZA,KEN,TZA,Development Bank of Kenya,Bank,"Bank branch,Internet",Same day,12.0,yes,Medium,bank account,Bank account transfer,13.629999999999999,3.64,17.27,5.449999999999999,3.64,9.09
415222247,2021_4Q,2021,2021.75,KENTZA,KEN,TZA,Spire Bank,Bank,"Bank branch,Call Center,Internet",2 days,48.0,yes,Medium,bank account,Bank account transfer,10.0,2.65,12.65,4.0,2.65,6.65
415222250,2021_4Q,2021,2021.75,KENTZA,KEN,TZA,MoneyGram,Money Transfer Operator,Agent,Less than one hour,0.5,yes,High,cash,Cash,2.33,5.32,7.65,1.46,5.32,6.78
415222695,2021_4Q,2021,2021.75,KENSSD,KEN,SSD,Spire Bank,Bank,"Bank branch,Call Center,Internet",2 days,48.0,yes,Low,bank account,Bank account transfer,10.0,2.65,12.65,4.0,2.65,6.65
415222698,2021_4Q,2021,2021.75,KENSSD,KEN,SSD,MoneyGram,Money Transfer Operator,Agent,Less than one hour,0.5,yes,High,cash,Cash,2.3299999999999996,3.77,6.1,1.4600000000000004,3.77,5.23
415224315,2021_4Q,2021,2021.75,TZAKEN,TZA,KEN,EcoBank Rapid Transfer,Money Transfer Operator,Internet,Less than one hour,0.5,yes,High,cash,"Bank account transfer,Cash",0.0,3.19,3.19,3.6,3.19,6.79
415224316,2021_4Q,2021,2021.75,TZAKEN,TZA,KEN,EcoBank Rapid Transfer,Money Transfer Operator,Bank branch,Less than one hour,0.5,yes,High,cash,"Bank account transfer,Cash",3.6,3.19,6.79,3.6,3.19,6.79
415224317,2021_4Q,2021,2021.75,TZARWA,TZA,RWA,EcoBank Rapid Transfer,Money Transfer Operator,Internet,Less than one hour,0.5,yes,Medium,cash,"Bank account transfer,Cash",0.0,2.65,2.65,3.54,2.7,6.24
415224318,2021_4Q,2021,2021.75,TZARWA,TZA,RWA,EcoBank Rapid Transfer,Money Transfer Operator,Bank branch,Less than one hour,0.5,yes,Medium,cash,"Bank account transfer,Cash",3.5400000000000005,2.65,6.19,3.54,2.7,6.24
415224319,2021_4Q,2021,2021.75,TZAUGA,TZA,UGA,EcoBank Rapid Transfer,Money Transfer Operator,Internet,Less than one hour,0.5,yes,Medium,cash,"Bank account transfer,Cash",0.0,3.48,3.48,3.0000000000000004,3.48,6.48
415224320,2021_4Q,2021,2021.75,TZAUGA,TZA,UGA,EcoBank Rapid Transfer,Money Transfer Operator,Bank branch,Less than one hour,0.5,yes,Medium,cash,"Bank account transfer,Cash",3.0100000000000002,3.48,6.49,3.0000000000000004,3.48,6.48
415222245,2021_4Q,2021,2021.75,KENTZA,KEN,TZA,Development Bank of Kenya,Bank,Call Center,Same day,12.0,yes,Medium,bank account,Bank account transfer,13.63,3.81,17.44,5.449999999999999,3.81,9.26
415222992,2021_4Q,2021,2021.75,KENTZA,KEN,TZA,M-Pesa,Mobile Operator,Mobile phone,Less than one hour,0.5,yes,High,cash,Mobile money,0.0,3.17,3.17,0.0,3.17,3.17
415222993,2021_4Q,2021,2021.75,KENUGA,KEN,UGA,M-Pesa,Mobile Operator,Mobile phone,Less than one hour,0.5,yes,High,cash,Mobile money,0.0,3.26,3.26,0.0,3.26,3.26
415222787,2021_4Q,2021,2021.75,RWAKEN,RWA,KEN,MTN Mobile Money,Mobile Operator,Mobile phone,Less than one hour,0.5,yes,High,mobile wallet,Mobile money,0.16000000000000014,5.09,5.25,0.40000000000000036,5.09,5.49
415222785,2021_4Q,2021,2021.75,RWAKEN,RWA,KEN,KCB,Bank,Bank branch,Same day,12.0,yes,High,own/partner bank account,Cash,24.15,5.92,30.07,9.66,5.92,15.58
415222786,2021_4Q,2021,2021.75,RWAKEN,RWA,KEN,MoneyGram,Money Transfer Operator,Agent,Same day,12.0,yes,High,cash,Cash,8.63,1.01,9.64,6.91,1.01,7.92
415222788,2021_4Q,2021,2021.75,RWAKEN,RWA,KEN,Western Union,Money Transfer Operator,Agent,Less than one hour,0.5,yes,High,cash,Cash,9.91,4.65,14.56,7.389999999999999,4.65,12.04
415224845,2021_4Q,2021,2021.75,RWAKEN,RWA,KEN,Maico Money Transfer,Money Transfer Operator,Agent,Same day,12.0,yes,High,cash,Cash,4.0,0.74,4.74,4.0,0.74,4.74
415222784,2021_4Q,2021,2021.75,RWAKEN,RWA,KEN,Ecobank RapidCash,Bank,Internet,Same day,12.0,yes,High,bank account,Bank account transfer,0.0,3.08,3.08,0.0,3.08,3.08
415222783,2021_4Q,2021,2021.75,RWAKEN,RWA,KEN,Ecobank RapidCash,Bank,Bank branch,Same day,12.0,yes,High,bank account,Bank account transfer,0.0,1.46,1.46,0.0,1.46,1.46
415224617,2021_4Q,2021,2021.75,RWAKEN,RWA,KEN,KCB,Bank,Bank branch,Same day,12.0,yes,High,own/partner bank account,Bank account transfer,24.150000000000002,3.77,27.92,9.66,3.77,13.43
415224977,2021_4Q,2021,2021.75,RWAKEN,RWA,KEN,WorldRemit,Money Transfer Operator,Internet,Less than one hour,0.5,yes,High,cash,"Credit Card,Debit card",2.9299999999999997,0.64,3.57,1.6399999999999997,0.64,2.28
415224978,2021_4Q,2021,2021.75,RWAKEN,RWA,KEN,WorldRemit,Money Transfer Operator,Internet,Less than one hour,0.5,yes,High,mobile wallet,Debit card,2.93,3.65,6.58,1.6400000000000001,3.65,5.29
415224979,2021_4Q,2021,2021.75,RWAKEN,RWA,KEN,WorldRemit,Money Transfer Operator,Internet,Less than one hour,0.5,yes,High,cash,Credit Card,2.94,3.77,6.71,1.6400000000000001,3.77,5.41
415225544,2021_4Q,2021,2021.75,KENRWA,KEN,RWA,M-Pesa,Mobile Operator,Mobile phone,Less than one hour,0.5,yes,High,cash,Mobile money,0.0,5.4,5.4,0.0,5.4,5.4
415221063,2021_4Q,2021,2021.75,TZARWA,TZA,RWA,Western Union,Money Transfer Operator,Agent,Less than one hour,0.5,yes,High,cash,Cash,6.52,2.08,8.6,4.34,2.08,6.42
415221073,2021_4Q,2021,2021.75,TZAUGA,TZA,UGA,Western Union,Money Transfer Operator,Agent,Less than one hour,0.5,yes,High,cash,Cash,7.539999999999999,3.72,11.26,5.109999999999999,3.72,8.83
613220673,2022_1Q,2022,2022.0,KENRWA,KEN,RWA,Ecobank,Bank,Bank branch,2 days,48.0,yes,Medium,cash,Cash,1.6600000000000001,4.58,6.24,0.6600000000000001,4.58,5.24
613220675,2022_1Q,2022,2022.0,KENUGA,KEN,UGA,GT Bank,Bank,"Bank branch,Call Center,Internet",2 days,48.0,yes,High,bank account,Bank account transfer,10.0,3.44,13.44,4.0,3.44,7.44
613220679,2022_1Q,2022,2022.0,KENUGA,KEN,UGA,Ecobank,Bank,Bank branch,2 days,48.0,yes,Low,cash,Cash,1.6600000000000001,4.58,6.24,0.6600000000000001,4.58,5.24
613222117,2022_1Q,2022,2022.0,KENTZA,KEN,TZA,Ecobank,Bank,Bank branch,Less than one hour,0.5,yes,Low,cash,Cash,1.6600000000000001,4.58,6.24,0.6600000000000001,4.58,5.24
613222118,2022_1Q,2022,2022.0,KENTZA,KEN,TZA,GT Bank,Bank,"Bank branch,Call Center,Internet",2 days,48.0,yes,Medium,bank account,Bank account transfer,10.0,3.44,13.44,4.0,3.44,7.44
613222553,2022_1Q,2022,2022.0,KENSSD,KEN,SSD,Ecobank,Bank,Bank branch,Less than one hour,0.5,yes,Low,bank account,Cash,1.6600000000000001,4.58,6.24,0.6600000000000001,4.58,5.24
613222554,2022_1Q,2022,2022.0,KENSSD,KEN,SSD,GT Bank,Bank,"Bank branch,Call Center,Internet",2 days,48.0,yes,Low,bank account,Bank account transfer,10.0,3.44,13.44,4.0,3.44,7.44
613224179,2022_1Q,2022,2022.0,KENRWA,KEN,RWA,EcoBank Rapid Transfer,Money Transfer Operator,"Bank branch,Internet",Less than one hour,0.5,yes,Medium,cash,"Bank account transfer,Cash",3.0,0.15,3.15,2.93,0.15,3.08
613224180,2022_1Q,2022,2022.0,KENSSD,KEN,SSD,EcoBank Rapid Transfer,Money Transfer Operator,"Bank branch,Internet",Less than one hour,0.5,yes,Low,cash,"Bank account transfer,Cash",3.0,4.58,7.58,2.9299999999999997,4.58,7.51
613224181,2022_1Q,2022,2022.0,KENTZA,KEN,TZA,EcoBank Rapid Transfer,Money Transfer Operator,"Bank branch,Internet",Less than one hour,0.5,yes,Medium,cash,"Bank account transfer,Cash",3.0,4.58,7.58,2.9299999999999997,4.58,7.51
613224182,2022_1Q,2022,2022.0,KENUGA,KEN,UGA,EcoBank Rapid Transfer,Money Transfer Operator,"Bank branch,Internet",Less than one hour,0.5,yes,Medium,cash,"Bank account transfer,Cash",3.0,4.58,7.58,2.9299999999999997,4.58,7.51
613220676,2022_1Q,2022,2022.0,KENUGA,KEN,UGA,Development Bank of Kenya,Bank,"Bank branch,Call Center,Internet",Same day,12.0,yes,High,bank account,Bank account transfer,13.63,1.08,14.71,5.63,1.08,6.71
613220677,2022_1Q,2022,2022.0,KENUGA,KEN,UGA,KCB,Bank,"Bank branch,Call Center,Internet",2 days,48.0,yes,High,bank account,Bank account transfer,13.33,4.58,17.91,5.33,4.58,9.91
613220678,2022_1Q,2022,2022.0,KENUGA,KEN,UGA,ABC Bank,Money Transfer Operator,"Bank branch,Call Center,Internet",2 days,48.0,yes,High,bank account,Bank account transfer,10.0,1.08,11.08,4.0,1.08,5.08
613222115,2022_1Q,2022,2022.0,KENTZA,KEN,TZA,ABC Bank,Money Transfer Operator,"Bank branch,Call Center,Internet",2 days,48.0,yes,Medium,bank account,Bank account transfer,10.0,1.08,11.08,4.0,1.08,5.08
613222116,2022_1Q,2022,2022.0,KENTZA,KEN,TZA,Development Bank of Kenya,Bank,"Bank branch,Call Center,Internet",Same day,12.0,yes,Medium,bank account,Bank account transfer,13.63,1.08,14.71,5.63,1.08,6.71
613222119,2022_1Q,2022,2022.0,KENTZA,KEN,TZA,KCB,Bank,"Bank branch,Call Center,Internet",2 days,48.0,yes,Medium,bank account,Bank account transfer,13.33,4.58,17.91,5.33,4.58,9.91
613222552,2022_1Q,2022,2022.0,KENSSD,KEN,SSD,ABC Bank,Money Transfer Operator,"Bank branch,Call Center,Internet",2 days,48.0,yes,Low,bank account,Bank account transfer,10.0,1.08,11.08,4.0,1.08,5.08
613222555,2022_1Q,2022,2022.0,KENSSD,KEN,SSD,KCB,Bank,"Bank branch,Call Center,Internet",2 days,48.0,yes,Low,bank account,Bank account transfer,13.33,4.58,17.91,5.33,4.58,9.91
613223753,2022_1Q,2022,2022.0,KENRWA,KEN,RWA,Dahabshiil,Money Transfer Operator,Agent,Less than one hour,0.5,yes,Low,cash,Cash,2.39,1.08,3.47,2.4499999999999997,1.08,3.53
613223754,2022_1Q,2022,2022.0,KENSSD,KEN,SSD,Dahabshiil,Money Transfer Operator,Agent,Less than one hour,0.5,yes,Low,cash,Cash,2.39,1.08,3.47,2.4499999999999997,1.08,3.53
613223755,2022_1Q,2022,2022.0,KENUGA,KEN,UGA,Dahabshiil,Money Transfer Operator,Agent,Less than one hour,0.5,yes,Low,cash,Cash,2.39,1.08,3.47,2.4499999999999997,1.08,3.53
613222653,2022_1Q,2022,2022.0,RWAKEN,RWA,KEN,Western Union,Money Transfer Operator,Agent,Next day,24.0,yes,High,cash,Cash,5.0,6.23,11.23,2.5199999999999996,6.23,8.75
613220672,2022_1Q,2022,2022.0,KENRWA,KEN,RWA,MoneyGram,Money Transfer Operator,Agent,Less than one hour,0.5,yes,High,cash,Cash,2.33,5.21,7.54,1.4699999999999998,5.21,6.68
613220680,2022_1Q,2022,2022.0,KENUGA,KEN,UGA,UBA Africash,Bank,Bank branch,Less than one hour,0.5,yes,Medium,cash,Cash,3.8000000000000003,3.35,7.15,2.6,3.35,5.95
613220681,2022_1Q,2022,2022.0,KENUGA,KEN,UGA,MoneyGram,Money Transfer Operator,Agent,Less than one hour,0.5,yes,High,cash,Cash,2.33,4.17,6.5,1.4699999999999998,4.17,5.64
613220884,2022_1Q,2022,2022.0,TZARWA,TZA,RWA,NMB (National Microfinance Bank),Non-Bank FI,Bank branch,Next day,24.0,yes,High,bank account,Bank account transfer,3.08,0.32,3.4,1.23,0.32,1.55
613220892,2022_1Q,2022,2022.0,TZAUGA,TZA,UGA,NMB (National Microfinance Bank),Non-Bank FI,Bank branch,Next day,24.0,yes,High,bank account,Bank account transfer,2.89,2.86,5.75,1.3800000000000003,2.86,4.24
613222120,2022_1Q,2022,2022.0,KENTZA,KEN,TZA,MoneyGram,Money Transfer Operator,Agent,Less than one hour,0.5,yes,High,cash,Cash,2.3299999999999996,3.94,6.27,1.4700000000000002,3.94,5.41
613222121,2022_1Q,2022,2022.0,KENTZA,KEN,TZA,UBA Africash,Bank,Bank branch,Less than one hour,0.5,yes,Medium,cash,Cash,3.8000000000000003,3.35,7.15,2.6,3.35,5.95
613222556,2022_1Q,2022,2022.0,KENSSD,KEN,SSD,MoneyGram,Money Transfer Operator,Agent,Less than one hour,0.5,yes,High,cash,Cash,2.3299999999999996,2.22,4.55,1.46,2.22,3.68
613222557,2022_1Q,2022,2022.0,KENSSD,KEN,SSD,MoneyGram,Money Transfer Operator,Agent,Less than one hour,0.5,yes,High,mobile wallet,Cash,2.3400000000000003,3.73,6.07,1.4700000000000002,3.73,5.2
613220674,2022_1Q,2022,2022.0,KENRWA,KEN,RWA,Western Union,Money Transfer Operator,Agent,Less than one hour,0.5,yes,High,cash,Cash,1.2000000000000002,5.63,6.83,1.2000000000000002,5.63,6.83
613222558,2022_1Q,2022,2022.0,KENSSD,KEN,SSD,Western Union,Money Transfer Operator,Agent,Less than one hour,0.5,yes,Low,cash,Cash,1.2000000000000002,5.63,6.83,1.2000000000000002,5.63,6.83
613222857,2022_1Q,2022,2022.0,KENTZA,KEN,TZA,M-Pesa,Mobile Operator,Mobile phone,Less than one hour,0.5,yes,High,cash,Mobile money,1.95,0.01,1.96,1.1199999999999999,0.01,1.13
613222858,2022_1Q,2022,2022.0,KENUGA,KEN,UGA,M-Pesa,Mobile Operator,Mobile phone,Less than one hour,0.5,yes,High,cash,Mobile money,1.9400000000000002,-0.07,1.87,1.11,-0.07,1.04
613225496,2022_1Q,2022,2022.0,KENRWA,KEN,RWA,M-Pesa,Mobile Operator,Mobile phone,Less than one hour,0.5,yes,High,cash,Mobile money,1.9500000000000002,5.24,7.19,1.1099999999999994,5.24,6.35
613220170,2022_1Q,2022,2022.0,TZAKEN,TZA,KEN,KCB,Bank,Bank branch,Same day,12.0,yes,High,bank account,Bank account transfer,35.67,0.12,35.79,14.270000000000001,0.12,14.39
613220877,2022_1Q,2022,2022.0,TZAKEN,TZA,KEN,NBC,Bank,Bank branch,2 days,48.0,yes,High,bank account,Bank account transfer,61.120000000000005,8.86,69.98,24.46,8.86,33.32
613220878,2022_1Q,2022,2022.0,TZAKEN,TZA,KEN,NBC,Bank,Call Center,2 days,48.0,yes,High,bank account,Bank account transfer,61.11,8.94,70.05,24.46,8.94,33.4
613220879,2022_1Q,2022,2022.0,TZAKEN,TZA,KEN,Stanbic Bank,Bank,"Bank branch,Call Center",Same day,12.0,yes,High,bank account,Bank account transfer,35.949999999999996,5.2,41.15,14.39,5.2,19.59
613220880,2022_1Q,2022,2022.0,TZAKEN,TZA,KEN,Western Union,Money Transfer Operator,Agent,Less than one hour,0.5,yes,High,cash,Cash,2.3600000000000003,6.46,8.82,2.3600000000000003,6.46,8.82
613220881,2022_1Q,2022,2022.0,TZAKEN,TZA,KEN,MoneyGram,Money Transfer Operator,Agent,Less than one hour,0.5,yes,High,cash,Cash,5.390000000000001,3.17,8.56,4.62,3.17,7.79
613220885,2022_1Q,2022,2022.0,TZARWA,TZA,RWA,NMB (National Microfinance Bank),Non-Bank FI,Call Center,Next day,24.0,yes,High,bank account,Bank account transfer,29.69,0.33,30.02,11.88,0.33,12.21
613220886,2022_1Q,2022,2022.0,TZARWA,TZA,RWA,MoneyGram,Money Transfer Operator,Agent,Less than one hour,0.5,yes,High,cash,Cash,5.390000000000001,6.17,11.56,4.630000000000001,6.17,10.8
613220887,2022_1Q,2022,2022.0,TZARWA,TZA,RWA,Western Union,Money Transfer Operator,Agent,Less than one hour,0.5,yes,High,cash,Cash,2.3499999999999988,7.19,9.54,2.3600000000000003,7.19,9.55
613220889,2022_1Q,2022,2022.0,TZAUGA,TZA,UGA,KCB,Bank,Bank branch,Same day,12.0,yes,High,bank account,Bank account transfer,35.67,-1.06,34.61,14.270000000000001,-1.06,13.21
613220890,2022_1Q,2022,2022.0,TZAUGA,TZA,UGA,NBC,Bank,Bank branch,2 days,48.0,yes,High,bank account,Bank account transfer,61.11,3.84,64.95,24.45,3.84,28.29
613220891,2022_1Q,2022,2022.0,TZAUGA,TZA,UGA,NBC,Bank,Call Center,2 days,48.0,yes,High,bank account,Bank account transfer,61.10999999999999,3.85,64.96,24.45,3.85,28.3
613220893,2022_1Q,2022,2022.0,TZAUGA,TZA,UGA,NMB (National Microfinance Bank),Non-Bank FI,Call Center,Next day,24.0,yes,High,bank account,Bank account transfer,29.7,2.8,32.5,11.879999999999999,2.8,14.68
613220894,2022_1Q,2022,2022.0,TZAUGA,TZA,UGA,Stanbic Bank,Bank,Call Center,Same day,12.0,yes,High,bank account,Bank account transfer,35.94,4.54,40.48,14.380000000000003,4.54,18.92
613220895,2022_1Q,2022,2022.0,TZAUGA,TZA,UGA,Stanbic Bank,Bank,Bank branch,Same day,12.0,yes,High,bank account,Bank account transfer,35.95,4.55,40.5,14.379999999999999,4.55,18.93
613220896,2022_1Q,2022,2022.0,TZAUGA,TZA,UGA,MoneyGram,Money Transfer Operator,Agent,Less than one hour,0.5,yes,High,cash,Cash,5.390000000000001,2.59,7.98,4.62,2.59,7.21
613220897,2022_1Q,2022,2022.0,TZAUGA,TZA,UGA,Western Union,Money Transfer Operator,Agent,Less than one hour,0.5,yes,High,cash,Cash,2.36,2.18,4.54,2.36,2.18,4.54
613221815,2022_1Q,2022,2022.0,TZAKEN,TZA,KEN,M-Pesa,Mobile Operator,Mobile phone,Less than one hour,0.5,yes,High,mobile wallet,Mobile money,1.22,0.16,1.38,1.08,0.16,1.24
613222868,2022_1Q,2022,2022.0,TZARWA,TZA,RWA,Tigo,Mobile Operator,Mobile phone,Less than one hour,0.5,yes,High,mobile wallet,Mobile money,0.6899999999999995,6.83,7.52,0.6399999999999997,6.83,7.47
613225919,2022_1Q,2022,2022.0,KENUGA,KEN,UGA,United Bank for Africa (UBA),Bank,"Bank branch,Call Center,Internet",Less than one hour,0.5,yes,High,bank account,Bank account transfer,3.34,4.84,8.18,1.3399999999999999,4.84,6.18
613225933,2022_1Q,2022,2022.0,KENTZA,KEN,TZA,United Bank for Africa (UBA),Bank,"Bank branch,Call Center,Internet",Less than one hour,0.5,yes,Medium,bank account,Bank account transfer,3.34,4.84,8.18,1.3399999999999999,4.84,6.18
613225943,2022_1Q,2022,2022.0,KENSSD,KEN,SSD,United Bank for Africa (UBA),Bank,"Bank branch,Call Center,Internet",Less than one hour,0.5,yes,Low,bank account,Bank account transfer,3.34,4.84,8.18,1.3399999999999999,4.84,6.18
613220169,2022_1Q,2022,2022.0,TZAKEN,TZA,KEN,KCB,Bank,Call Center,Same day,12.0,yes,High,bank account,Bank account transfer,35.67,-0.13,35.54,14.270000000000001,-0.13,14.14
613220883,2022_1Q,2022,2022.0,TZARWA,TZA,RWA,KCB,Bank,Call Center,Same day,12.0,yes,High,bank account,Bank account transfer,35.67,1.75,37.42,14.280000000000001,1.75,16.03
613220888,2022_1Q,2022,2022.0,TZAUGA,TZA,UGA,KCB,Bank,Call Center,Same day,12.0,yes,High,bank account,Bank account transfer,35.67,-0.99,34.68,14.27,-0.99,13.28
613222648,2022_1Q,2022,2022.0,RWAKEN,RWA,KEN,Ecobank RapidCash,Bank,Internet,Same day,12.0,yes,High,bank account,Bank account transfer,0.0,3.93,3.93,0.0,3.93,3.93
613222651,2022_1Q,2022,2022.0,RWAKEN,RWA,KEN,MoneyGram,Money Transfer Operator,Agent,Same day,12.0,yes,High,cash,Cash,8.629999999999999,-0.04,8.59,6.9,-0.04,6.86
613224497,2022_1Q,2022,2022.0,RWAKEN,RWA,KEN,KCB,Bank,Bank branch,Same day,12.0,yes,High,own/partner bank account,Bank account transfer,20.299999999999997,1.08,21.38,8.12,1.08,9.2
613224738,2022_1Q,2022,2022.0,RWAKEN,RWA,KEN,Maico Money Transfer,Money Transfer Operator,Agent,Same day,12.0,yes,High,cash,Cash,4.0,2.07,6.07,4.0,2.07,6.07
613225979,2022_1Q,2022,2022.0,TZAKEN,TZA,KEN,EcoBank Rapid Transfer,Money Transfer Operator,Internet,Less than one hour,0.5,yes,High,cash,"Bank account transfer,Cash",0.0,3.19,3.19,3.6,3.19,6.79
613225980,2022_1Q,2022,2022.0,TZAKEN,TZA,KEN,EcoBank Rapid Transfer,Money Transfer Operator,Bank branch,Less than one hour,0.5,yes,High,cash,"Bank account transfer,Cash",3.6,3.19,6.79,3.6,3.19,6.79
613225981,2022_1Q,2022,2022.0,TZARWA,TZA,RWA,EcoBank Rapid Transfer,Money Transfer Operator,Internet,Less than one hour,0.5,yes,Medium,cash,"Bank account transfer,Cash",0.0,2.65,2.65,3.54,2.7,6.24
613225982,2022_1Q,2022,2022.0,TZARWA,TZA,RWA,EcoBank Rapid Transfer,Money Transfer Operator,Bank branch,Less than one hour,0.5,yes,Medium,cash,"Bank account transfer,Cash",3.5400000000000005,2.65,6.19,3.54,2.7,6.24
613225983,2022_1Q,2022,2022.0,TZAUGA,TZA,UGA,EcoBank Rapid Transfer,Money Transfer Operator,Internet,Less than one hour,0.5,yes,Medium,cash,"Bank account transfer,Cash",0.0,3.48,3.48,3.0000000000000004,3.48,6.48
613225984,2022_1Q,2022,2022.0,TZAUGA,TZA,UGA,EcoBank Rapid Transfer,Money Transfer Operator,Bank branch,Less than one hour,0.5,yes,Medium,cash,"Bank account transfer,Cash",3.0100000000000002,3.48,6.49,3.0000000000000004,3.48,6.48
613222652,2022_1Q,2022,2022.0,RWAKEN,RWA,KEN,MTN Mobile Money,Mobile Operator,Mobile phone,Less than one hour,0.5,yes,High,mobile wallet,Mobile money,0.16000000000000014,5.02,5.18,0.40000000000000036,5.02,5.42
613224872,2022_1Q,2022,2022.0,RWAKEN,RWA,KEN,WorldRemit,Money Transfer Operator,Internet,Same day,12.0,yes,High,cash,"Credit Card,Debit card",2.94,1.6,4.54,1.6400000000000001,1.6,3.24
613222649,2022_1Q,2022,2022.0,RWAKEN,RWA,KEN,Ecobank RapidCash,Bank,Bank branch,Same day,12.0,yes,High,bank account,Bank account transfer,6.6899999999999995,3.83,10.52,3.4699999999999998,3.83,7.3
613222650,2022_1Q,2022,2022.0,RWAKEN,RWA,KEN,KCB,Bank,Bank branch,Less than one hour,0.5,yes,High,own/partner bank account,Cash,20.3,6.96,27.26,8.120000000000001,6.96,15.08
613220682,2022_1Q,2022,2022.0,KENUGA,KEN,UGA,Western Union,Money Transfer Operator,Agent,Less than one hour,0.5,yes,High,cash,Cash,1.1999999999999997,3.19,4.39,1.1999999999999997,3.19,4.39
613222122,2022_1Q,2022,2022.0,KENTZA,KEN,TZA,Western Union,Money Transfer Operator,Agent,Less than one hour,0.5,yes,High,cash,Cash,1.1999999999999997,3.19,4.39,1.1999999999999997,3.19,4.39
613220882,2022_1Q,2022,2022.0,TZARWA,TZA,RWA,KCB,Bank,Bank branch,Same day,12.0,yes,High,bank account,Bank account transfer,35.67,-0.72,34.95,14.280000000000001,-0.72,13.56
8090457,2022_2Q,2022,2022.25,KENRWA,KEN,RWA,M-Pesa,Mobile Operator,Mobile phone,Less than one hour,0.5,yes,High,cash,Mobile money,1.9500000000000002,4.88,6.83,1.1100000000000003,4.88,5.99
8091250,2022_2Q,2022,2022.25,TZAKEN,TZA,KEN,KCB,Bank,"Bank branch,Call Center",Same day,12.0,yes,High,bank account,Bank account transfer,35.86,0.1,35.96,14.35,0.1,14.45
8091721,2022_2Q,2022,2022.25,KENRWA,KEN,RWA,MoneyGram,Money Transfer Operator,Agent,Less than one hour,0.5,yes,High,cash,Cash,2.34,5.13,7.47,1.4699999999999998,5.13,6.6
8091722,2022_2Q,2022,2022.25,KENRWA,KEN,RWA,Ecobank,Bank,Bank branch,2 days,48.0,yes,Medium,cash,Cash,1.67,5.59,7.26,0.6699999999999999,5.59,6.26
8091723,2022_2Q,2022,2022.25,KENRWA,KEN,RWA,Western Union,Money Transfer Operator,Agent,Less than one hour,0.5,yes,High,cash,Cash,1.1999999999999997,3.22,4.42,1.1999999999999997,3.22,4.42
8091724,2022_2Q,2022,2022.25,KENUGA,KEN,UGA,GT Bank,Bank,"Bank branch,Call Center,Internet",2 days,48.0,yes,High,bank account,Bank account transfer,10.0,4.39,14.39,4.000000000000001,4.39,8.39
8091725,2022_2Q,2022,2022.25,KENUGA,KEN,UGA,Development Bank of Kenya,Bank,"Bank branch,Call Center",Same day,12.0,yes,High,bank account,Bank account transfer,13.629999999999999,3.14,16.77,5.629999999999999,3.14,8.77
8091726,2022_2Q,2022,2022.25,KENUGA,KEN,UGA,Development Bank of Kenya,Bank,Internet,2 days,48.0,yes,High,bank account,Bank account transfer,13.630000000000003,5.31,18.94,5.63,5.31,10.94
8091727,2022_2Q,2022,2022.25,KENUGA,KEN,UGA,Spire Bank,Bank,"Bank branch,Call Center,Internet",2 days,48.0,yes,High,bank account,Bank account transfer,10.0,3.22,13.22,3.9999999999999996,3.22,7.22
8091728,2022_2Q,2022,2022.25,KENUGA,KEN,UGA,United Bank for Africa (UBA),Bank,"Bank branch,Call Center,Internet",2 days,48.0,yes,High,bank account,Bank account transfer,3.33,6.48,9.81,1.3299999999999992,6.48,7.81
8091729,2022_2Q,2022,2022.25,KENUGA,KEN,UGA,KCB,Bank,"Bank branch,Call Center,Internet",2 days,48.0,yes,High,bank account,Bank account transfer,13.34,5.59,18.93,5.34,5.59,10.93
8091730,2022_2Q,2022,2022.25,KENUGA,KEN,UGA,ABC Bank,Money Transfer Operator,"Bank branch,Call Center,Internet",2 days,48.0,yes,High,bank account,Bank account transfer,10.010000000000002,3.3,13.31,4.01,3.3,7.31
8091731,2022_2Q,2022,2022.25,KENUGA,KEN,UGA,Ecobank,Bank,Bank branch,2 days,48.0,yes,Low,cash,Cash,1.67,5.59,7.26,0.6699999999999999,5.59,6.26
8091732,2022_2Q,2022,2022.25,KENUGA,KEN,UGA,UBA Africash,Bank,Bank branch,Less than one hour,0.5,yes,Medium,cash,Cash,3.8,6.72,10.52,2.6000000000000005,6.72,9.32
8091733,2022_2Q,2022,2022.25,KENUGA,KEN,UGA,MoneyGram,Money Transfer Operator,Agent,2 days,48.0,yes,High,cash,Cash,2.34,3.62,5.96,1.4699999999999998,3.62,5.09
8091734,2022_2Q,2022,2022.25,KENUGA,KEN,UGA,MoneyGram,Money Transfer Operator,Agent,Less than one hour,0.5,yes,High,mobile wallet,Cash,2.34,3.62,5.96,1.4699999999999998,3.62,5.09
8091939,2022_2Q,2022,2022.25,TZAKEN,TZA,KEN,NBC,Bank,Bank branch,Next day,24.0,yes,High,bank account,Bank account transfer,61.67,9.0,70.67,24.67,9.0,33.67
8091940,2022_2Q,2022,2022.25,TZAKEN,TZA,KEN,NBC,Bank,Call Center,Next day,24.0,yes,High,bank account,Bank account transfer,61.669999999999995,9.07,70.74,24.68,9.07,33.75
8091941,2022_2Q,2022,2022.25,TZAKEN,TZA,KEN,Stanbic Bank,Bank,Bank branch,Next day,24.0,yes,High,bank account,Bank account transfer,35.85,5.29,41.14,30.0,5.29,35.29
8091942,2022_2Q,2022,2022.25,TZAKEN,TZA,KEN,Stanbic Bank,Bank,Call Center,Next day,24.0,yes,High,bank account,Bank account transfer,35.85,5.37,41.22,29.999999999999996,5.37,35.37
8091943,2022_2Q,2022,2022.25,TZAKEN,TZA,KEN,Western Union,Money Transfer Operator,Agent,Same day,12.0,yes,High,cash,Cash,2.4699999999999998,6.96,9.43,3.71,6.96,10.67
8091944,2022_2Q,2022,2022.25,TZAKEN,TZA,KEN,MoneyGram,Money Transfer Operator,Agent,Less than one hour,0.5,yes,High,cash,Cash,5.619999999999999,2.22,7.84,2.47,2.22,4.69
8091945,2022_2Q,2022,2022.25,TZARWA,TZA,RWA,KCB,Bank,"Bank branch,Call Center",Same day,12.0,yes,High,bank account,Bank account transfer,35.849999999999994,0.02,35.87,14.35,0.02,14.37
8091946,2022_2Q,2022,2022.25,TZARWA,TZA,RWA,NMB (National Microfinance Bank),Non-Bank FI,"Bank branch,Call Center",Next day,24.0,yes,High,bank account,Bank account transfer,25.43,11.92,37.35,10.17,11.92,22.09
8091947,2022_2Q,2022,2022.25,TZARWA,TZA,RWA,MoneyGram,Money Transfer Operator,Agent,Less than one hour,0.5,yes,High,cash,Cash,5.620000000000001,2.86,8.48,2.47,2.86,5.33
8091948,2022_2Q,2022,2022.25,TZARWA,TZA,RWA,Western Union,Money Transfer Operator,Agent,Same day,12.0,yes,High,cash,Cash,2.4700000000000006,6.75,9.22,3.6099999999999994,6.75,10.36
8091949,2022_2Q,2022,2022.25,TZAUGA,TZA,UGA,KCB,Bank,"Bank branch,Call Center",Same day,12.0,yes,High,bank account,Bank account transfer,35.86,0.0,35.86,14.35,0.0,14.35
8091950,2022_2Q,2022,2022.25,TZAUGA,TZA,UGA,NBC,Bank,"Bank branch,Call Center",Next day,24.0,yes,High,bank account,Bank account transfer,61.67,4.3,65.97,24.669999999999998,4.3,28.97
8091951,2022_2Q,2022,2022.25,TZAUGA,TZA,UGA,NMB (National Microfinance Bank),Non-Bank FI,Bank branch,Next day,24.0,yes,High,bank account,Bank account transfer,25.43,3.88,29.31,10.18,3.88,14.06
8091952,2022_2Q,2022,2022.25,TZAUGA,TZA,UGA,NMB (National Microfinance Bank),Non-Bank FI,Call Center,Next day,24.0,yes,High,bank account,Bank account transfer,25.43,3.81,29.24,10.18,3.81,13.99
8091953,2022_2Q,2022,2022.25,TZAUGA,TZA,UGA,Stanbic Bank,Bank,Bank branch,Next day,24.0,yes,High,bank account,Bank account transfer,35.849999999999994,4.88,40.73,30.000000000000004,4.88,34.88
8091954,2022_2Q,2022,2022.25,TZAUGA,TZA,UGA,Stanbic Bank,Bank,Call Center,Next day,24.0,yes,High,bank account,Bank account transfer,35.86,5.04,40.9,30.0,5.04,35.04
8091955,2022_2Q,2022,2022.25,TZAUGA,TZA,UGA,MoneyGram,Money Transfer Operator,Agent,Less than one hour,0.5,yes,High,cash,Cash,5.620000000000001,4.26,9.88,2.4700000000000006,4.26,6.73
8091956,2022_2Q,2022,2022.25,TZAUGA,TZA,UGA,Western Union,Money Transfer Operator,Agent,Same day,12.0,yes,High,cash,Cash,2.460000000000001,5.75,8.21,3.5999999999999996,5.75,9.35
8092839,2022_2Q,2022,2022.25,TZAKEN,TZA,KEN,M-Pesa,Mobile Operator,Mobile phone,Less than one hour,0.5,yes,High,mobile wallet,Mobile money,0.45999999999999996,4.21,4.67,0.40000000000000036,4.21,4.61
8093126,2022_2Q,2022,2022.25,KENTZA,KEN,TZA,ABC Bank,Money Transfer Operator,"Bank branch,Call Center,Internet",2 days,48.0,yes,Medium,bank account,Bank account transfer,10.010000000000002,3.3,13.31,4.01,3.3,7.31
8093127,2022_2Q,2022,2022.25,KENTZA,KEN,TZA,Development Bank of Kenya,Bank,"Bank branch,Call Center,Internet",Same day,12.0,yes,Medium,bank account,Bank account transfer,13.629999999999999,3.14,16.77,5.629999999999999,3.14,8.77
8093128,2022_2Q,2022,2022.25,KENTZA,KEN,TZA,Ecobank,Bank,Bank branch,2 days,48.0,yes,Low,cash,Cash,1.67,5.59,7.26,0.6699999999999999,5.59,6.26
8093129,2022_2Q,2022,2022.25,KENTZA,KEN,TZA,Spire Bank,Bank,"Bank branch,Call Center,Internet",2 days,48.0,yes,Medium,bank account,Bank account transfer,10.0,3.22,13.22,3.9999999999999996,3.22,7.22
8093130,2022_2Q,2022,2022.25,KENTZA,KEN,TZA,GT Bank,Bank,"Bank branch,Call Center,Internet",2 days,48.0,yes,Medium,bank account,Bank account transfer,10.0,4.39,14.39,4.000000000000001,4.39,8.39
8093131,2022_2Q,2022,2022.25,KENTZA,KEN,TZA,KCB,Bank,"Bank branch,Call Center,Internet",2 days,48.0,yes,Medium,bank account,Bank account transfer,13.34,5.59,18.93,5.34,5.59,10.93
8093132,2022_2Q,2022,2022.25,KENTZA,KEN,TZA,MoneyGram,Money Transfer Operator,Agent,Less than one hour,0.5,yes,High,cash,Cash,2.34,3.79,6.13,1.4699999999999998,3.79,5.26
8093133,2022_2Q,2022,2022.25,KENTZA,KEN,TZA,UBA Africash,Bank,Bank branch,Less than one hour,0.5,yes,Medium,cash,Cash,3.8,6.72,10.52,2.6000000000000005,6.72,9.32
8093134,2022_2Q,2022,2022.25,KENTZA,KEN,TZA,United Bank for Africa (UBA),Bank,"Bank branch,Call Center,Internet",2 days,48.0,yes,Medium,bank account,Bank account transfer,3.33,6.48,9.81,1.3299999999999992,6.48,7.81
8093561,2022_2Q,2022,2022.25,KENSSD,KEN,SSD,ABC Bank,Money Transfer Operator,"Bank branch,Call Center,Internet",2 days,48.0,yes,Low,bank account,Bank account transfer,10.010000000000002,3.3,13.31,4.01,3.3,7.31
8093562,2022_2Q,2022,2022.25,KENSSD,KEN,SSD,Development Bank of Kenya,Bank,"Bank branch,Call Center,Internet",Same day,12.0,yes,Low,bank account,Bank account transfer,13.629999999999999,3.14,16.77,5.629999999999999,3.14,8.77
8093563,2022_2Q,2022,2022.25,KENSSD,KEN,SSD,Ecobank,Bank,Bank branch,2 days,48.0,yes,Low,bank account,Cash,1.67,5.59,7.26,0.6699999999999999,5.59,6.26
8093564,2022_2Q,2022,2022.25,KENSSD,KEN,SSD,Spire Bank,Bank,"Bank branch,Call Center,Internet",2 days,48.0,yes,Low,bank account,Bank account transfer,10.0,3.22,13.22,3.9999999999999996,3.22,7.22
8093565,2022_2Q,2022,2022.25,KENSSD,KEN,SSD,GT Bank,Bank,"Bank branch,Call Center,Internet",2 days,48.0,yes,Low,bank account,Bank account transfer,10.0,4.39,14.39,4.000000000000001,4.39,8.39
8093566,2022_2Q,2022,2022.25,KENSSD,KEN,SSD,KCB,Bank,"Bank branch,Call Center,Internet",2 days,48.0,yes,Low,bank account,Bank account transfer,13.34,5.59,18.93,5.34,5.59,10.93
8093567,2022_2Q,2022,2022.25,KENSSD,KEN,SSD,MoneyGram,Money Transfer Operator,Agent,Less than one hour,0.5,yes,High,cash,Cash,2.3399999999999994,3.22,5.56,1.4700000000000002,3.22,4.69
8093568,2022_2Q,2022,2022.25,KENSSD,KEN,SSD,United Bank for Africa (UBA),Bank,"Bank branch,Call Center,Internet",2 days,48.0,yes,Low,bank account,Bank account transfer,3.33,6.48,9.81,1.3299999999999992,6.48,7.81
8093569,2022_2Q,2022,2022.25,KENSSD,KEN,SSD,Western Union,Money Transfer Operator,Agent,Less than one hour,0.5,yes,Low,cash,Cash,1.1999999999999997,3.22,4.42,1.1999999999999997,3.22,4.42
8093664,2022_2Q,2022,2022.25,RWAKEN,RWA,KEN,Ecobank RapidCash,Bank,Bank branch,Same day,12.0,yes,High,bank account,Bank account transfer,6.68,5.15,11.83,3.459999999999999,5.15,8.61
8093665,2022_2Q,2022,2022.25,RWAKEN,RWA,KEN,Ecobank RapidCash,Bank,Internet,Less than one hour,0.5,yes,High,bank account,Bank account transfer,3.0,2.79,5.79,3.0,2.79,5.79
8093666,2022_2Q,2022,2022.25,RWAKEN,RWA,KEN,KCB,Bank,Bank branch,Same day,12.0,yes,High,own/partner bank account,Cash,20.3,7.06,27.36,8.120000000000001,7.06,15.18
8093667,2022_2Q,2022,2022.25,RWAKEN,RWA,KEN,MoneyGram,Money Transfer Operator,Agent,Same day,12.0,yes,High,cash,Cash,3.9299999999999997,2.54,6.47,3.7800000000000002,2.54,6.32
8093668,2022_2Q,2022,2022.25,RWAKEN,RWA,KEN,MTN Mobile Money,Mobile Operator,Mobile phone,Less than one hour,0.5,yes,High,mobile wallet,Mobile money,0.16000000000000014,5.76,5.92,0.40000000000000036,5.76,6.16
8093669,2022_2Q,2022,2022.25,RWAKEN,RWA,KEN,Western Union,Money Transfer Operator,Agent,Next day,24.0,yes,High,cash,Cash,4.94,6.21,11.15,2.3999999999999995,6.21,8.61
8093869,2022_2Q,2022,2022.25,KENTZA,KEN,TZA,M-Pesa,Mobile Operator,Mobile phone,Less than one hour,0.5,yes,High,cash,Mobile money,1.94,3.9,5.84,1.1099999999999999,3.9,5.01
8093870,2022_2Q,2022,2022.25,KENUGA,KEN,UGA,M-Pesa,Mobile Operator,Mobile phone,Less than one hour,0.5,yes,High,cash,Mobile money,1.9500000000000002,4.21,6.16,1.1100000000000003,4.21,5.32
8093879,2022_2Q,2022,2022.25,TZARWA,TZA,RWA,Tigo,Mobile Operator,Mobile phone,Less than one hour,0.5,yes,High,mobile wallet,Mobile money,0.0,13.28,13.28,0.0,13.28,13.28
8094741,2022_2Q,2022,2022.25,KENRWA,KEN,RWA,Dahabshiil,Money Transfer Operator,Agent,Less than one hour,0.5,yes,Low,cash,Cash,2.3900000000000006,3.3,5.69,2.45,3.3,5.75
8094742,2022_2Q,2022,2022.25,KENSSD,KEN,SSD,Dahabshiil,Money Transfer Operator,Agent,Less than one hour,0.5,yes,Low,cash,Cash,2.3900000000000006,3.3,5.69,2.45,3.3,5.75
8094743,2022_2Q,2022,2022.25,KENUGA,KEN,UGA,Dahabshiil,Money Transfer Operator,Agent,Less than one hour,0.5,yes,Low,cash,Cash,2.3900000000000006,3.3,5.69,2.45,3.3,5.75
8095163,2022_2Q,2022,2022.25,KENRWA,KEN,RWA,EcoBank Rapid Transfer,Money Transfer Operator,"Bank branch,Internet",Less than one hour,0.5,yes,Medium,cash,"Bank account transfer,Cash",3.0,4.02,7.02,2.9300000000000006,4.02,6.95
8095164,2022_2Q,2022,2022.25,KENSSD,KEN,SSD,EcoBank Rapid Transfer,Money Transfer Operator,"Bank branch,Internet",Less than one hour,0.5,yes,Low,cash,"Bank account transfer,Cash",3.0,5.59,8.59,2.9399999999999995,5.59,8.53
8095165,2022_2Q,2022,2022.25,KENTZA,KEN,TZA,EcoBank Rapid Transfer,Money Transfer Operator,"Bank branch,Internet",Less than one hour,0.5,yes,Medium,cash,"Bank account transfer,Cash",3.0,5.59,8.59,2.9399999999999995,5.59,8.53
8095166,2022_2Q,2022,2022.25,KENUGA,KEN,UGA,EcoBank Rapid Transfer,Money Transfer Operator,"Bank branch,Internet",Less than one hour,0.5,yes,Medium,cash,"Bank account transfer,Cash",3.0,5.59,8.59,2.9399999999999995,5.59,8.53
8095477,2022_2Q,2022,2022.25,RWAKEN,RWA,KEN,KCB,Bank,Bank branch,Same day,12.0,yes,High,own/partner bank account,Bank account transfer,20.3,7.06,27.36,8.120000000000001,7.06,15.18
8095722,2022_2Q,2022,2022.25,RWAKEN,RWA,KEN,Maico Money Transfer,Money Transfer Operator,Agent,Same day,12.0,yes,High,cash,Cash,3.9999999999999996,2.35,6.35,4.0,2.61,6.61
8095851,2022_2Q,2022,2022.25,RWAKEN,RWA,KEN,WorldRemit,Money Transfer Operator,Internet,Less than one hour,0.5,yes,High,cash,"Credit Card,Debit card",2.93,1.48,4.41,1.6400000000000001,1.48,3.12
8095885,2022_2Q,2022,2022.25,KENUGA,KEN,UGA,Western Union,Money Transfer Operator,Agent,Less than one hour,0.5,yes,High,cash,Cash,1.2,0.75,1.95,1.2,0.75,1.95
11033447,2022_3Q,2022,2022.5,RWAKEN,RWA,KEN,Western Union,Money Transfer Operator,Agent,Less than one hour,0.5,yes,High,cash,Cash,3.999999999999999,4.79,8.79,2.4000000000000004,4.79,7.19
11031625,2022_3Q,2022,2022.5,KENUGA,KEN,UGA,GT Bank,Bank,Bank branch,Less than one hour,0.5,yes,High,bank account,Bank account transfer,10.0,5.44,15.44,3.999999999999999,5.44,9.44
11031626,2022_3Q,2022,2022.5,KENUGA,KEN,UGA,GT Bank,Bank,"Call Center,Internet",2 days,48.0,yes,High,bank account,Bank account transfer,10.0,5.44,15.44,3.999999999999999,5.44,9.44
11031627,2022_3Q,2022,2022.5,KENUGA,KEN,UGA,Development Bank of Kenya,Bank,"Bank branch,Internet",2 days,48.0,yes,High,bank account,Bank account transfer,13.629999999999999,5.44,19.07,5.63,5.44,11.07
11031629,2022_3Q,2022,2022.5,KENUGA,KEN,UGA,Spire Bank,Bank,"Bank branch,Internet",2 days,48.0,yes,High,bank account,Bank account transfer,10.0,6.63,16.63,4.000000000000001,6.63,10.63
11031632,2022_3Q,2022,2022.5,KENUGA,KEN,UGA,BPR Bank Rwanda,Bank,"Bank branch,Call Center,Internet",2 days,48.0,yes,High,bank account,Bank account transfer,13.329999999999998,5.44,18.77,5.329999999999999,5.44,10.77
11031633,2022_3Q,2022,2022.5,KENUGA,KEN,UGA,ABC Bank,Money Transfer Operator,"Bank branch,Call Center,Internet",2 days,48.0,yes,High,bank account,Bank account transfer,10.0,5.44,15.44,3.999999999999999,5.44,9.44
11032959,2022_3Q,2022,2022.5,KENTZA,KEN,TZA,ABC Bank,Money Transfer Operator,"Bank branch,Call Center",2 days,48.0,yes,Medium,bank account,Bank account transfer,10.0,5.44,15.44,3.999999999999999,5.44,9.44
11032961,2022_3Q,2022,2022.5,KENTZA,KEN,TZA,Development Bank of Kenya,Bank,"Bank branch,Call Center,Internet",2 days,48.0,yes,Medium,bank account,Bank account transfer,13.629999999999999,5.44,19.07,5.63,5.44,11.07
11032963,2022_3Q,2022,2022.5,KENTZA,KEN,TZA,Spire Bank,Bank,"Bank branch,Call Center,Internet",2 days,48.0,yes,Medium,bank account,Bank account transfer,10.0,6.63,16.63,4.000000000000001,6.63,10.63
11032964,2022_3Q,2022,2022.5,KENTZA,KEN,TZA,GT Bank,Bank,Bank branch,Less than one hour,0.5,yes,Medium,bank account,Bank account transfer,10.0,5.44,15.44,3.999999999999999,5.44,9.44
11032965,2022_3Q,2022,2022.5,KENTZA,KEN,TZA,GT Bank,Bank,"Call Center,Internet",2 days,48.0,yes,Medium,bank account,Bank account transfer,10.0,5.44,15.44,3.999999999999999,5.44,9.44
11032966,2022_3Q,2022,2022.5,KENTZA,KEN,TZA,BPR Bank Rwanda,Bank,"Bank branch,Call Center,Internet",2 days,48.0,yes,Medium,bank account,Bank account transfer,13.329999999999998,5.44,18.77,5.329999999999999,5.44,10.77
11033355,2022_3Q,2022,2022.5,KENSSD,KEN,SSD,ABC Bank,Money Transfer Operator,"Bank branch,Call Center,Internet",2 days,48.0,yes,Low,bank account,Bank account transfer,10.0,5.44,15.44,3.999999999999999,5.44,9.44
11033356,2022_3Q,2022,2022.5,KENSSD,KEN,SSD,Development Bank of Kenya,Bank,"Bank branch,Call Center,Internet",2 days,48.0,yes,Low,bank account,Bank account transfer,13.629999999999999,5.44,19.07,5.63,5.44,11.07
11033358,2022_3Q,2022,2022.5,KENSSD,KEN,SSD,Spire Bank,Bank,"Bank branch,Call Center,Internet",2 days,48.0,yes,Low,bank account,Bank account transfer,10.0,6.63,16.63,4.000000000000001,6.63,10.63
11033359,2022_3Q,2022,2022.5,KENSSD,KEN,SSD,GT Bank,Bank,"Bank branch,Internet",2 days,48.0,yes,Low,bank account,Bank account transfer,10.0,5.44,15.44,3.999999999999999,5.44,9.44
11033360,2022_3Q,2022,2022.5,KENSSD,KEN,SSD,GT Bank,Bank,Call Center,Less than one hour,0.5,yes,Low,bank account,Bank account transfer,10.0,5.44,15.44,3.999999999999999,5.44,9.44
11033361,2022_3Q,2022,2022.5,KENSSD,KEN,SSD,BPR Bank Rwanda,Bank,"Bank branch,Call Center,Internet",2 days,48.0,yes,Low,bank account,Bank account transfer,13.329999999999998,5.44,18.77,5.329999999999999,5.44,10.77
11034475,2022_3Q,2022,2022.5,KENRWA,KEN,RWA,Dahabshiil,Money Transfer Operator,Agent,Less than one hour,0.5,yes,Low,cash,Cash,2.3999999999999995,5.44,7.84,2.3999999999999995,5.44,7.84
11034476,2022_3Q,2022,2022.5,KENSSD,KEN,SSD,Dahabshiil,Money Transfer Operator,Agent,Less than one hour,0.5,yes,Low,cash,Cash,2.3999999999999995,5.44,7.84,2.3999999999999995,5.44,7.84
11034477,2022_3Q,2022,2022.5,KENUGA,KEN,UGA,Dahabshiil,Money Transfer Operator,Agent,Less than one hour,0.5,yes,Low,cash,Cash,2.3999999999999995,5.44,7.84,2.3999999999999995,5.44,7.84
11031159,2022_3Q,2022,2022.5,TZAKEN,TZA,KEN,BPR Bank Rwanda,Bank,"Bank branch,Call Center",Same day,12.0,yes,High,bank account,Bank account transfer,35.93,0.0,35.93,14.38,0.0,14.38
11031828,2022_3Q,2022,2022.5,TZAKEN,TZA,KEN,MoneyGram,Money Transfer Operator,Agent,Less than one hour,0.5,yes,High,cash,Cash,5.66,0.1,5.76,2.48,0.1,2.58
11031829,2022_3Q,2022,2022.5,TZARWA,TZA,RWA,BPR Bank Rwanda,Bank,"Bank branch,Call Center",Same day,12.0,yes,High,bank account,Bank account transfer,35.93,-0.01,35.92,14.379999999999999,-0.01,14.37
11031830,2022_3Q,2022,2022.5,TZARWA,TZA,RWA,NMB (National Microfinance Bank),Non-Bank FI,"Bank branch,Call Center",Next day,24.0,yes,High,bank account,Bank account transfer,42.83,12.14,54.97,17.14,12.14,29.28
11031831,2022_3Q,2022,2022.5,TZARWA,TZA,RWA,MoneyGram,Money Transfer Operator,Agent,Less than one hour,0.5,yes,High,cash,Cash,5.66,0.1,5.76,2.48,0.1,2.58
11031833,2022_3Q,2022,2022.5,TZAUGA,TZA,UGA,BPR Bank Rwanda,Bank,"Bank branch,Call Center",Same day,12.0,yes,High,bank account,Bank account transfer,35.93,-0.06,35.87,14.38,-0.06,14.32
11031834,2022_3Q,2022,2022.5,TZAUGA,TZA,UGA,NBC,Bank,Bank branch,Next day,24.0,yes,High,bank account,Bank account transfer,42.82000000000001,4.52,47.34,17.13,4.52,21.65
11031835,2022_3Q,2022,2022.5,TZAUGA,TZA,UGA,NBC,Bank,Call Center,Next day,24.0,yes,High,bank account,Bank account transfer,42.83,4.5,47.33,17.14,4.5,21.64
11031836,2022_3Q,2022,2022.5,TZAUGA,TZA,UGA,NMB (National Microfinance Bank),Non-Bank FI,"Bank branch,Call Center",Next day,24.0,yes,High,bank account,Bank account transfer,42.83,3.16,45.99,17.13,3.16,20.29
11031839,2022_3Q,2022,2022.5,TZAUGA,TZA,UGA,MoneyGram,Money Transfer Operator,Agent,Less than one hour,0.5,yes,High,cash,Cash,5.66,-0.05,5.61,2.4699999999999998,-0.05,2.42
11031622,2022_3Q,2022,2022.5,KENRWA,KEN,RWA,MoneyGram,Money Transfer Operator,Agent,Less than one hour,0.5,yes,High,cash,Cash,2.3299999999999996,3.6,5.93,1.4599999999999995,3.6,5.06
11031623,2022_3Q,2022,2022.5,KENRWA,KEN,RWA,Ecobank,Bank,Bank branch,Next day,24.0,yes,Medium,cash,Cash,19.439999999999998,8.99,28.43,7.779999999999999,8.99,16.77
11031631,2022_3Q,2022,2022.5,KENUGA,KEN,UGA,United Bank for Africa (UBA),Bank,"Bank branch,Call Center,Internet",2 days,48.0,yes,High,bank account,Bank account transfer,3.34,6.59,9.93,1.3399999999999999,6.59,7.93
11031634,2022_3Q,2022,2022.5,KENUGA,KEN,UGA,Ecobank,Bank,Bank branch,Next day,24.0,yes,Low,cash,Cash,19.439999999999998,8.99,28.43,7.779999999999999,8.99,16.77
11031635,2022_3Q,2022,2022.5,KENUGA,KEN,UGA,UBA Africash,Bank,Bank branch,Less than one hour,0.5,yes,Medium,cash,Cash,3.8100000000000005,6.59,10.4,2.5999999999999996,6.59,9.19
11031636,2022_3Q,2022,2022.5,KENUGA,KEN,UGA,MoneyGram,Money Transfer Operator,Agent,Less than one hour,0.5,yes,High,cash,Cash,2.34,4.22,6.56,1.4700000000000006,4.22,5.69
11032694,2022_3Q,2022,2022.5,TZAKEN,TZA,KEN,M-Pesa,Mobile Operator,Mobile phone,Less than one hour,0.5,yes,High,mobile wallet,Mobile money,0.9,-0.1,0.8,0.8099999999999999,-0.1,0.71
11032962,2022_3Q,2022,2022.5,KENTZA,KEN,TZA,Ecobank,Bank,Bank branch,Next day,24.0,yes,Low,cash,Cash,19.439999999999998,8.99,28.43,7.779999999999999,8.99,16.77
11032967,2022_3Q,2022,2022.5,KENTZA,KEN,TZA,MoneyGram,Money Transfer Operator,Agent,Less than one hour,0.5,yes,High,cash,Cash,2.3299999999999996,2.94,5.27,1.4700000000000002,2.94,4.41
11032968,2022_3Q,2022,2022.5,KENTZA,KEN,TZA,UBA Africash,Bank,Bank branch,Less than one hour,0.5,yes,Medium,cash,Cash,3.8100000000000005,6.59,10.4,2.5999999999999996,6.59,9.19
11032969,2022_3Q,2022,2022.5,KENTZA,KEN,TZA,United Bank for Africa (UBA),Bank,"Bank branch,Call Center",2 days,48.0,yes,Medium,bank account,Bank account transfer,3.34,6.59,9.93,1.3399999999999999,6.59,7.93
11033363,2022_3Q,2022,2022.5,KENSSD,KEN,SSD,United Bank for Africa (UBA),Bank,"Bank branch,Call Center,Internet",2 days,48.0,yes,Low,bank account,Bank account transfer,3.34,6.59,9.93,1.3399999999999999,6.59,7.93
11034841,2022_3Q,2022,2022.5,KENRWA,KEN,RWA,EcoBank Rapid Transfer,Money Transfer Operator,"Bank branch,Internet",Less than one hour,0.5,yes,Medium,cash,"Bank account transfer,Cash",3.0,3.51,6.51,2.9300000000000006,3.51,6.44
11034842,2022_3Q,2022,2022.5,KENSSD,KEN,SSD,EcoBank Rapid Transfer,Money Transfer Operator,"Bank branch,Internet",Less than one hour,0.5,yes,Low,cash,"Bank account transfer,Cash",3.0,8.99,11.99,2.9299999999999997,8.99,11.92
11034843,2022_3Q,2022,2022.5,KENTZA,KEN,TZA,EcoBank Rapid Transfer,Money Transfer Operator,"Bank branch,Internet",Less than one hour,0.5,yes,Medium,cash,"Bank account transfer,Cash",3.0,8.99,11.99,2.9299999999999997,8.99,11.92
11034845,2022_3Q,2022,2022.5,KENUGA,KEN,UGA,EcoBank Rapid Transfer,Money Transfer Operator,"Bank branch,Internet",Less than one hour,0.5,yes,Medium,cash,"Bank account transfer,Cash",3.0,8.99,11.99,2.9299999999999997,8.99,11.92
11035467,2022_3Q,2022,2022.5,RWAKEN,RWA,KEN,WorldRemit,Money Transfer Operator,Internet,Less than one hour,0.5,yes,High,cash,"Credit Card,Debit card",2.9300000000000006,1.39,4.32,1.64,1.39,3.03
11035468,2022_3Q,2022,2022.5,RWAKEN,RWA,KEN,WorldRemit,Money Transfer Operator,Internet,Less than one hour,0.5,yes,High,cash,Debit card,2.93,0.75,3.68,1.6400000000000001,0.75,2.39
11035516,2022_3Q,2022,2022.5,KENRWA,KEN,RWA,Western Union,Money Transfer Operator,Agent,Less than one hour,0.5,yes,High,cash,Cash,1.1999999999999997,3.6,4.8,1.1999999999999997,3.6,4.8
11035517,2022_3Q,2022,2022.5,KENTZA,KEN,TZA,Western Union,Money Transfer Operator,Agent,Less than one hour,0.5,yes,High,cash,Cash,1.1999999999999997,2.94,4.14,1.1999999999999997,2.94,4.14
11030443,2022_3Q,2022,2022.5,KENRWA,KEN,RWA,M-Pesa,Mobile Operator,Mobile phone,Less than one hour,0.5,yes,High,cash,Mobile money,1.94,3.48,5.42,1.1099999999999999,3.48,4.59
11031825,2022_3Q,2022,2022.5,TZAKEN,TZA,KEN,Stanbic Bank,Bank,Bank branch,Next day,24.0,yes,High,bank account,Bank account transfer,35.71,6.06,41.77,14.290000000000003,6.06,20.35
11031826,2022_3Q,2022,2022.5,TZAKEN,TZA,KEN,Stanbic Bank,Bank,Call Center,Next day,24.0,yes,High,bank account,Bank account transfer,35.71,6.06,41.77,14.290000000000003,6.06,20.35
11031837,2022_3Q,2022,2022.5,TZAUGA,TZA,UGA,Stanbic Bank,Bank,Bank branch,Next day,24.0,yes,High,bank account,Bank account transfer,35.709999999999994,6.45,42.16,14.280000000000001,6.45,20.73
11033445,2022_3Q,2022,2022.5,RWAKEN,RWA,KEN,MoneyGram,Money Transfer Operator,Agent,Same day,12.0,yes,High,cash,Cash,3.9299999999999997,2.5,6.43,3.7699999999999996,2.5,6.27
11033645,2022_3Q,2022,2022.5,KENTZA,KEN,TZA,M-Pesa,Mobile Operator,Mobile phone,Less than one hour,0.5,yes,High,cash,Mobile money,1.9400000000000004,3.92,5.86,1.1100000000000003,3.92,5.03
11033646,2022_3Q,2022,2022.5,KENUGA,KEN,UGA,M-Pesa,Mobile Operator,Mobile phone,Less than one hour,0.5,yes,High,cash,Mobile money,1.94,3.6,5.54,1.1099999999999999,3.6,4.71
11033655,2022_3Q,2022,2022.5,TZARWA,TZA,RWA,Tigo,Mobile Operator,Mobile phone,Next day,24.0,yes,High,mobile wallet,Mobile money,0.0,14.07,14.07,0.0,14.07,14.07
11033444,2022_3Q,2022,2022.5,RWAKEN,RWA,KEN,BPR Bank Rwanda,Bank,Bank branch,Same day,12.0,yes,High,own/partner bank account,Cash,20.72,7.26,27.98,8.28,7.26,15.54
11033446,2022_3Q,2022,2022.5,RWAKEN,RWA,KEN,MTN Mobile Money,Mobile Operator,Mobile phone,Less than one hour,0.5,yes,High,mobile wallet,Mobile money,1.33,6.38,7.71,1.2800000000000002,6.38,7.66
11035153,2022_3Q,2022,2022.5,RWAKEN,RWA,KEN,BPR Bank Rwanda,Bank,Bank branch,Same day,12.0,yes,High,own/partner bank account,Bank account transfer,20.72,7.26,27.98,8.28,7.26,15.54
11033443,2022_3Q,2022,2022.5,RWAKEN,RWA,KEN,Ecobank RapidCash,Bank,"Bank branch,Internet",Less than one hour,0.5,yes,High,bank account,Bank account transfer,33.34,2.3,35.64,13.34,2.3,15.64
11031824,2022_3Q,2022,2022.5,TZAKEN,TZA,KEN,NBC,Bank,"Bank branch,Call Center",Next day,24.0,yes,High,bank account,Bank account transfer,42.83,11.58,54.41,17.130000000000003,11.58,28.71
11031838,2022_3Q,2022,2022.5,TZAUGA,TZA,UGA,Stanbic Bank,Bank,Call Center,Next day,24.0,yes,High,bank account,Bank account transfer,35.71,6.32,42.03,14.29,6.32,20.61
11031628,2022_3Q,2022,2022.5,KENUGA,KEN,UGA,Development Bank of Kenya,Bank,Call Center,2 days,48.0,yes,High,bank account,Bank account transfer,13.64,5.04,18.68,5.64,5.04,10.68
11032960,2022_3Q,2022,2022.5,KENTZA,KEN,TZA,ABC Bank,Money Transfer Operator,Internet,2 days,48.0,yes,Medium,bank account,Bank account transfer,10.0,5.04,15.04,3.999999999999999,5.04,9.04
11032970,2022_3Q,2022,2022.5,KENTZA,KEN,TZA,United Bank for Africa (UBA),Bank,Internet,2 days,48.0,yes,Medium,bank account,Bank account transfer,3.34,6.24,9.58,1.3399999999999999,6.24,7.58
11033357,2022_3Q,2022,2022.5,KENSSD,KEN,SSD,Ecobank,Bank,Bank branch,2 days,48.0,yes,Low,bank account,Cash,19.439999999999998,8.65,28.09,7.779999999999999,8.65,16.43
11034844,2022_3Q,2022,2022.5,KENTZA,KEN,TZA,EcoBank Rapid Transfer,Money Transfer Operator,Internet,Less than one hour,0.5,yes,Medium,cash,Cash,3.0,8.65,11.65,2.9299999999999997,8.65,11.58
11030051,2022_3Q,2022,2022.5,KENUGA,KEN,UGA,Western Union,Money Transfer Operator,Agent,Less than one hour,0.5,yes,High,cash,Cash,1.2,0.25,1.45,1.2,0.25,1.45
11031624,2022_3Q,2022,2022.5,KENRWA,KEN,RWA,Western Union,Money Transfer Operator,Agent,Less than one hour,0.5,yes,High,cash,Cash,1.2,0.23,1.43,1.2,0.23,1.43
11031630,2022_3Q,2022,2022.5,KENUGA,KEN,UGA,Spire Bank,Bank,Call Center,2 days,48.0,yes,High,bank account,Bank account transfer,9.999999999999998,6.24,16.24,4.0,6.24,10.24
11033362,2022_3Q,2022,2022.5,KENSSD,KEN,SSD,MoneyGram,Money Transfer Operator,Agent,Less than one hour,0.5,yes,High,cash,Cash,2.34,0.23,2.57,1.47,0.23,1.7
11033364,2022_3Q,2022,2022.5,KENSSD,KEN,SSD,Western Union,Money Transfer Operator,Agent,Less than one hour,0.5,yes,Low,cash,Cash,1.2,0.23,1.43,1.2,0.23,1.43
11031827,2022_3Q,2022,2022.5,TZAKEN,TZA,KEN,Western Union,Money Transfer Operator,Agent,Less than one hour,0.5,yes,High,cash,Cash,2.37,-0.14,2.23,2.35,-0.14,2.21
11031832,2022_3Q,2022,2022.5,TZARWA,TZA,RWA,Western Union,Money Transfer Operator,Agent,Less than one hour,0.5,yes,High,cash,Cash,2.36,-0.05,2.31,2.34,-0.05,2.29
11031840,2022_3Q,2022,2022.5,TZAUGA,TZA,UGA,Western Union,Money Transfer Operator,Agent,Less than one hour,0.5,yes,High,cash,Cash,2.3699999999999997,-0.09,2.28,2.3499999999999996,-0.09,2.26
3244308,2022_4Q,2022,2022.75,KENRWA,KEN,RWA,Ecobank,Bank,Bank branch,Next day,24.0,yes,Medium,cash,Cash,19.45,7.2,26.65,7.78,7.2,14.98
3244310,2022_4Q,2022,2022.75,KENRWA,KEN,RWA,Dahabshiil,Money Transfer Operator,Agent,Less than one hour,0.5,yes,Low,cash,Cash,2.4000000000000004,3.54,5.94,2.4000000000000004,3.54,5.94
3244311,2022_4Q,2022,2022.75,KENRWA,KEN,RWA,EcoBank Rapid Transfer,Money Transfer Operator,Bank branch,Less than one hour,0.5,yes,Medium,cash,Bank account transfer,3.0,4.92,7.92,2.9299999999999997,4.92,7.85
3244312,2022_4Q,2022,2022.75,KENRWA,KEN,RWA,EcoBank Rapid Transfer,Money Transfer Operator,Internet,Less than one hour,0.5,yes,Medium,cash,Bank account transfer,3.0,4.92,7.92,2.9299999999999997,4.92,7.85
3244313,2022_4Q,2022,2022.75,KENRWA,KEN,RWA,EcoBank Rapid Transfer,Money Transfer Operator,Bank branch,Less than one hour,0.5,yes,Medium,cash,Cash,3.0,4.92,7.92,2.9299999999999997,4.92,7.85
3244314,2022_4Q,2022,2022.75,KENRWA,KEN,RWA,EcoBank Rapid Transfer,Money Transfer Operator,Internet,Less than one hour,0.5,yes,Medium,cash,Cash,3.0,4.92,7.92,2.9299999999999997,4.92,7.85
3244315,2022_4Q,2022,2022.75,KENSSD,KEN,SSD,ABC Bank,Money Transfer Operator,Bank branch,2 days,48.0,yes,Low,bank account,Bank account transfer,10.0,4.76,14.76,4.0,4.76,8.76
3244316,2022_4Q,2022,2022.75,KENSSD,KEN,SSD,ABC Bank,Money Transfer Operator,Call Center,2 days,48.0,yes,Low,bank account,Bank account transfer,10.0,4.76,14.76,4.0,4.76,8.76
3244317,2022_4Q,2022,2022.75,KENSSD,KEN,SSD,ABC Bank,Money Transfer Operator,Internet,2 days,48.0,yes,Low,bank account,Bank account transfer,10.0,4.76,14.76,4.0,4.76,8.76
3244318,2022_4Q,2022,2022.75,KENSSD,KEN,SSD,Development Bank of Kenya,Bank,Bank branch,2 days,48.0,yes,Low,bank account,Bank account transfer,13.64,5.98,19.62,5.639999999999999,5.98,11.62
3244319,2022_4Q,2022,2022.75,KENSSD,KEN,SSD,Development Bank of Kenya,Bank,Call Center,2 days,48.0,yes,Low,bank account,Bank account transfer,13.64,5.98,19.62,5.639999999999999,5.98,11.62
3244320,2022_4Q,2022,2022.75,KENSSD,KEN,SSD,Development Bank of Kenya,Bank,Internet,2 days,48.0,yes,Low,bank account,Bank account transfer,13.64,5.98,19.62,5.639999999999999,5.98,11.62
3244321,2022_4Q,2022,2022.75,KENSSD,KEN,SSD,Ecobank,Bank,Bank branch,Next day,24.0,yes,Low,bank account,Cash,19.45,7.2,26.65,7.78,7.2,14.98
3244322,2022_4Q,2022,2022.75,KENSSD,KEN,SSD,Spire Bank,Bank,Bank branch,2 days,48.0,yes,Low,bank account,Bank account transfer,10.0,6.02,16.02,4.0,6.02,10.02
3244323,2022_4Q,2022,2022.75,KENSSD,KEN,SSD,Spire Bank,Bank,Call Center,2 days,48.0,yes,Low,bank account,Bank account transfer,10.0,6.02,16.02,4.0,6.02,10.02
3244324,2022_4Q,2022,2022.75,KENSSD,KEN,SSD,Spire Bank,Bank,Internet,2 days,48.0,yes,Low,bank account,Bank account transfer,10.0,6.02,16.02,4.0,6.02,10.02
3244328,2022_4Q,2022,2022.75,KENSSD,KEN,SSD,KCB,Bank,Bank branch,2 days,48.0,yes,Low,bank account,Bank account transfer,13.34,3.46,16.8,5.340000000000001,3.46,8.8
3244329,2022_4Q,2022,2022.75,KENSSD,KEN,SSD,KCB,Bank,Call Center,2 days,48.0,yes,Low,bank account,Bank account transfer,13.34,3.46,16.8,5.340000000000001,3.46,8.8
3244330,2022_4Q,2022,2022.75,KENSSD,KEN,SSD,KCB,Bank,Internet,2 days,48.0,yes,Low,bank account,Bank account transfer,13.34,3.46,16.8,5.340000000000001,3.46,8.8
3244337,2022_4Q,2022,2022.75,KENSSD,KEN,SSD,Dahabshiil,Money Transfer Operator,Agent,Less than one hour,0.5,yes,Low,cash,Cash,2.4000000000000004,3.54,5.94,2.4000000000000004,3.54,5.94
3244338,2022_4Q,2022,2022.75,KENSSD,KEN,SSD,EcoBank Rapid Transfer,Money Transfer Operator,Bank branch,Less than one hour,0.5,yes,Low,cash,Bank account transfer,2.999999999999999,7.2,10.2,2.9400000000000004,7.2,10.14
3244339,2022_4Q,2022,2022.75,KENSSD,KEN,SSD,EcoBank Rapid Transfer,Money Transfer Operator,Internet,Less than one hour,0.5,yes,Low,cash,Bank account transfer,2.999999999999999,7.2,10.2,2.9400000000000004,7.2,10.14
3244340,2022_4Q,2022,2022.75,KENSSD,KEN,SSD,EcoBank Rapid Transfer,Money Transfer Operator,Bank branch,Less than one hour,0.5,yes,Low,cash,Cash,2.999999999999999,7.2,10.2,2.9400000000000004,7.2,10.14
3244341,2022_4Q,2022,2022.75,KENSSD,KEN,SSD,EcoBank Rapid Transfer,Money Transfer Operator,Internet,Less than one hour,0.5,yes,Low,cash,Cash,2.999999999999999,7.2,10.2,2.9400000000000004,7.2,10.14
3244343,2022_4Q,2022,2022.75,KENTZA,KEN,TZA,ABC Bank,Money Transfer Operator,Bank branch,2 days,48.0,yes,Medium,bank account,Bank account transfer,10.0,4.76,14.76,4.0,4.76,8.76
3244344,2022_4Q,2022,2022.75,KENTZA,KEN,TZA,ABC Bank,Money Transfer Operator,Call Center,2 days,48.0,yes,Medium,bank account,Bank account transfer,10.0,4.76,14.76,4.0,4.76,8.76
3244345,2022_4Q,2022,2022.75,KENTZA,KEN,TZA,ABC Bank,Money Transfer Operator,Internet,2 days,48.0,yes,Medium,bank account,Bank account transfer,10.0,4.76,14.76,4.0,4.76,8.76
3244346,2022_4Q,2022,2022.75,KENTZA,KEN,TZA,Development Bank of Kenya,Bank,Bank branch,2 days,48.0,yes,Medium,bank account,Bank account transfer,13.64,5.98,19.62,5.639999999999999,5.98,11.62
3244347,2022_4Q,2022,2022.75,KENTZA,KEN,TZA,Development Bank of Kenya,Bank,Call Center,2 days,48.0,yes,Medium,bank account,Bank account transfer,13.64,5.98,19.62,5.639999999999999,5.98,11.62
3244348,2022_4Q,2022,2022.75,KENTZA,KEN,TZA,Development Bank of Kenya,Bank,Internet,2 days,48.0,yes,Medium,bank account,Bank account transfer,13.64,5.98,19.62,5.639999999999999,5.98,11.62
3244349,2022_4Q,2022,2022.75,KENTZA,KEN,TZA,Ecobank,Bank,Bank branch,Next day,24.0,yes,Low,cash,Cash,19.45,7.2,26.65,7.78,7.2,14.98
3244351,2022_4Q,2022,2022.75,KENTZA,KEN,TZA,Spire Bank,Bank,Call Center,2 days,48.0,yes,Medium,bank account,Bank account transfer,10.0,6.02,16.02,4.0,6.02,10.02
3244352,2022_4Q,2022,2022.75,KENTZA,KEN,TZA,Spire Bank,Bank,Internet,2 days,48.0,yes,Medium,bank account,Bank account transfer,10.0,6.02,16.02,4.0,6.02,10.02
3244356,2022_4Q,2022,2022.75,KENTZA,KEN,TZA,KCB,Bank,Bank branch,2 days,48.0,yes,Medium,bank account,Bank account transfer,13.34,3.46,16.8,5.340000000000001,3.46,8.8
3244357,2022_4Q,2022,2022.75,KENTZA,KEN,TZA,KCB,Bank,Call Center,2 days,48.0,yes,Medium,bank account,Bank account transfer,13.34,3.46,16.8,5.340000000000001,3.46,8.8
3244358,2022_4Q,2022,2022.75,KENTZA,KEN,TZA,KCB,Bank,Internet,2 days,48.0,yes,Medium,bank account,Bank account transfer,13.34,3.46,16.8,5.340000000000001,3.46,8.8
3244367,2022_4Q,2022,2022.75,KENTZA,KEN,TZA,EcoBank Rapid Transfer,Money Transfer Operator,Bank branch,Less than one hour,0.5,yes,Medium,cash,Bank account transfer,2.999999999999999,7.2,10.2,2.9400000000000004,7.2,10.14
3244368,2022_4Q,2022,2022.75,KENTZA,KEN,TZA,EcoBank Rapid Transfer,Money Transfer Operator,Internet,Less than one hour,0.5,yes,Medium,cash,Bank account transfer,2.999999999999999,7.2,10.2,2.9400000000000004,7.2,10.14
3244369,2022_4Q,2022,2022.75,KENTZA,KEN,TZA,EcoBank Rapid Transfer,Money Transfer Operator,Bank branch,Less than one hour,0.5,yes,Medium,cash,Cash,2.999999999999999,7.2,10.2,2.9400000000000004,7.2,10.14
3244370,2022_4Q,2022,2022.75,KENTZA,KEN,TZA,EcoBank Rapid Transfer,Money Transfer Operator,Internet,Less than one hour,0.5,yes,Medium,cash,Cash,2.999999999999999,7.2,10.2,2.9400000000000004,7.2,10.14
3244375,2022_4Q,2022,2022.75,KENUGA,KEN,UGA,Development Bank of Kenya,Bank,Bank branch,2 days,48.0,yes,High,bank account,Bank account transfer,13.64,5.98,19.62,5.639999999999999,5.98,11.62
3244376,2022_4Q,2022,2022.75,KENUGA,KEN,UGA,Development Bank of Kenya,Bank,Call Center,2 days,48.0,yes,High,bank account,Bank account transfer,13.64,5.98,19.62,5.639999999999999,5.98,11.62
3244377,2022_4Q,2022,2022.75,KENUGA,KEN,UGA,Development Bank of Kenya,Bank,Internet,2 days,48.0,yes,High,bank account,Bank account transfer,13.64,5.98,19.62,5.639999999999999,5.98,11.62
3244378,2022_4Q,2022,2022.75,KENUGA,KEN,UGA,Spire Bank,Bank,Bank branch,2 days,48.0,yes,High,bank account,Bank account transfer,10.0,6.02,16.02,4.0,6.02,10.02
3244379,2022_4Q,2022,2022.75,KENUGA,KEN,UGA,Spire Bank,Bank,Call Center,2 days,48.0,yes,High,bank account,Bank account transfer,10.0,6.02,16.02,4.0,6.02,10.02
3244380,2022_4Q,2022,2022.75,KENUGA,KEN,UGA,Spire Bank,Bank,Internet,2 days,48.0,yes,High,bank account,Bank account transfer,10.0,6.02,16.02,4.0,6.02,10.02
3244384,2022_4Q,2022,2022.75,KENUGA,KEN,UGA,KCB,Bank,Bank branch,2 days,48.0,yes,High,bank account,Bank account transfer,13.34,3.46,16.8,5.340000000000001,3.46,8.8
3244385,2022_4Q,2022,2022.75,KENUGA,KEN,UGA,KCB,Bank,Call Center,2 days,48.0,yes,High,bank account,Bank account transfer,13.34,3.46,16.8,5.340000000000001,3.46,8.8
3244386,2022_4Q,2022,2022.75,KENUGA,KEN,UGA,KCB,Bank,Internet,2 days,48.0,yes,High,bank account,Bank account transfer,13.34,3.46,16.8,5.340000000000001,3.46,8.8
3244387,2022_4Q,2022,2022.75,KENUGA,KEN,UGA,ABC Bank,Money Transfer Operator,Bank branch,2 days,48.0,yes,High,bank account,Bank account transfer,10.0,4.76,14.76,4.0,4.76,8.76
3244388,2022_4Q,2022,2022.75,KENUGA,KEN,UGA,ABC Bank,Money Transfer Operator,Call Center,2 days,48.0,yes,High,bank account,Bank account transfer,10.0,4.76,14.76,4.0,4.76,8.76
3244389,2022_4Q,2022,2022.75,KENUGA,KEN,UGA,ABC Bank,Money Transfer Operator,Internet,2 days,48.0,yes,High,bank account,Bank account transfer,10.0,4.76,14.76,4.0,4.76,8.76
3244390,2022_4Q,2022,2022.75,KENUGA,KEN,UGA,Ecobank,Bank,Bank branch,Next day,24.0,yes,Low,cash,Cash,19.45,7.2,26.65,7.78,7.2,14.98
3244396,2022_4Q,2022,2022.75,KENUGA,KEN,UGA,Dahabshiil,Money Transfer Operator,Agent,Less than one hour,0.5,yes,Low,cash,Cash,2.4000000000000004,3.54,5.94,2.4000000000000004,3.54,5.94
3244397,2022_4Q,2022,2022.75,KENUGA,KEN,UGA,EcoBank Rapid Transfer,Money Transfer Operator,Bank branch,Less than one hour,0.5,yes,Medium,cash,Bank account transfer,2.999999999999999,7.2,10.2,2.9400000000000004,7.2,10.14
3244398,2022_4Q,2022,2022.75,KENUGA,KEN,UGA,EcoBank Rapid Transfer,Money Transfer Operator,Internet,Less than one hour,0.5,yes,Medium,cash,Bank account transfer,2.999999999999999,7.2,10.2,2.9400000000000004,7.2,10.14
3244399,2022_4Q,2022,2022.75,KENUGA,KEN,UGA,EcoBank Rapid Transfer,Money Transfer Operator,Bank branch,Less than one hour,0.5,yes,Medium,cash,Cash,2.999999999999999,7.2,10.2,2.9400000000000004,7.2,10.14
3244400,2022_4Q,2022,2022.75,KENUGA,KEN,UGA,EcoBank Rapid Transfer,Money Transfer Operator,Internet,Less than one hour,0.5,yes,Medium,cash,Cash,2.999999999999999,7.2,10.2,2.9400000000000004,7.2,10.14
3245351,2022_4Q,2022,2022.75,RWAKEN,RWA,KEN,Western Union,Money Transfer Operator,Agent,Less than one hour,0.5,yes,High,cash,Cash,4.0,3.84,7.84,2.4000000000000004,3.84,6.24
3245353,2022_4Q,2022,2022.75,RWAKEN,RWA,KEN,WorldRemit,Money Transfer Operator,Internet,Less than one hour,0.5,yes,High,cash,Credit Card,2.9299999999999997,-0.96,1.97,1.6400000000000001,-0.96,0.68
3245354,2022_4Q,2022,2022.75,RWAKEN,RWA,KEN,WorldRemit,Money Transfer Operator,Internet,Less than one hour,0.5,yes,High,mobile wallet,Credit Card,2.9299999999999997,-0.96,1.97,1.6400000000000001,-0.96,0.68
3245355,2022_4Q,2022,2022.75,RWAKEN,RWA,KEN,WorldRemit,Money Transfer Operator,Internet,Less than one hour,0.5,yes,High,cash,Debit card,2.9299999999999997,-0.96,1.97,1.6400000000000001,-0.96,0.68
3245356,2022_4Q,2022,2022.75,RWAKEN,RWA,KEN,WorldRemit,Money Transfer Operator,Internet,Less than one hour,0.5,yes,High,mobile wallet,Debit card,2.9299999999999997,-0.96,1.97,1.6400000000000001,-0.96,0.68
3245943,2022_4Q,2022,2022.75,TZAUGA,TZA,UGA,KCB,Bank,Bank branch,Same day,12.0,yes,High,bank account,Bank account transfer,35.39,2.92,38.31,14.159999999999998,2.92,17.08
3245944,2022_4Q,2022,2022.75,TZAUGA,TZA,UGA,KCB,Bank,Call Center,Same day,12.0,yes,High,bank account,Bank account transfer,35.39,2.92,38.31,14.159999999999998,2.92,17.08
3244325,2022_4Q,2022,2022.75,KENSSD,KEN,SSD,GT Bank,Bank,Bank branch,2 days,48.0,yes,Low,bank account,Bank account transfer,10.0,4.68,14.68,4.0,4.68,8.68
3244326,2022_4Q,2022,2022.75,KENSSD,KEN,SSD,GT Bank,Bank,Call Center,2 days,48.0,yes,Low,bank account,Bank account transfer,10.0,4.68,14.68,4.0,4.68,8.68
3244327,2022_4Q,2022,2022.75,KENSSD,KEN,SSD,GT Bank,Bank,Internet,2 days,48.0,yes,Low,bank account,Bank account transfer,10.0,4.68,14.68,4.0,4.68,8.68
3244333,2022_4Q,2022,2022.75,KENSSD,KEN,SSD,United Bank for Africa (UBA),Bank,Bank branch,2 days,48.0,yes,Low,bank account,Bank account transfer,3.33,5.91,9.24,1.33,5.91,7.24
3244334,2022_4Q,2022,2022.75,KENSSD,KEN,SSD,United Bank for Africa (UBA),Bank,Call Center,2 days,48.0,yes,Low,bank account,Bank account transfer,3.33,5.91,9.24,1.33,5.91,7.24
3244335,2022_4Q,2022,2022.75,KENSSD,KEN,SSD,United Bank for Africa (UBA),Bank,Internet,2 days,48.0,yes,Low,bank account,Bank account transfer,3.33,5.91,9.24,1.33,5.91,7.24
3244350,2022_4Q,2022,2022.75,KENTZA,KEN,TZA,Spire Bank,Bank,Bank branch,2 days,48.0,yes,Medium,bank account,Bank account transfer,10.0,5.91,15.91,4.0,5.91,9.91
3244353,2022_4Q,2022,2022.75,KENTZA,KEN,TZA,GT Bank,Bank,Bank branch,2 days,48.0,yes,Medium,bank account,Bank account transfer,10.0,4.68,14.68,4.0,4.68,8.68
3244354,2022_4Q,2022,2022.75,KENTZA,KEN,TZA,GT Bank,Bank,Call Center,2 days,48.0,yes,Medium,bank account,Bank account transfer,10.0,4.68,14.68,4.0,4.68,8.68
3244355,2022_4Q,2022,2022.75,KENTZA,KEN,TZA,GT Bank,Bank,Internet,2 days,48.0,yes,Medium,bank account,Bank account transfer,10.0,4.68,14.68,4.0,4.68,8.68
3244361,2022_4Q,2022,2022.75,KENTZA,KEN,TZA,UBA Africash,Bank,Bank branch,Less than one hour,0.5,yes,Medium,cash,Cash,3.8000000000000007,5.91,9.71,2.5999999999999996,5.91,8.51
3244362,2022_4Q,2022,2022.75,KENTZA,KEN,TZA,United Bank for Africa (UBA),Bank,Bank branch,2 days,48.0,yes,Medium,bank account,Bank account transfer,3.33,5.91,9.24,1.33,5.91,7.24
3244363,2022_4Q,2022,2022.75,KENTZA,KEN,TZA,United Bank for Africa (UBA),Bank,Call Center,2 days,48.0,yes,Medium,bank account,Bank account transfer,3.33,5.91,9.24,1.33,5.91,7.24
3244364,2022_4Q,2022,2022.75,KENTZA,KEN,TZA,United Bank for Africa (UBA),Bank,Internet,2 days,48.0,yes,Medium,bank account,Bank account transfer,3.33,5.91,9.24,1.33,5.91,7.24
3244372,2022_4Q,2022,2022.75,KENUGA,KEN,UGA,GT Bank,Bank,Bank branch,2 days,48.0,yes,High,bank account,Bank account transfer,10.0,4.68,14.68,4.0,4.68,8.68
3244373,2022_4Q,2022,2022.75,KENUGA,KEN,UGA,GT Bank,Bank,Call Center,2 days,48.0,yes,High,bank account,Bank account transfer,10.0,4.68,14.68,4.0,4.68,8.68
3244374,2022_4Q,2022,2022.75,KENUGA,KEN,UGA,GT Bank,Bank,Internet,2 days,48.0,yes,High,bank account,Bank account transfer,10.0,4.68,14.68,4.0,4.68,8.68
3244381,2022_4Q,2022,2022.75,KENUGA,KEN,UGA,United Bank for Africa (UBA),Bank,Bank branch,2 days,48.0,yes,High,bank account,Bank account transfer,3.33,5.91,9.24,1.33,5.91,7.24
3244382,2022_4Q,2022,2022.75,KENUGA,KEN,UGA,United Bank for Africa (UBA),Bank,Call Center,2 days,48.0,yes,High,bank account,Bank account transfer,3.33,5.91,9.24,1.33,5.91,7.24
3244383,2022_4Q,2022,2022.75,KENUGA,KEN,UGA,United Bank for Africa (UBA),Bank,Internet,2 days,48.0,yes,High,bank account,Bank account transfer,3.33,5.91,9.24,1.33,5.91,7.24
3244391,2022_4Q,2022,2022.75,KENUGA,KEN,UGA,UBA Africash,Bank,Bank branch,Less than one hour,0.5,yes,Medium,cash,Cash,3.8000000000000007,5.91,9.71,2.5999999999999996,5.91,8.51
3245349,2022_4Q,2022,2022.75,RWAKEN,RWA,KEN,MoneyGram,Money Transfer Operator,Agent,Less than one hour,0.5,yes,High,cash,Cash,3.9399999999999995,1.57,5.51,3.7799999999999994,1.57,5.35
3244303,2022_4Q,2022,2022.75,KENRWA,KEN,RWA,Western Union,Money Transfer Operator,Agent,Less than one hour,0.5,yes,High,cash,Cash,1.2000000000000002,2.28,3.48,1.2000000000000002,2.28,3.48
3244306,2022_4Q,2022,2022.75,KENRWA,KEN,RWA,MoneyGram,Money Transfer Operator,Agent,Less than one hour,0.5,yes,High,cash,Cash,2.3300000000000005,2.28,4.61,1.4600000000000004,2.28,3.74
3244307,2022_4Q,2022,2022.75,KENRWA,KEN,RWA,MoneyGram,Money Transfer Operator,Agent,Less than one hour,0.5,yes,High,mobile wallet,Cash,2.3300000000000005,2.28,4.61,1.4600000000000004,2.28,3.74
3244309,2022_4Q,2022,2022.75,KENRWA,KEN,RWA,Western Union,Money Transfer Operator,Agent,Less than one hour,0.5,yes,High,cash,Cash,1.2,-0.29,0.91,1.2,-0.29,0.91
3244331,2022_4Q,2022,2022.75,KENSSD,KEN,SSD,MoneyGram,Money Transfer Operator,Agent,Less than one hour,0.5,yes,High,cash,Cash,2.34,-0.29,2.05,1.47,-0.29,1.18
3244332,2022_4Q,2022,2022.75,KENSSD,KEN,SSD,MoneyGram,Money Transfer Operator,Agent,Less than one hour,0.5,yes,High,mobile wallet,Cash,2.34,-0.29,2.05,1.47,-0.29,1.18
3244336,2022_4Q,2022,2022.75,KENSSD,KEN,SSD,Western Union,Money Transfer Operator,Agent,Less than one hour,0.5,yes,Low,cash,Cash,1.2,-0.29,0.91,1.2,-0.29,0.91
3244360,2022_4Q,2022,2022.75,KENTZA,KEN,TZA,MoneyGram,Money Transfer Operator,Agent,Less than one hour,0.5,yes,High,mobile wallet,Cash,2.34,-0.08,2.26,1.47,-0.08,1.39
3244371,2022_4Q,2022,2022.75,KENUGA,KEN,UGA,Western Union,Money Transfer Operator,Agent,Less than one hour,0.5,yes,High,cash,Cash,1.2000000000000002,-0.11,1.09,1.2000000000000002,-0.11,1.09
3244393,2022_4Q,2022,2022.75,KENUGA,KEN,UGA,MoneyGram,Money Transfer Operator,Agent,Less than one hour,0.5,yes,High,cash,Cash,2.33,-0.11,2.22,1.4700000000000002,-0.11,1.36
3245350,2022_4Q,2022,2022.75,RWAKEN,RWA,KEN,MTN Mobile Money,Mobile Operator,Mobile phone,Less than one hour,0.5,yes,High,mobile wallet,Mobile money,1.33,6.05,7.38,1.2800000000000002,6.05,7.33
3244304,2022_4Q,2022,2022.75,KENRWA,KEN,RWA,M-Pesa,Mobile Operator,Mobile phone,Less than one hour,0.5,yes,High,cash,Mobile money,1.9400000000000004,4.89,6.83,1.1100000000000003,4.89,6.0
3244305,2022_4Q,2022,2022.75,KENRWA,KEN,RWA,M-Pesa,Mobile Operator,Mobile phone,Less than one hour,0.5,yes,High,mobile wallet,Mobile money,1.9400000000000004,4.89,6.83,1.1100000000000003,4.89,6.0
3244365,2022_4Q,2022,2022.75,KENTZA,KEN,TZA,M-Pesa,Mobile Operator,Mobile phone,Less than one hour,0.5,yes,High,cash,Mobile money,1.9500000000000002,3.88,5.83,1.1100000000000003,3.88,4.99
3244366,2022_4Q,2022,2022.75,KENTZA,KEN,TZA,M-Pesa,Mobile Operator,Mobile phone,Less than one hour,0.5,yes,High,mobile wallet,Mobile money,1.9500000000000002,3.88,5.83,1.1100000000000003,3.88,4.99
3244394,2022_4Q,2022,2022.75,KENUGA,KEN,UGA,M-Pesa,Mobile Operator,Mobile phone,Less than one hour,0.5,yes,High,cash,Mobile money,1.9400000000000004,4.21,6.15,1.1100000000000003,4.21,5.32
3244395,2022_4Q,2022,2022.75,KENUGA,KEN,UGA,M-Pesa,Mobile Operator,Mobile phone,Less than one hour,0.5,yes,High,mobile wallet,Mobile money,1.9400000000000004,4.21,6.15,1.1100000000000003,4.21,5.32
3245929,2022_4Q,2022,2022.75,TZAKEN,TZA,KEN,NBC,Bank,Bank branch,Next day,24.0,yes,High,bank account,Bank account transfer,42.47,12.22,54.69,16.990000000000002,12.22,29.21
3245930,2022_4Q,2022,2022.75,TZAKEN,TZA,KEN,NBC,Bank,Call Center,Next day,24.0,yes,High,bank account,Bank account transfer,42.47,12.41,54.88,16.99,12.41,29.4
3245931,2022_4Q,2022,2022.75,TZAKEN,TZA,KEN,Stanbic Bank,Bank,Bank branch,Same day,12.0,yes,High,bank account,Bank account transfer,35.39,6.19,41.58,14.16,6.19,20.35
3245932,2022_4Q,2022,2022.75,TZAKEN,TZA,KEN,Stanbic Bank,Bank,Call Center,Same day,12.0,yes,High,bank account,Bank account transfer,35.39,6.15,41.54,14.159999999999998,6.15,20.31
3245938,2022_4Q,2022,2022.75,TZARWA,TZA,RWA,NMB (National Microfinance Bank),Non-Bank FI,Bank branch,Next day,24.0,yes,High,bank account,Bank account transfer,42.47,13.16,55.63,17.0,13.16,30.16
3245939,2022_4Q,2022,2022.75,TZARWA,TZA,RWA,NMB (National Microfinance Bank),Non-Bank FI,Call Center,Next day,24.0,yes,High,bank account,Bank account transfer,42.47,13.16,55.63,17.0,13.16,30.16
3245945,2022_4Q,2022,2022.75,TZAUGA,TZA,UGA,NBC,Bank,Bank branch,Next day,24.0,yes,High,bank account,Bank account transfer,42.47,4.29,46.76,16.990000000000002,4.29,21.28
3245946,2022_4Q,2022,2022.75,TZAUGA,TZA,UGA,NBC,Bank,Call Center,Next day,24.0,yes,High,bank account,Bank account transfer,42.47,4.29,46.76,16.990000000000002,4.29,21.28
3245947,2022_4Q,2022,2022.75,TZAUGA,TZA,UGA,NMB (National Microfinance Bank),Non-Bank FI,Bank branch,Next day,24.0,yes,High,bank account,Bank account transfer,42.47,3.65,46.12,16.990000000000002,3.65,20.64
3245948,2022_4Q,2022,2022.75,TZAUGA,TZA,UGA,NMB (National Microfinance Bank),Non-Bank FI,Call Center,Next day,24.0,yes,High,bank account,Bank account transfer,42.47,3.65,46.12,16.990000000000002,3.65,20.64
3245949,2022_4Q,2022,2022.75,TZAUGA,TZA,UGA,Stanbic Bank,Bank,Bank branch,Same day,12.0,yes,High,bank account,Bank account transfer,35.400000000000006,5.52,40.92,14.16,5.52,19.68
3245950,2022_4Q,2022,2022.75,TZAUGA,TZA,UGA,Stanbic Bank,Bank,Call Center,Same day,12.0,yes,High,bank account,Bank account transfer,35.39,5.55,40.94,14.16,5.55,19.71
3245927,2022_4Q,2022,2022.75,TZAKEN,TZA,KEN,KCB,Bank,Bank branch,Same day,12.0,yes,High,bank account,Bank account transfer,35.39,-1.55,33.84,14.16,-1.55,12.61
3245928,2022_4Q,2022,2022.75,TZAKEN,TZA,KEN,KCB,Bank,Call Center,Same day,12.0,yes,High,bank account,Bank account transfer,35.39,-1.55,33.84,14.16,-1.55,12.61
3245935,2022_4Q,2022,2022.75,TZAKEN,TZA,KEN,M-Pesa,Mobile Operator,Mobile phone,Less than one hour,0.5,yes,High,mobile wallet,Mobile money,0.7300000000000004,4.77,5.5,0.6500000000000004,4.77,5.42
3245936,2022_4Q,2022,2022.75,TZARWA,TZA,RWA,KCB,Bank,Bank branch,Same day,12.0,yes,High,bank account,Bank account transfer,35.39,-2.34,33.05,14.16,-2.34,11.82
3245937,2022_4Q,2022,2022.75,TZARWA,TZA,RWA,KCB,Bank,Call Center,Same day,12.0,yes,High,bank account,Bank account transfer,35.39,-2.34,33.05,14.16,-2.34,11.82
3245934,2022_4Q,2022,2022.75,TZAKEN,TZA,KEN,MoneyGram,Money Transfer Operator,Agent,Less than one hour,0.5,yes,High,cash,Cash,5.94,-0.71,5.23,2.75,-0.71,2.04
3245940,2022_4Q,2022,2022.75,TZARWA,TZA,RWA,MoneyGram,Money Transfer Operator,Agent,Less than one hour,0.5,yes,High,cash,Cash,6.21,-1.0,5.21,4.13,-1.0,3.13
3245951,2022_4Q,2022,2022.75,TZAUGA,TZA,UGA,MoneyGram,Money Transfer Operator,Agent,Less than one hour,0.5,yes,High,cash,Cash,6.21,-2.95,3.26,2.93,-2.95,-0.02
3245347,2022_4Q,2022,2022.75,RWAKEN,RWA,KEN,Ecobank RapidCash,Bank,Bank branch,Same day,12.0,yes,High,bank account,Bank account transfer,5.109999999999999,0.95,6.06,5.35,0.95,6.3
3244342,2022_4Q,2022,2022.75,KENTZA,KEN,TZA,Western Union,Money Transfer Operator,Agent,Less than one hour,0.5,yes,High,cash,Cash,1.2,0.0,1.2,1.2,0.0,1.2
3244359,2022_4Q,2022,2022.75,KENTZA,KEN,TZA,MoneyGram,Money Transfer Operator,Agent,Less than one hour,0.5,yes,High,cash,Cash,2.33,0.0,2.33,1.47,0.0,1.47
3244392,2022_4Q,2022,2022.75,KENUGA,KEN,UGA,MoneyGram,Money Transfer Operator,Agent,Less than one hour,0.5,yes,High,mobile wallet,Cash,2.33,-0.09,2.24,1.47,-0.09,1.38
3245348,2022_4Q,2022,2022.75,RWAKEN,RWA,KEN,BPR Bank Rwanda,Bank,Bank branch,Next day,24.0,yes,High,own/partner bank account,Cash,21.650000000000002,4.97,26.62,8.66,4.97,13.63
3245352,2022_4Q,2022,2022.75,RWAKEN,RWA,KEN,BPR Bank Rwanda,Bank,Bank branch,Same day,12.0,yes,High,own/partner bank account,Bank account transfer,21.650000000000002,4.97,26.62,8.66,4.97,13.63
3247431,2022_4Q,2022,2022.75,RWAKEN,RWA,KEN,Maico Money Transfer,Money Transfer Operator,Agent,Less than one hour,0.5,yes,High,cash,Cash,4.0,7.59,11.59,4.0,7.59,11.59
3245933,2022_4Q,2022,2022.75,TZAKEN,TZA,KEN,Western Union,Money Transfer Operator,Agent,Less than one hour,0.5,yes,High,cash,Cash,2.3599999999999994,13.56,15.92,2.3599999999999994,13.56,15.92
3245941,2022_4Q,2022,2022.75,TZARWA,TZA,RWA,Western Union,Money Transfer Operator,Agent,Less than one hour,0.5,yes,High,cash,Cash,2.0,1.17,3.17,2.36,1.17,3.53
3245952,2022_4Q,2022,2022.75,TZAUGA,TZA,UGA,Western Union,Money Transfer Operator,Agent,Less than one hour,0.5,yes,High,cash,Cash,2.3600000000000003,5.55,7.91,2.3600000000000003,5.55,7.91
3245942,2022_4Q,2022,2022.75,TZARWA,TZA,RWA,Tigo,Mobile Operator,Mobile phone,Less than one hour,0.5,yes,High,mobile wallet,Mobile money,0.9499999999999993,7.25,8.2,0.8599999999999994,7.25,8.11
626232506,2023_1Q,2023,2023.0,TZAKEN,TZA,KEN,Western Union,Money Transfer Operator,Agent,Same day,12.0,yes,High,cash,Cash,2.3599999999999994,6.26,8.62,2.34,6.26,8.6
626234638,2023_1Q,2023,2023.0,RWAKEN,RWA,KEN,MTN Mobile Money,Mobile Operator,Mobile phone,Less than one hour,0.5,yes,High,mobile wallet,Mobile money,1.33,6.35,7.68,1.2800000000000002,6.35,7.63
626231487,2023_1Q,2023,2023.0,RWAKEN,RWA,KEN,Maico Money Transfer,Money Transfer Operator,Agent,Less than one hour,0.5,yes,High,cash,Cash,4.000000000000001,7.47,11.47,4.000000000000001,7.47,11.47
626231709,2023_1Q,2023,2023.0,TZAKEN,TZA,KEN,KCB,Bank,Bank branch,Same day,12.0,yes,High,bank account,Bank account transfer,35.41,-0.83,34.58,14.17,-0.83,13.34
626231710,2023_1Q,2023,2023.0,TZAKEN,TZA,KEN,KCB,Bank,Call Center,Same day,12.0,yes,High,bank account,Bank account transfer,35.41,-0.83,34.58,14.17,-0.83,13.34
626232508,2023_1Q,2023,2023.0,TZARWA,TZA,RWA,KCB,Bank,Bank branch,Same day,12.0,yes,High,bank account,Bank account transfer,35.41,0.07,35.48,14.17,0.07,14.24
626232509,2023_1Q,2023,2023.0,TZARWA,TZA,RWA,KCB,Bank,Call Center,Same day,12.0,yes,High,bank account,Bank account transfer,35.41,0.07,35.48,14.17,0.07,14.24
626232510,2023_1Q,2023,2023.0,TZARWA,TZA,RWA,NMB (National Microfinance Bank),Non-Bank FI,Bank branch,Same day,12.0,yes,High,bank account,Bank account transfer,42.49,13.07,55.56,17.0,13.08,30.08
626232511,2023_1Q,2023,2023.0,TZARWA,TZA,RWA,NMB (National Microfinance Bank),Non-Bank FI,Call Center,Same day,12.0,yes,High,bank account,Bank account transfer,42.49,13.08,55.57,17.0,13.08,30.08
626232514,2023_1Q,2023,2023.0,TZAUGA,TZA,UGA,KCB,Bank,Bank branch,Same day,12.0,yes,High,bank account,Bank account transfer,35.410000000000004,-0.92,34.49,14.17,-0.92,13.25
626232515,2023_1Q,2023,2023.0,TZAUGA,TZA,UGA,KCB,Bank,Call Center,Same day,12.0,yes,High,bank account,Bank account transfer,35.410000000000004,-0.92,34.49,14.17,-0.92,13.25
626232518,2023_1Q,2023,2023.0,TZAUGA,TZA,UGA,NMB (National Microfinance Bank),Non-Bank FI,Bank branch,Same day,12.0,yes,High,bank account,Bank account transfer,42.49,3.4,45.89,17.0,3.4,20.4
626232519,2023_1Q,2023,2023.0,TZAUGA,TZA,UGA,NMB (National Microfinance Bank),Non-Bank FI,Call Center,Same day,12.0,yes,High,bank account,Bank account transfer,42.49,3.4,45.89,17.0,3.4,20.4
626237519,2023_1Q,2023,2023.0,RWAKEN,RWA,KEN,WorldRemit,Money Transfer Operator,Internet,Less than one hour,0.5,yes,High,mobile wallet,Credit Card,2.9299999999999997,0.89,3.82,1.6399999999999997,0.89,2.53
626237520,2023_1Q,2023,2023.0,RWAKEN,RWA,KEN,WorldRemit,Money Transfer Operator,Internet,Less than one hour,0.5,yes,High,cash,Credit Card,2.9299999999999997,1.03,3.96,1.64,1.03,2.67
626237521,2023_1Q,2023,2023.0,RWAKEN,RWA,KEN,WorldRemit,Money Transfer Operator,Internet,Less than one hour,0.5,yes,High,cash,Debit card,2.9299999999999997,0.93,3.86,1.6399999999999997,0.93,2.57
626237522,2023_1Q,2023,2023.0,RWAKEN,RWA,KEN,WorldRemit,Money Transfer Operator,Internet,Less than one hour,0.5,yes,High,mobile wallet,Debit card,2.9299999999999997,1.03,3.96,1.64,1.03,2.67
626232264,2023_1Q,2023,2023.0,KENRWA,KEN,RWA,Ecobank,Bank,Bank branch,Less than one hour,0.5,yes,Medium,cash,Cash,19.439999999999998,6.69,26.13,7.78,6.69,14.47
626232269,2023_1Q,2023,2023.0,KENUGA,KEN,UGA,Development Bank of Kenya,Bank,Bank branch,2 days,48.0,yes,High,bank account,Bank account transfer,13.629999999999999,6.69,20.32,5.63,6.69,12.32
626232270,2023_1Q,2023,2023.0,KENUGA,KEN,UGA,Development Bank of Kenya,Bank,Call Center,2 days,48.0,yes,High,bank account,Bank account transfer,13.629999999999999,6.69,20.32,5.63,6.69,12.32
626232271,2023_1Q,2023,2023.0,KENUGA,KEN,UGA,Development Bank of Kenya,Bank,Internet,2 days,48.0,yes,High,bank account,Bank account transfer,13.629999999999999,6.69,20.32,5.63,6.69,12.32
626232272,2023_1Q,2023,2023.0,KENUGA,KEN,UGA,United Bank for Africa (UBA),Bank,Bank branch,2 days,48.0,yes,High,bank account,Bank account transfer,3.329999999999999,6.69,10.02,1.3299999999999992,6.69,8.02
626232273,2023_1Q,2023,2023.0,KENUGA,KEN,UGA,United Bank for Africa (UBA),Bank,Call Center,2 days,48.0,yes,High,bank account,Bank account transfer,3.329999999999999,6.69,10.02,1.4699999999999998,6.69,8.16
626232274,2023_1Q,2023,2023.0,KENUGA,KEN,UGA,United Bank for Africa (UBA),Bank,Internet,2 days,48.0,yes,High,bank account,Bank account transfer,3.329999999999999,6.69,10.02,1.3299999999999992,6.69,8.02
626232281,2023_1Q,2023,2023.0,KENUGA,KEN,UGA,Ecobank,Bank,Bank branch,Next day,24.0,yes,Low,cash,Cash,19.439999999999998,6.69,26.13,7.78,6.69,14.47
626232282,2023_1Q,2023,2023.0,KENUGA,KEN,UGA,UBA Africash,Bank,Bank branch,Less than one hour,0.5,yes,Medium,cash,Cash,3.8,6.69,10.49,2.5999999999999988,6.69,9.29
626233913,2023_1Q,2023,2023.0,KENTZA,KEN,TZA,Development Bank of Kenya,Bank,Bank branch,2 days,48.0,yes,Medium,bank account,Bank account transfer,13.629999999999999,6.69,20.32,5.63,6.69,12.32
626233914,2023_1Q,2023,2023.0,KENTZA,KEN,TZA,Development Bank of Kenya,Bank,Call Center,2 days,48.0,yes,Medium,bank account,Bank account transfer,13.629999999999999,6.69,20.32,5.63,6.69,12.32
626233915,2023_1Q,2023,2023.0,KENTZA,KEN,TZA,Development Bank of Kenya,Bank,Internet,2 days,48.0,yes,Medium,bank account,Bank account transfer,13.629999999999999,6.69,20.32,5.63,6.69,12.32
626233916,2023_1Q,2023,2023.0,KENTZA,KEN,TZA,Ecobank,Bank,Bank branch,Next day,24.0,yes,Low,cash,Cash,19.439999999999998,6.69,26.13,7.78,6.69,14.47
626233925,2023_1Q,2023,2023.0,KENTZA,KEN,TZA,UBA Africash,Bank,Bank branch,Less than one hour,0.5,yes,Medium,cash,Cash,3.8,6.69,10.49,2.5999999999999988,6.69,9.29
626233926,2023_1Q,2023,2023.0,KENTZA,KEN,TZA,United Bank for Africa (UBA),Bank,Bank branch,2 days,48.0,yes,Medium,bank account,Bank account transfer,3.329999999999999,6.69,10.02,1.4699999999999998,6.69,8.16
626233927,2023_1Q,2023,2023.0,KENTZA,KEN,TZA,United Bank for Africa (UBA),Bank,Call Center,2 days,48.0,yes,Medium,bank account,Bank account transfer,3.329999999999999,6.69,10.02,1.4699999999999998,6.69,8.16
626233928,2023_1Q,2023,2023.0,KENTZA,KEN,TZA,United Bank for Africa (UBA),Bank,Internet,2 days,48.0,yes,Medium,bank account,Bank account transfer,3.329999999999999,6.69,10.02,1.3299999999999992,6.69,8.02
626234467,2023_1Q,2023,2023.0,KENSSD,KEN,SSD,Development Bank of Kenya,Bank,Bank branch,2 days,48.0,yes,Low,bank account,Bank account transfer,13.629999999999999,6.69,20.32,5.63,6.69,12.32
626234468,2023_1Q,2023,2023.0,KENSSD,KEN,SSD,Development Bank of Kenya,Bank,Call Center,2 days,48.0,yes,Low,bank account,Bank account transfer,13.629999999999999,6.69,20.32,5.63,6.69,12.32
626234469,2023_1Q,2023,2023.0,KENSSD,KEN,SSD,Development Bank of Kenya,Bank,Internet,2 days,48.0,yes,Low,bank account,Bank account transfer,13.629999999999999,6.69,20.32,5.63,6.69,12.32
626234470,2023_1Q,2023,2023.0,KENSSD,KEN,SSD,Ecobank,Bank,Bank branch,Less than one hour,0.5,yes,Low,bank account,Cash,19.439999999999998,6.69,26.13,7.78,6.69,14.47
626234479,2023_1Q,2023,2023.0,KENSSD,KEN,SSD,United Bank for Africa (UBA),Bank,Bank branch,2 days,48.0,yes,Low,bank account,Bank account transfer,3.329999999999999,6.69,10.02,1.4699999999999998,6.69,8.16
626234480,2023_1Q,2023,2023.0,KENSSD,KEN,SSD,United Bank for Africa (UBA),Bank,Call Center,2 days,48.0,yes,Low,bank account,Bank account transfer,3.329999999999999,6.69,10.02,1.4699999999999998,6.69,8.16
626234481,2023_1Q,2023,2023.0,KENSSD,KEN,SSD,United Bank for Africa (UBA),Bank,Internet,2 days,48.0,yes,Low,bank account,Bank account transfer,3.329999999999999,6.69,10.02,1.4699999999999998,6.69,8.16
626236047,2023_1Q,2023,2023.0,KENRWA,KEN,RWA,Dahabshiil,Money Transfer Operator,Agent,Less than one hour,0.5,yes,Low,cash,Cash,2.4,2.9,5.3,2.4,2.9,5.3
626236048,2023_1Q,2023,2023.0,KENSSD,KEN,SSD,Dahabshiil,Money Transfer Operator,Agent,Less than one hour,0.5,yes,Low,cash,Cash,2.4,2.9,5.3,2.4,2.9,5.3
626236049,2023_1Q,2023,2023.0,KENUGA,KEN,UGA,Dahabshiil,Money Transfer Operator,Agent,Less than one hour,0.5,yes,Low,cash,Cash,2.4,2.9,5.3,2.4,2.9,5.3
626236616,2023_1Q,2023,2023.0,KENRWA,KEN,RWA,EcoBank Rapid Transfer,Money Transfer Operator,Bank branch,Less than one hour,0.5,yes,Medium,cash,Bank account transfer,3.0,1.41,4.41,2.9299999999999997,1.41,4.34
626236617,2023_1Q,2023,2023.0,KENRWA,KEN,RWA,EcoBank Rapid Transfer,Money Transfer Operator,Internet,Less than one hour,0.5,yes,Medium,cash,Bank account transfer,3.0,1.41,4.41,2.9299999999999997,1.41,4.34
626236618,2023_1Q,2023,2023.0,KENRWA,KEN,RWA,EcoBank Rapid Transfer,Money Transfer Operator,Bank branch,Less than one hour,0.5,yes,Medium,cash,Cash,3.0,1.41,4.41,2.9299999999999997,1.41,4.34
626236619,2023_1Q,2023,2023.0,KENRWA,KEN,RWA,EcoBank Rapid Transfer,Money Transfer Operator,Internet,Less than one hour,0.5,yes,Medium,cash,Cash,3.0,1.41,4.41,2.9299999999999997,1.41,4.34
626236620,2023_1Q,2023,2023.0,KENSSD,KEN,SSD,EcoBank Rapid Transfer,Money Transfer Operator,Bank branch,Less than one hour,0.5,yes,Low,cash,Bank account transfer,2.999999999999999,6.69,9.69,2.929999999999999,6.69,9.62
626236621,2023_1Q,2023,2023.0,KENSSD,KEN,SSD,EcoBank Rapid Transfer,Money Transfer Operator,Internet,Less than one hour,0.5,yes,Low,cash,Bank account transfer,2.999999999999999,6.69,9.69,2.929999999999999,6.69,9.62
626236622,2023_1Q,2023,2023.0,KENSSD,KEN,SSD,EcoBank Rapid Transfer,Money Transfer Operator,Bank branch,Less than one hour,0.5,yes,Low,cash,Cash,2.999999999999999,6.69,9.69,2.929999999999999,6.69,9.62
626236623,2023_1Q,2023,2023.0,KENSSD,KEN,SSD,EcoBank Rapid Transfer,Money Transfer Operator,Internet,Less than one hour,0.5,yes,Low,cash,Cash,2.999999999999999,6.69,9.69,2.929999999999999,6.69,9.62
626236624,2023_1Q,2023,2023.0,KENTZA,KEN,TZA,EcoBank Rapid Transfer,Money Transfer Operator,Bank branch,Less than one hour,0.5,yes,Medium,cash,Bank account transfer,2.999999999999999,6.69,9.69,2.929999999999999,6.69,9.62
626236625,2023_1Q,2023,2023.0,KENTZA,KEN,TZA,EcoBank Rapid Transfer,Money Transfer Operator,Internet,Less than one hour,0.5,yes,Medium,cash,Bank account transfer,2.999999999999999,6.69,9.69,2.929999999999999,6.69,9.62
626236626,2023_1Q,2023,2023.0,KENTZA,KEN,TZA,EcoBank Rapid Transfer,Money Transfer Operator,Bank branch,Less than one hour,0.5,yes,Medium,cash,Cash,2.999999999999999,6.69,9.69,2.929999999999999,6.69,9.62
626236627,2023_1Q,2023,2023.0,KENTZA,KEN,TZA,EcoBank Rapid Transfer,Money Transfer Operator,Internet,Less than one hour,0.5,yes,Medium,cash,Cash,2.999999999999999,6.69,9.69,2.929999999999999,6.69,9.62
626236628,2023_1Q,2023,2023.0,KENUGA,KEN,UGA,EcoBank Rapid Transfer,Money Transfer Operator,Bank branch,Less than one hour,0.5,yes,Medium,cash,Bank account transfer,2.999999999999999,6.69,9.69,2.929999999999999,6.69,9.62
626236629,2023_1Q,2023,2023.0,KENUGA,KEN,UGA,EcoBank Rapid Transfer,Money Transfer Operator,Internet,Less than one hour,0.5,yes,Medium,cash,Bank account transfer,2.999999999999999,6.69,9.69,2.929999999999999,6.69,9.62
626236630,2023_1Q,2023,2023.0,KENUGA,KEN,UGA,EcoBank Rapid Transfer,Money Transfer Operator,Bank branch,Less than one hour,0.5,yes,Medium,cash,Cash,2.999999999999999,6.69,9.69,2.929999999999999,6.69,9.62
626236631,2023_1Q,2023,2023.0,KENUGA,KEN,UGA,EcoBank Rapid Transfer,Money Transfer Operator,Internet,Less than one hour,0.5,yes,Medium,cash,Cash,2.999999999999999,6.69,9.69,2.929999999999999,6.69,9.62
626232507,2023_1Q,2023,2023.0,TZAKEN,TZA,KEN,MoneyGram,Money Transfer Operator,Agent,Less than one hour,0.5,yes,High,cash,Cash,6.36,1.3,7.66,5.46,1.3,6.76
626232512,2023_1Q,2023,2023.0,TZARWA,TZA,RWA,MoneyGram,Money Transfer Operator,Agent,Less than one hour,0.5,yes,High,cash,Cash,3.5400000000000005,1.9,5.44,3.5400000000000005,1.9,5.44
626232522,2023_1Q,2023,2023.0,TZAUGA,TZA,UGA,MoneyGram,Money Transfer Operator,Agent,Less than one hour,0.5,yes,High,cash,Cash,6.359999999999999,1.49,7.85,5.46,1.49,6.95
626234636,2023_1Q,2023,2023.0,RWAKEN,RWA,KEN,BPR Bank Rwanda,Bank,Bank branch,Less than one hour,0.5,yes,High,own/partner bank account,Cash,21.82,6.87,28.69,8.73,6.87,15.6
626237023,2023_1Q,2023,2023.0,RWAKEN,RWA,KEN,BPR Bank Rwanda,Bank,Bank branch,Less than one hour,0.5,yes,High,own/partner bank account,Bank account transfer,21.82,6.87,28.69,8.73,6.87,15.6
626230113,2023_1Q,2023,2023.0,KENRWA,KEN,RWA,Western Union,Money Transfer Operator,Agent,Less than one hour,0.5,yes,High,cash,Cash,1.2000000000000002,3.55,4.75,1.2000000000000002,3.55,4.75
626230481,2023_1Q,2023,2023.0,KENRWA,KEN,RWA,M-Pesa,Mobile Operator,Mobile phone,Less than one hour,0.5,yes,High,cash,Mobile money,1.9400000000000004,4.38,6.32,1.1100000000000003,4.38,5.49
626230482,2023_1Q,2023,2023.0,KENRWA,KEN,RWA,M-Pesa,Mobile Operator,Mobile phone,Less than one hour,0.5,yes,High,mobile wallet,Mobile money,1.9400000000000004,4.38,6.32,1.1100000000000003,4.38,5.49
626232262,2023_1Q,2023,2023.0,KENRWA,KEN,RWA,MoneyGram,Money Transfer Operator,Agent,Less than one hour,0.5,yes,High,cash,Cash,2.3300000000000005,3.32,5.65,1.4700000000000002,3.32,4.79
626232263,2023_1Q,2023,2023.0,KENRWA,KEN,RWA,MoneyGram,Money Transfer Operator,Agent,Less than one hour,0.5,yes,High,mobile wallet,Cash,2.3300000000000005,3.32,5.65,1.4700000000000002,3.32,4.79
626232283,2023_1Q,2023,2023.0,KENUGA,KEN,UGA,MoneyGram,Money Transfer Operator,Agent,Less than one hour,0.5,yes,High,cash,Cash,2.3299999999999996,2.52,4.85,1.4700000000000002,2.52,3.99
626232284,2023_1Q,2023,2023.0,KENUGA,KEN,UGA,MoneyGram,Money Transfer Operator,Agent,Less than one hour,0.5,yes,High,mobile wallet,Cash,2.3299999999999996,2.52,4.85,1.4700000000000002,2.52,3.99
626233923,2023_1Q,2023,2023.0,KENTZA,KEN,TZA,MoneyGram,Money Transfer Operator,Agent,Less than one hour,0.5,yes,High,cash,Cash,2.3300000000000005,2.53,4.86,1.4700000000000002,2.53,4.0
626233924,2023_1Q,2023,2023.0,KENTZA,KEN,TZA,MoneyGram,Money Transfer Operator,Agent,Less than one hour,0.5,yes,High,mobile wallet,Cash,2.3300000000000005,2.53,4.86,1.4700000000000002,2.53,4.0
626234634,2023_1Q,2023,2023.0,RWAKEN,RWA,KEN,Ecobank RapidCash,Bank,Bank branch,Less than one hour,0.5,yes,High,bank account,Bank account transfer,5.110000000000001,4.1,9.21,5.35,4.1,9.45
626234635,2023_1Q,2023,2023.0,RWAKEN,RWA,KEN,Ecobank RapidCash,Bank,Internet,Less than one hour,0.5,yes,High,bank account,Bank account transfer,5.110000000000001,4.1,9.21,2.0500000000000007,4.1,6.15
626234637,2023_1Q,2023,2023.0,RWAKEN,RWA,KEN,MoneyGram,Money Transfer Operator,Agent,Less than one hour,0.5,yes,High,cash,Cash,3.93,2.36,6.29,3.78,2.36,6.14
626234836,2023_1Q,2023,2023.0,KENTZA,KEN,TZA,M-Pesa,Mobile Operator,Mobile phone,Less than one hour,0.5,yes,High,cash,Mobile money,1.94,3.43,5.37,1.1099999999999999,3.43,4.54
626234837,2023_1Q,2023,2023.0,KENTZA,KEN,TZA,M-Pesa,Mobile Operator,Mobile phone,Less than one hour,0.5,yes,High,mobile wallet,Mobile money,1.94,3.43,5.37,1.1099999999999999,3.43,4.54
626234838,2023_1Q,2023,2023.0,KENUGA,KEN,UGA,M-Pesa,Mobile Operator,Mobile phone,Less than one hour,0.5,yes,High,cash,Mobile money,1.9399999999999995,4.19,6.13,1.1099999999999994,4.19,5.3
626234839,2023_1Q,2023,2023.0,KENUGA,KEN,UGA,M-Pesa,Mobile Operator,Mobile phone,Less than one hour,0.5,yes,High,mobile wallet,Mobile money,1.9399999999999995,4.19,6.13,1.1099999999999994,4.19,5.3
626232502,2023_1Q,2023,2023.0,TZAKEN,TZA,KEN,NBC,Bank,Bank branch,Same day,12.0,yes,High,bank account,Bank account transfer,42.49,13.14,55.63,17.0,13.14,30.14
626232503,2023_1Q,2023,2023.0,TZAKEN,TZA,KEN,NBC,Bank,Call Center,Same day,12.0,yes,High,bank account,Bank account transfer,42.49,13.14,55.63,17.0,13.14,30.14
626232516,2023_1Q,2023,2023.0,TZAUGA,TZA,UGA,NBC,Bank,Bank branch,Same day,12.0,yes,High,bank account,Bank account transfer,42.49,5.05,47.54,17.0,5.05,22.05
626232517,2023_1Q,2023,2023.0,TZAUGA,TZA,UGA,NBC,Bank,Call Center,Same day,12.0,yes,High,bank account,Bank account transfer,42.49,5.05,47.54,17.0,5.05,22.05
626233574,2023_1Q,2023,2023.0,TZAKEN,TZA,KEN,M-Pesa,Mobile Operator,Mobile phone,Less than one hour,0.5,yes,High,mobile wallet,Mobile money,0.9000000000000004,4.83,5.73,0.6899999999999995,4.83,5.52
626234853,2023_1Q,2023,2023.0,TZARWA,TZA,RWA,Tigo,Mobile Operator,Mobile phone,Same day,12.0,yes,High,mobile wallet,Mobile money,0.9500000000000002,6.18,7.13,0.8600000000000003,6.18,7.04
626232265,2023_1Q,2023,2023.0,KENRWA,KEN,RWA,Western Union,Money Transfer Operator,Agent,Less than one hour,0.5,yes,High,cash,Cash,1.1999999999999997,3.18,4.38,1.1999999999999997,3.18,4.38
626232266,2023_1Q,2023,2023.0,KENUGA,KEN,UGA,GT Bank,Bank,Bank branch,2 days,48.0,yes,High,bank account,Bank account transfer,10.0,7.0,17.0,4.0,7.0,11.0
626232267,2023_1Q,2023,2023.0,KENUGA,KEN,UGA,GT Bank,Bank,Call Center,2 days,48.0,yes,High,bank account,Bank account transfer,10.0,7.0,17.0,4.0,7.0,11.0
626232268,2023_1Q,2023,2023.0,KENUGA,KEN,UGA,GT Bank,Bank,Internet,2 days,48.0,yes,High,bank account,Bank account transfer,10.0,7.0,17.0,4.0,7.0,11.0
626232275,2023_1Q,2023,2023.0,KENUGA,KEN,UGA,KCB,Bank,Bank branch,2 days,48.0,yes,High,bank account,Bank account transfer,13.33,5.76,19.09,5.33,5.76,11.09
626232276,2023_1Q,2023,2023.0,KENUGA,KEN,UGA,KCB,Bank,Call Center,2 days,48.0,yes,High,bank account,Bank account transfer,13.33,5.76,19.09,5.33,5.76,11.09
626232277,2023_1Q,2023,2023.0,KENUGA,KEN,UGA,KCB,Bank,Internet,2 days,48.0,yes,High,bank account,Bank account transfer,13.33,5.76,19.09,5.33,5.76,11.09
626232278,2023_1Q,2023,2023.0,KENUGA,KEN,UGA,ABC Bank,Money Transfer Operator,Bank branch,2 days,48.0,yes,High,bank account,Bank account transfer,10.0,5.72,15.72,4.000000000000001,5.72,9.72
626232279,2023_1Q,2023,2023.0,KENUGA,KEN,UGA,ABC Bank,Money Transfer Operator,Call Center,2 days,48.0,yes,High,bank account,Bank account transfer,10.0,5.72,15.72,4.000000000000001,5.72,9.72
626232280,2023_1Q,2023,2023.0,KENUGA,KEN,UGA,ABC Bank,Money Transfer Operator,Internet,2 days,48.0,yes,High,bank account,Bank account transfer,10.0,5.72,15.72,4.000000000000001,5.72,9.72
626233910,2023_1Q,2023,2023.0,KENTZA,KEN,TZA,ABC Bank,Money Transfer Operator,Bank branch,2 days,48.0,yes,Medium,bank account,Bank account transfer,10.0,5.72,15.72,4.000000000000001,5.72,9.72
626233911,2023_1Q,2023,2023.0,KENTZA,KEN,TZA,ABC Bank,Money Transfer Operator,Call Center,2 days,48.0,yes,Medium,bank account,Bank account transfer,10.0,5.72,15.72,4.000000000000001,5.72,9.72
626233912,2023_1Q,2023,2023.0,KENTZA,KEN,TZA,ABC Bank,Money Transfer Operator,Internet,2 days,48.0,yes,Medium,bank account,Bank account transfer,10.0,5.72,15.72,4.000000000000001,5.72,9.72
626233917,2023_1Q,2023,2023.0,KENTZA,KEN,TZA,GT Bank,Bank,Bank branch,2 days,48.0,yes,Medium,bank account,Bank account transfer,10.0,7.0,17.0,4.0,7.0,11.0
626233918,2023_1Q,2023,2023.0,KENTZA,KEN,TZA,GT Bank,Bank,Call Center,2 days,48.0,yes,Medium,bank account,Bank account transfer,10.0,7.0,17.0,4.0,7.0,11.0
626233919,2023_1Q,2023,2023.0,KENTZA,KEN,TZA,GT Bank,Bank,Internet,2 days,48.0,yes,Medium,bank account,Bank account transfer,10.0,7.0,17.0,4.0,7.0,11.0
626233920,2023_1Q,2023,2023.0,KENTZA,KEN,TZA,KCB,Bank,Bank branch,2 days,48.0,yes,Medium,bank account,Bank account transfer,13.33,5.76,19.09,5.33,5.76,11.09
626233921,2023_1Q,2023,2023.0,KENTZA,KEN,TZA,KCB,Bank,Call Center,2 days,48.0,yes,Medium,bank account,Bank account transfer,13.33,5.76,19.09,5.33,5.76,11.09
626233922,2023_1Q,2023,2023.0,KENTZA,KEN,TZA,KCB,Bank,Internet,2 days,48.0,yes,Medium,bank account,Bank account transfer,13.33,5.76,19.09,5.33,5.76,11.09
626234464,2023_1Q,2023,2023.0,KENSSD,KEN,SSD,ABC Bank,Money Transfer Operator,Bank branch,2 days,48.0,yes,Low,bank account,Bank account transfer,10.0,5.72,15.72,4.000000000000001,5.72,9.72
626234465,2023_1Q,2023,2023.0,KENSSD,KEN,SSD,ABC Bank,Money Transfer Operator,Call Center,2 days,48.0,yes,Low,bank account,Bank account transfer,10.0,5.72,15.72,4.000000000000001,5.72,9.72
626234466,2023_1Q,2023,2023.0,KENSSD,KEN,SSD,ABC Bank,Money Transfer Operator,Internet,2 days,48.0,yes,Low,bank account,Bank account transfer,10.0,5.72,15.72,4.000000000000001,5.72,9.72
626234471,2023_1Q,2023,2023.0,KENSSD,KEN,SSD,GT Bank,Bank,Bank branch,2 days,48.0,yes,Low,bank account,Bank account transfer,10.0,7.0,17.0,4.0,7.0,11.0
626234472,2023_1Q,2023,2023.0,KENSSD,KEN,SSD,GT Bank,Bank,Call Center,2 days,48.0,yes,Low,bank account,Bank account transfer,10.0,7.0,17.0,4.0,7.0,11.0
626234473,2023_1Q,2023,2023.0,KENSSD,KEN,SSD,GT Bank,Bank,Internet,2 days,48.0,yes,Low,bank account,Bank account transfer,10.0,7.0,17.0,4.0,7.0,11.0
626234474,2023_1Q,2023,2023.0,KENSSD,KEN,SSD,KCB,Bank,Bank branch,2 days,48.0,yes,Low,bank account,Bank account transfer,13.33,5.76,19.09,5.33,5.76,11.09
626234475,2023_1Q,2023,2023.0,KENSSD,KEN,SSD,KCB,Bank,Call Center,2 days,48.0,yes,Low,bank account,Bank account transfer,13.33,5.76,19.09,5.33,5.76,11.09
626234476,2023_1Q,2023,2023.0,KENSSD,KEN,SSD,KCB,Bank,Internet,2 days,48.0,yes,Low,bank account,Bank account transfer,13.33,5.76,19.09,5.33,5.76,11.09
626234477,2023_1Q,2023,2023.0,KENSSD,KEN,SSD,MoneyGram,Money Transfer Operator,Agent,Less than one hour,0.5,yes,High,cash,Cash,2.3300000000000005,1.9,4.23,1.4700000000000002,1.9,3.37
626234478,2023_1Q,2023,2023.0,KENSSD,KEN,SSD,MoneyGram,Money Transfer Operator,Agent,Less than one hour,0.5,yes,High,mobile wallet,Cash,2.3300000000000005,1.9,4.23,1.4700000000000002,1.9,3.37
626232513,2023_1Q,2023,2023.0,TZARWA,TZA,RWA,Western Union,Money Transfer Operator,Agent,Same day,12.0,yes,High,cash,Cash,2.3599999999999994,7.67,10.03,2.3400000000000007,7.64,9.98
626232523,2023_1Q,2023,2023.0,TZAUGA,TZA,UGA,Western Union,Money Transfer Operator,Agent,Same day,12.0,yes,High,cash,Cash,2.3599999999999994,6.83,9.19,2.34,6.83,9.17
626230114,2023_1Q,2023,2023.0,KENTZA,KEN,TZA,Western Union,Money Transfer Operator,Agent,Less than one hour,0.5,yes,High,cash,Cash,1.1999999999999997,2.6,3.8,1.1999999999999997,2.6,3.8
626230115,2023_1Q,2023,2023.0,KENUGA,KEN,UGA,Western Union,Money Transfer Operator,Agent,Less than one hour,0.5,yes,High,cash,Cash,1.2000000000000002,2.25,3.45,1.2000000000000002,2.25,3.45
626234482,2023_1Q,2023,2023.0,KENSSD,KEN,SSD,Western Union,Money Transfer Operator,Agent,Less than one hour,0.5,yes,Low,cash,Cash,1.2,-0.23,0.97,1.2,-0.23,0.97
626232504,2023_1Q,2023,2023.0,TZAKEN,TZA,KEN,Stanbic Bank,Bank,Bank branch,Same day,12.0,yes,High,bank account,Bank account transfer,35.41,0.5,35.91,14.17,0.5,14.67
626232505,2023_1Q,2023,2023.0,TZAKEN,TZA,KEN,Stanbic Bank,Bank,Call Center,Same day,12.0,yes,High,bank account,Bank account transfer,35.41,0.5,35.91,14.17,0.5,14.67
626232520,2023_1Q,2023,2023.0,TZAUGA,TZA,UGA,Stanbic Bank,Bank,Bank branch,Same day,12.0,yes,High,bank account,Bank account transfer,35.41,-0.05,35.36,14.17,-0.05,14.12
626232521,2023_1Q,2023,2023.0,TZAUGA,TZA,UGA,Stanbic Bank,Bank,Call Center,Same day,12.0,yes,High,bank account,Bank account transfer,35.41,-0.05,35.36,14.17,-0.05,14.12
626234639,2023_1Q,2023,2023.0,RWAKEN,RWA,KEN,Western Union,Money Transfer Operator,Agent,Less than one hour,0.5,yes,High,cash,Cash,4.000000000000001,6.3,10.3,2.3999999999999995,6.3,8.7
928232569,2023_2Q,2023,2023.25,TZAKEN,TZA,KEN,MoneyGram,Money Transfer Operator,Agent,Less than one hour,0.5,yes,High,cash,Cash,5.09,8.53,13.62,4.050000000000001,8.53,12.58
928232574,2023_2Q,2023,2023.25,TZARWA,TZA,RWA,MoneyGram,Money Transfer Operator,Agent,Less than one hour,0.5,yes,High,cash,Cash,5.09,8.72,13.81,4.049999999999999,8.72,12.77
928232584,2023_2Q,2023,2023.25,TZAUGA,TZA,UGA,MoneyGram,Money Transfer Operator,Agent,Less than one hour,0.5,yes,High,cash,Cash,6.359999999999999,8.06,14.42,5.459999999999999,8.06,13.52
928233632,2023_2Q,2023,2023.25,TZAKEN,TZA,KEN,M-Pesa,Mobile Operator,Mobile phone,Less than one hour,0.5,yes,High,mobile wallet,Mobile money,0.8999999999999995,5.16,6.06,0.6899999999999995,5.16,5.85
928237566,2023_2Q,2023,2023.25,RWAKEN,RWA,KEN,WorldRemit,Money Transfer Operator,Internet,Less than one hour,0.5,yes,High,cash,Credit Card,2.9299999999999997,0.35,3.28,1.6400000000000001,0.35,1.99
928237567,2023_2Q,2023,2023.25,RWAKEN,RWA,KEN,WorldRemit,Money Transfer Operator,Internet,Less than one hour,0.5,yes,High,mobile wallet,Debit card,2.9299999999999997,0.28,3.21,1.64,0.28,1.92
928237568,2023_2Q,2023,2023.25,RWAKEN,RWA,KEN,WorldRemit,Money Transfer Operator,Internet,Less than one hour,0.5,yes,High,cash,Debit card,2.9299999999999997,0.35,3.28,1.6400000000000001,0.35,1.99
928234693,2023_2Q,2023,2023.25,RWAKEN,RWA,KEN,Western Union,Money Transfer Operator,Agent,Less than one hour,0.5,yes,High,cash,Cash,4.0,6.08,10.08,2.4000000000000004,6.08,8.48
928232355,2023_2Q,2023,2023.25,KENUGA,KEN,UGA,ABC Bank,Money Transfer Operator,Bank branch,2 days,48.0,yes,High,bank account,Bank account transfer,10.0,2.06,12.06,3.9999999999999996,2.06,6.06
928232356,2023_2Q,2023,2023.25,KENUGA,KEN,UGA,ABC Bank,Money Transfer Operator,Call Center,2 days,48.0,yes,High,bank account,Bank account transfer,10.0,2.06,12.06,3.9999999999999996,2.06,6.06
928232357,2023_2Q,2023,2023.25,KENUGA,KEN,UGA,ABC Bank,Money Transfer Operator,Internet,2 days,48.0,yes,High,bank account,Bank account transfer,10.0,2.06,12.06,3.9999999999999996,2.06,6.06
928231565,2023_2Q,2023,2023.25,RWAKEN,RWA,KEN,Maico Money Transfer,Money Transfer Operator,Agent,Less than one hour,0.5,yes,High,cash,Cash,4.000000000000002,12.28,16.28,4.000000000000002,12.28,16.28
928232577,2023_2Q,2023,2023.25,TZAUGA,TZA,UGA,KCB,Bank,Call Center,Same day,12.0,yes,High,bank account,Bank account transfer,35.58,14.61,50.19,14.240000000000002,14.61,28.85
928233970,2023_2Q,2023,2023.25,KENTZA,KEN,TZA,ABC Bank,Money Transfer Operator,Bank branch,2 days,48.0,yes,Medium,bank account,Bank account transfer,10.0,2.06,12.06,3.9999999999999996,2.06,6.06
928233971,2023_2Q,2023,2023.25,KENTZA,KEN,TZA,ABC Bank,Money Transfer Operator,Call Center,2 days,48.0,yes,Medium,bank account,Bank account transfer,10.0,2.06,12.06,3.9999999999999996,2.06,6.06
928233972,2023_2Q,2023,2023.25,KENTZA,KEN,TZA,ABC Bank,Money Transfer Operator,Internet,2 days,48.0,yes,Medium,bank account,Bank account transfer,10.0,2.06,12.06,3.9999999999999996,2.06,6.06
928236103,2023_2Q,2023,2023.25,KENRWA,KEN,RWA,Dahabshiil,Money Transfer Operator,Agent,Less than one hour,0.5,yes,Low,cash,Cash,2.4,2.02,4.42,2.4,2.02,4.42
928236104,2023_2Q,2023,2023.25,KENSSD,KEN,SSD,Dahabshiil,Money Transfer Operator,Agent,Less than one hour,0.5,yes,Low,cash,Cash,2.4,2.02,4.42,2.4,2.02,4.42
928236105,2023_2Q,2023,2023.25,KENUGA,KEN,UGA,Dahabshiil,Money Transfer Operator,Agent,Less than one hour,0.5,yes,Low,cash,Cash,2.4,2.02,4.42,2.4,2.02,4.42
928237565,2023_2Q,2023,2023.25,RWAKEN,RWA,KEN,WorldRemit,Money Transfer Operator,Internet,Less than one hour,0.5,yes,High,mobile wallet,Credit Card,2.9299999999999997,0.35,3.28,1.6400000000000001,0.35,1.99
928234517,2023_2Q,2023,2023.25,KENSSD,KEN,SSD,ABC Bank,Money Transfer Operator,Bank branch,2 days,48.0,yes,Low,bank account,Bank account transfer,10.0,2.06,12.06,3.9999999999999996,2.06,6.06
928234518,2023_2Q,2023,2023.25,KENSSD,KEN,SSD,ABC Bank,Money Transfer Operator,Call Center,2 days,48.0,yes,Low,bank account,Bank account transfer,10.0,2.06,12.06,3.9999999999999996,2.06,6.06
928234519,2023_2Q,2023,2023.25,KENSSD,KEN,SSD,ABC Bank,Money Transfer Operator,Internet,2 days,48.0,yes,Low,bank account,Bank account transfer,10.0,2.06,12.06,3.9999999999999996,2.06,6.06
928234688,2023_2Q,2023,2023.25,RWAKEN,RWA,KEN,Ecobank RapidCash,Bank,Bank branch,Less than one hour,0.5,yes,High,bank account,Bank account transfer,5.109999999999999,5.75,10.86,5.35,5.75,11.1
928234689,2023_2Q,2023,2023.25,RWAKEN,RWA,KEN,Ecobank RapidCash,Bank,Internet,Less than one hour,0.5,yes,High,bank account,Bank account transfer,5.109999999999999,5.75,10.86,5.35,5.75,11.1
928234691,2023_2Q,2023,2023.25,RWAKEN,RWA,KEN,MoneyGram,Money Transfer Operator,Agent,Less than one hour,0.5,yes,High,cash,Cash,3.9299999999999997,2.66,6.59,3.7800000000000002,2.66,6.44
928234692,2023_2Q,2023,2023.25,RWAKEN,RWA,KEN,MTN Mobile Money,Mobile Operator,Mobile phone,Less than one hour,0.5,yes,High,mobile wallet,Mobile money,1.33,5.92,7.25,1.2800000000000002,5.92,7.2
928232339,2023_2Q,2023,2023.25,KENRWA,KEN,RWA,MoneyGram,Money Transfer Operator,Agent,Less than one hour,0.5,yes,High,cash,Cash,2.33,3.34,5.67,1.4699999999999998,3.34,4.81
928232340,2023_2Q,2023,2023.25,KENRWA,KEN,RWA,MoneyGram,Money Transfer Operator,Agent,Less than one hour,0.5,yes,High,mobile wallet,Cash,2.33,3.34,5.67,1.4699999999999998,3.34,4.81
928232341,2023_2Q,2023,2023.25,KENRWA,KEN,RWA,Ecobank,Bank,Bank branch,2 days,48.0,yes,Medium,cash,Cash,19.439999999999998,4.78,24.22,7.78,4.78,12.56
928232343,2023_2Q,2023,2023.25,KENUGA,KEN,UGA,GT Bank,Bank,Bank branch,2 days,48.0,yes,High,bank account,Bank account transfer,10.0,1.91,11.91,4.0,1.91,5.91
928232344,2023_2Q,2023,2023.25,KENUGA,KEN,UGA,GT Bank,Bank,Call Center,2 days,48.0,yes,High,bank account,Bank account transfer,10.0,1.91,11.91,4.0,1.91,5.91
928232345,2023_2Q,2023,2023.25,KENUGA,KEN,UGA,GT Bank,Bank,Internet,2 days,48.0,yes,High,bank account,Bank account transfer,10.0,1.91,11.91,4.0,1.91,5.91
928232358,2023_2Q,2023,2023.25,KENUGA,KEN,UGA,Ecobank,Bank,Bank branch,2 days,48.0,yes,Low,cash,Cash,19.439999999999998,4.78,24.22,7.78,4.78,12.56
928232360,2023_2Q,2023,2023.25,KENUGA,KEN,UGA,MoneyGram,Money Transfer Operator,Agent,Less than one hour,0.5,yes,High,cash,Cash,2.33,3.01,5.34,1.4700000000000006,3.01,4.48
928232361,2023_2Q,2023,2023.25,KENUGA,KEN,UGA,MoneyGram,Money Transfer Operator,Agent,Less than one hour,0.5,yes,High,mobile wallet,Cash,2.33,3.01,5.34,1.4700000000000006,3.01,4.48
928233976,2023_2Q,2023,2023.25,KENTZA,KEN,TZA,Ecobank,Bank,Bank branch,2 days,48.0,yes,Low,cash,Cash,19.439999999999998,4.78,24.22,7.78,4.78,12.56
928233977,2023_2Q,2023,2023.25,KENTZA,KEN,TZA,GT Bank,Bank,Bank branch,2 days,48.0,yes,Medium,bank account,Bank account transfer,10.0,1.91,11.91,4.0,1.91,5.91
928233978,2023_2Q,2023,2023.25,KENTZA,KEN,TZA,GT Bank,Bank,Call Center,2 days,48.0,yes,Medium,bank account,Bank account transfer,10.0,1.91,11.91,4.0,1.91,5.91
928233979,2023_2Q,2023,2023.25,KENTZA,KEN,TZA,GT Bank,Bank,Internet,2 days,48.0,yes,Medium,bank account,Bank account transfer,10.0,1.91,11.91,4.0,1.91,5.91
928233983,2023_2Q,2023,2023.25,KENTZA,KEN,TZA,MoneyGram,Money Transfer Operator,Agent,Less than one hour,0.5,yes,High,cash,Cash,2.33,3.51,5.84,1.4700000000000006,3.51,4.98
928233984,2023_2Q,2023,2023.25,KENTZA,KEN,TZA,MoneyGram,Money Transfer Operator,Agent,Less than one hour,0.5,yes,High,mobile wallet,Cash,2.33,3.51,5.84,1.4700000000000006,3.51,4.98
928234908,2023_2Q,2023,2023.25,TZARWA,TZA,RWA,Tigo,Mobile Operator,Mobile phone,Less than one hour,0.5,yes,High,mobile wallet,Mobile money,0.9499999999999993,5.69,6.64,0.8599999999999994,5.69,6.55
928236673,2023_2Q,2023,2023.25,KENSSD,KEN,SSD,EcoBank Rapid Transfer,Money Transfer Operator,Bank branch,Less than one hour,0.5,yes,Low,cash,Bank account transfer,3.0,4.78,7.78,2.9299999999999997,4.78,7.71
928236674,2023_2Q,2023,2023.25,KENSSD,KEN,SSD,EcoBank Rapid Transfer,Money Transfer Operator,Internet,Less than one hour,0.5,yes,Low,cash,Bank account transfer,3.0,4.78,7.78,2.9299999999999997,4.78,7.71
928236675,2023_2Q,2023,2023.25,KENSSD,KEN,SSD,EcoBank Rapid Transfer,Money Transfer Operator,Bank branch,Less than one hour,0.5,yes,Low,cash,Cash,3.0,4.78,7.78,2.9299999999999997,4.78,7.71
928236676,2023_2Q,2023,2023.25,KENSSD,KEN,SSD,EcoBank Rapid Transfer,Money Transfer Operator,Internet,Less than one hour,0.5,yes,Low,cash,Cash,3.0,4.78,7.78,2.9299999999999997,4.78,7.71
928236677,2023_2Q,2023,2023.25,KENTZA,KEN,TZA,EcoBank Rapid Transfer,Money Transfer Operator,Bank branch,Less than one hour,0.5,yes,Medium,cash,Bank account transfer,3.0,4.78,7.78,2.9299999999999997,4.78,7.71
928236678,2023_2Q,2023,2023.25,KENTZA,KEN,TZA,EcoBank Rapid Transfer,Money Transfer Operator,Internet,Less than one hour,0.5,yes,Medium,cash,Bank account transfer,3.0,4.78,7.78,2.9299999999999997,4.78,7.71
928236679,2023_2Q,2023,2023.25,KENTZA,KEN,TZA,EcoBank Rapid Transfer,Money Transfer Operator,Bank branch,Less than one hour,0.5,yes,Medium,cash,Cash,3.0,4.78,7.78,2.9299999999999997,4.78,7.71
928236680,2023_2Q,2023,2023.25,KENTZA,KEN,TZA,EcoBank Rapid Transfer,Money Transfer Operator,Internet,Less than one hour,0.5,yes,Medium,cash,Cash,3.0,4.78,7.78,2.9299999999999997,4.78,7.71
928236681,2023_2Q,2023,2023.25,KENUGA,KEN,UGA,EcoBank Rapid Transfer,Money Transfer Operator,Bank branch,Less than one hour,0.5,yes,Medium,cash,Bank account transfer,3.0,4.78,7.78,2.9299999999999997,4.78,7.71
928236682,2023_2Q,2023,2023.25,KENUGA,KEN,UGA,EcoBank Rapid Transfer,Money Transfer Operator,Internet,Less than one hour,0.5,yes,Medium,cash,Bank account transfer,3.0,4.78,7.78,2.9299999999999997,4.78,7.71
928236683,2023_2Q,2023,2023.25,KENUGA,KEN,UGA,EcoBank Rapid Transfer,Money Transfer Operator,Bank branch,Less than one hour,0.5,yes,Medium,cash,Cash,3.0,4.78,7.78,2.9299999999999997,4.78,7.71
928236684,2023_2Q,2023,2023.25,KENUGA,KEN,UGA,EcoBank Rapid Transfer,Money Transfer Operator,Internet,Less than one hour,0.5,yes,Medium,cash,Cash,3.0,4.78,7.78,2.9299999999999997,4.78,7.71
928237078,2023_2Q,2023,2023.25,RWAKEN,RWA,KEN,BPR Bank Rwanda,Bank,Bank branch,Next day,24.0,yes,High,own/partner bank account,Bank account transfer,26.64,7.6,34.24,10.660000000000002,7.6,18.26
928230125,2023_2Q,2023,2023.25,KENRWA,KEN,RWA,Western Union,Money Transfer Operator,Agent,Less than one hour,0.5,yes,High,cash,Cash,1.2000000000000002,3.34,4.54,1.2000000000000002,3.34,4.54
928230126,2023_2Q,2023,2023.25,KENTZA,KEN,TZA,Western Union,Money Transfer Operator,Agent,Less than one hour,0.5,yes,High,cash,Cash,1.1999999999999997,3.39,4.59,1.1999999999999997,3.39,4.59
928230127,2023_2Q,2023,2023.25,KENUGA,KEN,UGA,Western Union,Money Transfer Operator,Agent,Less than one hour,0.5,yes,High,cash,Cash,1.2000000000000002,3.12,4.32,1.2000000000000002,3.12,4.32
928234523,2023_2Q,2023,2023.25,KENSSD,KEN,SSD,Ecobank,Bank,Bank branch,2 days,48.0,yes,Low,bank account,Cash,19.439999999999998,4.78,24.22,7.78,4.78,12.56
928234524,2023_2Q,2023,2023.25,KENSSD,KEN,SSD,GT Bank,Bank,Bank branch,2 days,48.0,yes,Low,bank account,Bank account transfer,10.0,1.91,11.91,4.0,1.91,5.91
928234525,2023_2Q,2023,2023.25,KENSSD,KEN,SSD,GT Bank,Bank,Call Center,2 days,48.0,yes,Low,bank account,Bank account transfer,10.0,1.91,11.91,4.0,1.91,5.91
928234526,2023_2Q,2023,2023.25,KENSSD,KEN,SSD,GT Bank,Bank,Internet,2 days,48.0,yes,Low,bank account,Bank account transfer,10.0,1.91,11.91,4.0,1.91,5.91
928234690,2023_2Q,2023,2023.25,RWAKEN,RWA,KEN,BPR Bank Rwanda,Bank,Bank branch,Next day,24.0,yes,High,own/partner bank account,Cash,26.64,7.53,34.17,10.66,7.53,18.19
928232566,2023_2Q,2023,2023.25,TZAKEN,TZA,KEN,Stanbic Bank,Bank,Bank branch,Same day,12.0,yes,High,bank account,Bank account transfer,35.58,6.21,41.79,14.239999999999998,6.21,20.45
928232567,2023_2Q,2023,2023.25,TZAKEN,TZA,KEN,Stanbic Bank,Bank,Call Center,Same day,12.0,yes,High,bank account,Bank account transfer,35.58,6.21,41.79,14.239999999999998,6.21,20.45
928234891,2023_2Q,2023,2023.25,KENTZA,KEN,TZA,M-Pesa,Mobile Operator,Mobile phone,Less than one hour,0.5,yes,High,cash,Mobile money,1.9400000000000004,3.8,5.74,1.1100000000000003,3.8,4.91
928234892,2023_2Q,2023,2023.25,KENTZA,KEN,TZA,M-Pesa,Mobile Operator,Mobile phone,Less than one hour,0.5,yes,High,mobile wallet,Mobile money,1.9400000000000004,3.8,5.74,1.1100000000000003,3.8,4.91
928234893,2023_2Q,2023,2023.25,KENUGA,KEN,UGA,M-Pesa,Mobile Operator,Mobile phone,Less than one hour,0.5,yes,High,cash,Mobile money,1.94,3.97,5.91,1.1099999999999999,3.97,5.08
928234894,2023_2Q,2023,2023.25,KENUGA,KEN,UGA,M-Pesa,Mobile Operator,Mobile phone,Less than one hour,0.5,yes,High,mobile wallet,Mobile money,1.94,3.97,5.91,1.1099999999999999,3.97,5.08
928230543,2023_2Q,2023,2023.25,KENRWA,KEN,RWA,M-Pesa,Mobile Operator,Mobile phone,Less than one hour,0.5,yes,High,cash,Mobile money,1.9400000000000004,4.76,6.7,1.1100000000000003,4.76,5.87
928230544,2023_2Q,2023,2023.25,KENRWA,KEN,RWA,M-Pesa,Mobile Operator,Mobile phone,Less than one hour,0.5,yes,High,mobile wallet,Mobile money,1.9400000000000004,4.76,6.7,1.1100000000000003,4.76,5.87
928232564,2023_2Q,2023,2023.25,TZAKEN,TZA,KEN,NBC,Bank,Bank branch,Same day,12.0,yes,High,bank account,Bank account transfer,42.69,13.34,56.03,17.080000000000002,13.34,30.42
928232565,2023_2Q,2023,2023.25,TZAKEN,TZA,KEN,NBC,Bank,Call Center,Same day,12.0,yes,High,bank account,Bank account transfer,42.69,13.34,56.03,17.080000000000002,13.34,30.42
928232568,2023_2Q,2023,2023.25,TZAKEN,TZA,KEN,Western Union,Money Transfer Operator,Agent,Less than one hour,0.5,yes,High,cash,Cash,2.3100000000000005,8.28,10.59,2.3200000000000003,8.28,10.6
928232575,2023_2Q,2023,2023.25,TZARWA,TZA,RWA,Western Union,Money Transfer Operator,Agent,Less than one hour,0.5,yes,High,cash,Cash,2.3099999999999996,7.78,10.09,2.3199999999999994,7.78,10.1
928232578,2023_2Q,2023,2023.25,TZAUGA,TZA,UGA,NBC,Bank,Bank branch,Same day,12.0,yes,High,bank account,Bank account transfer,42.69,5.28,47.97,17.08,5.28,22.36
928232579,2023_2Q,2023,2023.25,TZAUGA,TZA,UGA,NBC,Bank,Call Center,Same day,12.0,yes,High,bank account,Bank account transfer,42.69,5.28,47.97,17.08,5.28,22.36
928232585,2023_2Q,2023,2023.25,TZAUGA,TZA,UGA,Western Union,Money Transfer Operator,Agent,Less than one hour,0.5,yes,High,cash,Cash,2.3099999999999996,7.05,9.36,2.3199999999999994,7.05,9.37
928232573,2023_2Q,2023,2023.25,TZARWA,TZA,RWA,NMB (National Microfinance Bank),Non-Bank FI,Call Center,Same day,12.0,yes,High,bank account,Bank account transfer,42.69,12.93,55.62,17.080000000000002,12.93,30.01
928232580,2023_2Q,2023,2023.25,TZAUGA,TZA,UGA,NMB (National Microfinance Bank),Non-Bank FI,Bank branch,Same day,12.0,yes,High,bank account,Bank account transfer,42.69,3.21,45.9,17.08,3.21,20.29
928232581,2023_2Q,2023,2023.25,TZAUGA,TZA,UGA,NMB (National Microfinance Bank),Non-Bank FI,Call Center,Same day,12.0,yes,High,bank account,Bank account transfer,42.69,3.21,45.9,17.08,3.21,20.29
928232342,2023_2Q,2023,2023.25,KENRWA,KEN,RWA,Western Union,Money Transfer Operator,Agent,Less than one hour,0.5,yes,High,cash,Cash,1.2000000000000002,2.87,4.07,1.2000000000000002,2.87,4.07
928232346,2023_2Q,2023,2023.25,KENUGA,KEN,UGA,Development Bank of Kenya,Bank,Bank branch,2 days,48.0,yes,High,bank account,Bank account transfer,13.630000000000003,7.04,20.67,5.63,7.04,12.67
928232347,2023_2Q,2023,2023.25,KENUGA,KEN,UGA,Development Bank of Kenya,Bank,Call Center,2 days,48.0,yes,High,bank account,Bank account transfer,13.630000000000003,7.04,20.67,5.63,7.04,12.67
928232348,2023_2Q,2023,2023.25,KENUGA,KEN,UGA,Development Bank of Kenya,Bank,Internet,2 days,48.0,yes,High,bank account,Bank account transfer,13.630000000000003,7.04,20.67,5.63,7.04,12.67
928232349,2023_2Q,2023,2023.25,KENUGA,KEN,UGA,United Bank for Africa (UBA),Bank,Bank branch,2 days,48.0,yes,High,bank account,Bank account transfer,3.33,2.87,6.2,1.33,2.87,4.2
928232350,2023_2Q,2023,2023.25,KENUGA,KEN,UGA,United Bank for Africa (UBA),Bank,Call Center,2 days,48.0,yes,High,bank account,Bank account transfer,3.33,2.87,6.2,1.33,2.87,4.2
928232351,2023_2Q,2023,2023.25,KENUGA,KEN,UGA,United Bank for Africa (UBA),Bank,Internet,2 days,48.0,yes,High,bank account,Bank account transfer,3.33,2.87,6.2,1.33,2.87,4.2
928232352,2023_2Q,2023,2023.25,KENUGA,KEN,UGA,KCB,Bank,Bank branch,2 days,48.0,yes,High,bank account,Bank account transfer,13.329999999999998,2.87,16.2,5.329999999999999,2.87,8.2
928232353,2023_2Q,2023,2023.25,KENUGA,KEN,UGA,KCB,Bank,Call Center,2 days,48.0,yes,High,bank account,Bank account transfer,13.329999999999998,2.87,16.2,5.329999999999999,2.87,8.2
928232354,2023_2Q,2023,2023.25,KENUGA,KEN,UGA,KCB,Bank,Internet,2 days,48.0,yes,High,bank account,Bank account transfer,13.329999999999998,2.87,16.2,5.329999999999999,2.87,8.2
928232359,2023_2Q,2023,2023.25,KENUGA,KEN,UGA,UBA Africash,Bank,Bank branch,Less than one hour,0.5,yes,Medium,cash,Cash,3.8,2.87,6.67,2.5999999999999996,2.87,5.47
928233973,2023_2Q,2023,2023.25,KENTZA,KEN,TZA,Development Bank of Kenya,Bank,Bank branch,2 days,48.0,yes,Medium,bank account,Bank account transfer,13.630000000000003,7.04,20.67,5.63,7.04,12.67
928233974,2023_2Q,2023,2023.25,KENTZA,KEN,TZA,Development Bank of Kenya,Bank,Call Center,2 days,48.0,yes,Medium,bank account,Bank account transfer,13.630000000000003,7.04,20.67,5.63,7.04,12.67
928233975,2023_2Q,2023,2023.25,KENTZA,KEN,TZA,Development Bank of Kenya,Bank,Internet,2 days,48.0,yes,Medium,bank account,Bank account transfer,13.630000000000003,7.04,20.67,5.63,7.04,12.67
928233980,2023_2Q,2023,2023.25,KENTZA,KEN,TZA,KCB,Bank,Bank branch,2 days,48.0,yes,Medium,bank account,Bank account transfer,13.329999999999998,2.87,16.2,5.329999999999999,2.87,8.2
928233981,2023_2Q,2023,2023.25,KENTZA,KEN,TZA,KCB,Bank,Call Center,2 days,48.0,yes,Medium,bank account,Bank account transfer,13.329999999999998,2.87,16.2,5.329999999999999,2.87,8.2
928233982,2023_2Q,2023,2023.25,KENTZA,KEN,TZA,KCB,Bank,Internet,2 days,48.0,yes,Medium,bank account,Bank account transfer,13.329999999999998,2.87,16.2,5.329999999999999,2.87,8.2
928233985,2023_2Q,2023,2023.25,KENTZA,KEN,TZA,UBA Africash,Bank,Bank branch,Less than one hour,0.5,yes,Medium,cash,Cash,3.8,2.87,6.67,2.5999999999999996,2.87,5.47
928233986,2023_2Q,2023,2023.25,KENTZA,KEN,TZA,United Bank for Africa (UBA),Bank,Bank branch,2 days,48.0,yes,Medium,bank account,Bank account transfer,3.33,2.87,6.2,1.33,2.87,4.2
928233987,2023_2Q,2023,2023.25,KENTZA,KEN,TZA,United Bank for Africa (UBA),Bank,Call Center,2 days,48.0,yes,Medium,bank account,Bank account transfer,3.33,2.87,6.2,1.33,2.87,4.2
928233988,2023_2Q,2023,2023.25,KENTZA,KEN,TZA,United Bank for Africa (UBA),Bank,Internet,2 days,48.0,yes,Medium,bank account,Bank account transfer,3.33,2.87,6.2,1.33,2.87,4.2
928234520,2023_2Q,2023,2023.25,KENSSD,KEN,SSD,Development Bank of Kenya,Bank,Bank branch,2 days,48.0,yes,Low,bank account,Bank account transfer,13.630000000000003,7.04,20.67,5.63,7.04,12.67
928234521,2023_2Q,2023,2023.25,KENSSD,KEN,SSD,Development Bank of Kenya,Bank,Call Center,2 days,48.0,yes,Low,bank account,Bank account transfer,13.630000000000003,7.04,20.67,5.63,7.04,12.67
928234522,2023_2Q,2023,2023.25,KENSSD,KEN,SSD,Development Bank of Kenya,Bank,Internet,2 days,48.0,yes,Low,bank account,Bank account transfer,13.630000000000003,7.04,20.67,5.63,7.04,12.67
928234527,2023_2Q,2023,2023.25,KENSSD,KEN,SSD,KCB,Bank,Bank branch,2 days,48.0,yes,Low,bank account,Bank account transfer,13.329999999999998,2.87,16.2,5.329999999999999,2.87,8.2
928234528,2023_2Q,2023,2023.25,KENSSD,KEN,SSD,KCB,Bank,Call Center,2 days,48.0,yes,Low,bank account,Bank account transfer,13.329999999999998,2.87,16.2,5.329999999999999,2.87,8.2
928234529,2023_2Q,2023,2023.25,KENSSD,KEN,SSD,KCB,Bank,Internet,2 days,48.0,yes,Low,bank account,Bank account transfer,13.329999999999998,2.87,16.2,5.329999999999999,2.87,8.2
928234530,2023_2Q,2023,2023.25,KENSSD,KEN,SSD,MoneyGram,Money Transfer Operator,Agent,Less than one hour,0.5,yes,High,cash,Cash,2.33,2.87,5.2,1.4699999999999998,2.87,4.34
928234531,2023_2Q,2023,2023.25,KENSSD,KEN,SSD,MoneyGram,Money Transfer Operator,Agent,Less than one hour,0.5,yes,High,mobile wallet,Cash,2.33,2.87,5.2,1.4699999999999998,2.87,4.34
928234532,2023_2Q,2023,2023.25,KENSSD,KEN,SSD,United Bank for Africa (UBA),Bank,Bank branch,2 days,48.0,yes,Low,bank account,Bank account transfer,3.33,2.87,6.2,1.33,2.87,4.2
928234533,2023_2Q,2023,2023.25,KENSSD,KEN,SSD,United Bank for Africa (UBA),Bank,Call Center,2 days,48.0,yes,Low,bank account,Bank account transfer,3.33,2.87,6.2,1.33,2.87,4.2
928234534,2023_2Q,2023,2023.25,KENSSD,KEN,SSD,United Bank for Africa (UBA),Bank,Internet,2 days,48.0,yes,Low,bank account,Bank account transfer,3.33,2.87,6.2,1.33,2.87,4.2
928234535,2023_2Q,2023,2023.25,KENSSD,KEN,SSD,Western Union,Money Transfer Operator,Agent,Less than one hour,0.5,yes,Low,cash,Cash,1.2000000000000002,2.87,4.07,1.2000000000000002,2.87,4.07
928236669,2023_2Q,2023,2023.25,KENRWA,KEN,RWA,EcoBank Rapid Transfer,Money Transfer Operator,Bank branch,Less than one hour,0.5,yes,Medium,cash,Bank account transfer,3.0,3.74,6.74,2.9299999999999997,3.74,6.67
928236670,2023_2Q,2023,2023.25,KENRWA,KEN,RWA,EcoBank Rapid Transfer,Money Transfer Operator,Internet,Less than one hour,0.5,yes,Medium,cash,Bank account transfer,3.0,3.74,6.74,2.9299999999999997,3.74,6.67
928236671,2023_2Q,2023,2023.25,KENRWA,KEN,RWA,EcoBank Rapid Transfer,Money Transfer Operator,Bank branch,Less than one hour,0.5,yes,Medium,cash,Cash,3.0,3.74,6.74,2.9299999999999997,3.74,6.67
928236672,2023_2Q,2023,2023.25,KENRWA,KEN,RWA,EcoBank Rapid Transfer,Money Transfer Operator,Internet,Less than one hour,0.5,yes,Medium,cash,Cash,3.0,3.74,6.74,2.9299999999999997,3.74,6.67
928232572,2023_2Q,2023,2023.25,TZARWA,TZA,RWA,NMB (National Microfinance Bank),Non-Bank FI,Bank branch,Same day,12.0,yes,High,bank account,Bank account transfer,42.69,12.52,55.21,17.080000000000002,12.52,29.6
928232582,2023_2Q,2023,2023.25,TZAUGA,TZA,UGA,Stanbic Bank,Bank,Bank branch,Same day,12.0,yes,High,bank account,Bank account transfer,35.580000000000005,4.55,40.13,14.239999999999998,4.55,18.79
928232583,2023_2Q,2023,2023.25,TZAUGA,TZA,UGA,Stanbic Bank,Bank,Call Center,Same day,12.0,yes,High,bank account,Bank account transfer,35.580000000000005,4.55,40.13,14.239999999999998,4.55,18.79
928231781,2023_2Q,2023,2023.25,TZAKEN,TZA,KEN,KCB,Bank,Bank branch,Same day,12.0,yes,High,bank account,Bank account transfer,35.58,15.99,51.57,14.24,15.99,30.23
928231782,2023_2Q,2023,2023.25,TZAKEN,TZA,KEN,KCB,Bank,Call Center,Same day,12.0,yes,High,bank account,Bank account transfer,35.58,15.99,51.57,14.24,15.99,30.23
928232570,2023_2Q,2023,2023.25,TZARWA,TZA,RWA,KCB,Bank,Bank branch,Same day,12.0,yes,High,bank account,Bank account transfer,35.58,19.14,54.72,14.240000000000002,19.14,33.38
928232571,2023_2Q,2023,2023.25,TZARWA,TZA,RWA,KCB,Bank,Call Center,Same day,12.0,yes,High,bank account,Bank account transfer,35.58,19.14,54.72,14.240000000000002,19.14,33.38
928232576,2023_2Q,2023,2023.25,TZAUGA,TZA,UGA,KCB,Bank,Bank branch,Same day,12.0,yes,High,bank account,Bank account transfer,35.580000000000005,13.69,49.27,14.24,13.69,27.93
1120231755,2023_3Q,2023,2023.5,TZAKEN,TZA,KEN,KCB,Bank,Bank branch,Same day,12.0,yes,High,bank account,Bank account transfer,37.599999999999994,15.38,52.98,15.040000000000001,15.38,30.42
1120231756,2023_3Q,2023,2023.5,TZAKEN,TZA,KEN,KCB,Bank,Call Center,Less than one hour,0.5,yes,High,bank account,Bank account transfer,37.599999999999994,15.38,52.98,15.040000000000001,15.38,30.42
1120232537,2023_3Q,2023,2023.5,TZARWA,TZA,RWA,MoneyGram,Money Transfer Operator,Agent,Less than one hour,0.5,yes,High,cash,Cash,5.390000000000001,11.14,16.53,4.619999999999999,11.14,15.76
1120232543,2023_3Q,2023,2023.5,TZAUGA,TZA,UGA,Stanbic Bank,Bank,Bank branch,Same day,12.0,yes,High,bank account,Bank account transfer,39.29,5.88,45.17,15.720000000000002,5.88,21.6
1120232544,2023_3Q,2023,2023.5,TZAUGA,TZA,UGA,Stanbic Bank,Bank,Call Center,Same day,12.0,yes,High,bank account,Bank account transfer,39.29,5.88,45.17,15.720000000000002,5.88,21.6
1120232545,2023_3Q,2023,2023.5,TZAUGA,TZA,UGA,MoneyGram,Money Transfer Operator,Agent,Less than one hour,0.5,yes,High,cash,Cash,5.390000000000001,8.77,14.16,4.620000000000001,8.77,13.39
1120232546,2023_3Q,2023,2023.5,TZAUGA,TZA,UGA,Western Union,Money Transfer Operator,Agent,Less than one hour,0.5,yes,High,cash,Cash,2.37,5.01,7.38,2.3600000000000003,5.01,7.37
1120233581,2023_3Q,2023,2023.5,TZAKEN,TZA,KEN,M-Pesa,Mobile Operator,Mobile phone,Less than one hour,0.5,yes,High,mobile wallet,Mobile money,0.6399999999999997,4.37,5.01,0.47999999999999954,4.37,4.85
1120234636,2023_3Q,2023,2023.5,RWAKEN,RWA,KEN,MTN Mobile Money,Mobile Operator,Mobile phone,Less than one hour,0.5,yes,High,mobile wallet,Mobile money,1.33,4.4,5.73,1.2799999999999994,4.4,5.68
1120234856,2023_3Q,2023,2023.5,TZARWA,TZA,RWA,Tigo,Mobile Operator,Mobile phone,Less than one hour,0.5,yes,High,mobile wallet,Mobile money,0.6900000000000004,7.56,8.25,0.6500000000000012,7.56,8.21
1120232529,2023_3Q,2023,2023.5,TZAKEN,TZA,KEN,NBC,Bank,Bank branch,Same day,12.0,yes,High,bank account,Bank account transfer,45.12,12.46,57.58,18.05,12.46,30.51
1120232530,2023_3Q,2023,2023.5,TZAKEN,TZA,KEN,NBC,Bank,Call Center,Same day,12.0,yes,High,bank account,Bank account transfer,45.12,12.46,57.58,18.05,12.46,30.51
1120232533,2023_3Q,2023,2023.5,TZAKEN,TZA,KEN,Western Union,Money Transfer Operator,Agent,Less than one hour,0.5,yes,High,cash,Cash,2.37,6.46,8.83,2.3600000000000003,6.46,8.82
1120232534,2023_3Q,2023,2023.5,TZAKEN,TZA,KEN,MoneyGram,Money Transfer Operator,Agent,Less than one hour,0.5,yes,High,cash,Cash,5.389999999999999,9.4,14.79,4.619999999999999,9.4,14.02
1120232535,2023_3Q,2023,2023.5,TZARWA,TZA,RWA,KCB,Bank,Bank branch,Same day,12.0,yes,High,bank account,Bank account transfer,37.6,12.6,50.2,15.040000000000001,12.6,27.64
1120232536,2023_3Q,2023,2023.5,TZARWA,TZA,RWA,KCB,Bank,Call Center,Same day,12.0,yes,High,bank account,Bank account transfer,37.6,12.6,50.2,15.040000000000001,12.6,27.64
1120232539,2023_3Q,2023,2023.5,TZAUGA,TZA,UGA,KCB,Bank,Bank branch,Same day,12.0,yes,High,bank account,Bank account transfer,37.6,2.51,40.11,15.040000000000001,2.51,17.55
1120232540,2023_3Q,2023,2023.5,TZAUGA,TZA,UGA,KCB,Bank,Call Center,Same day,12.0,yes,High,bank account,Bank account transfer,37.6,2.51,40.11,15.040000000000001,2.51,17.55
1120232541,2023_3Q,2023,2023.5,TZAUGA,TZA,UGA,NBC,Bank,Bank branch,Same day,12.0,yes,High,bank account,Bank account transfer,45.12,5.81,50.93,18.05,5.81,23.86
1120232542,2023_3Q,2023,2023.5,TZAUGA,TZA,UGA,NBC,Bank,Call Center,Same day,12.0,yes,High,bank account,Bank account transfer,45.12,5.81,50.93,18.05,5.81,23.86
1120233922,2023_3Q,2023,2023.5,KENTZA,KEN,TZA,ABC Bank,Money Transfer Operator,Bank branch,2 days,48.0,yes,Medium,bank account,Bank account transfer,10.0,1.71,11.71,4.0,1.71,5.71
1120233923,2023_3Q,2023,2023.5,KENTZA,KEN,TZA,ABC Bank,Money Transfer Operator,Call Center,2 days,48.0,yes,Medium,bank account,Bank account transfer,10.0,1.71,11.71,4.0,1.71,5.71
1120233924,2023_3Q,2023,2023.5,KENTZA,KEN,TZA,ABC Bank,Money Transfer Operator,Internet,2 days,48.0,yes,Medium,bank account,Bank account transfer,10.0,1.71,11.71,4.0,1.71,5.71
1120233925,2023_3Q,2023,2023.5,KENTZA,KEN,TZA,Development Bank of Kenya,Bank,Bank branch,2 days,48.0,yes,Medium,bank account,Bank account transfer,13.63,3.15,16.78,5.629999999999999,3.15,8.78
1120233926,2023_3Q,2023,2023.5,KENTZA,KEN,TZA,Development Bank of Kenya,Bank,Call Center,2 days,48.0,yes,Medium,bank account,Bank account transfer,13.63,3.15,16.78,5.629999999999999,3.15,8.78
1120233927,2023_3Q,2023,2023.5,KENTZA,KEN,TZA,Development Bank of Kenya,Bank,Internet,2 days,48.0,yes,Medium,bank account,Bank account transfer,13.63,3.15,16.78,5.629999999999999,3.15,8.78
1120233928,2023_3Q,2023,2023.5,KENTZA,KEN,TZA,Ecobank,Bank,Bank branch,Next day,24.0,yes,Low,cash,Cash,20.0,3.22,23.22,8.0,3.22,11.22
1120233929,2023_3Q,2023,2023.5,KENTZA,KEN,TZA,GT Bank,Bank,Bank branch,2 days,48.0,yes,Medium,bank account,Bank account transfer,10.0,3.15,13.15,4.0,3.15,7.15
1120233930,2023_3Q,2023,2023.5,KENTZA,KEN,TZA,GT Bank,Bank,Call Center,2 days,48.0,yes,Medium,bank account,Bank account transfer,10.0,3.15,13.15,4.0,3.15,7.15
1120233931,2023_3Q,2023,2023.5,KENTZA,KEN,TZA,GT Bank,Bank,Internet,2 days,48.0,yes,Medium,bank account,Bank account transfer,10.0,3.15,13.15,4.0,3.15,7.15
1120233937,2023_3Q,2023,2023.5,KENTZA,KEN,TZA,UBA Africash,Bank,Bank branch,Less than one hour,0.5,yes,Medium,cash,Cash,3.8000000000000003,3.18,6.98,2.6,3.18,5.78
1120233938,2023_3Q,2023,2023.5,KENTZA,KEN,TZA,United Bank for Africa (UBA),Bank,Bank branch,2 days,48.0,yes,Medium,bank account,Bank account transfer,3.3299999999999996,3.18,6.51,1.3299999999999996,3.18,4.51
1120233939,2023_3Q,2023,2023.5,KENTZA,KEN,TZA,United Bank for Africa (UBA),Bank,Call Center,2 days,48.0,yes,Medium,bank account,Bank account transfer,3.3299999999999996,3.18,6.51,1.3299999999999996,3.18,4.51
1120233940,2023_3Q,2023,2023.5,KENTZA,KEN,TZA,United Bank for Africa (UBA),Bank,Internet,2 days,48.0,yes,Medium,bank account,Bank account transfer,3.3299999999999996,3.18,6.51,1.3299999999999996,3.18,4.51
1120234465,2023_3Q,2023,2023.5,KENSSD,KEN,SSD,ABC Bank,Money Transfer Operator,Bank branch,2 days,48.0,yes,Low,bank account,Bank account transfer,10.0,1.71,11.71,4.0,1.71,5.71
1120234466,2023_3Q,2023,2023.5,KENSSD,KEN,SSD,ABC Bank,Money Transfer Operator,Call Center,2 days,48.0,yes,Low,bank account,Bank account transfer,10.0,1.71,11.71,4.0,1.71,5.71
1120234467,2023_3Q,2023,2023.5,KENSSD,KEN,SSD,ABC Bank,Money Transfer Operator,Internet,2 days,48.0,yes,Low,bank account,Bank account transfer,10.0,1.71,11.71,4.0,1.71,5.71
1120234468,2023_3Q,2023,2023.5,KENSSD,KEN,SSD,Development Bank of Kenya,Bank,Bank branch,2 days,48.0,yes,Low,bank account,Bank account transfer,13.63,3.15,16.78,5.629999999999999,3.15,8.78
1120234469,2023_3Q,2023,2023.5,KENSSD,KEN,SSD,Development Bank of Kenya,Bank,Call Center,2 days,48.0,yes,Low,bank account,Bank account transfer,13.63,3.15,16.78,5.629999999999999,3.15,8.78
1120234470,2023_3Q,2023,2023.5,KENSSD,KEN,SSD,Development Bank of Kenya,Bank,Internet,2 days,48.0,yes,Low,bank account,Bank account transfer,13.63,3.15,16.78,5.629999999999999,3.15,8.78
1120234471,2023_3Q,2023,2023.5,KENSSD,KEN,SSD,Ecobank,Bank,Bank branch,Next day,24.0,yes,Low,bank account,Cash,20.0,3.22,23.22,8.0,3.22,11.22
1120234472,2023_3Q,2023,2023.5,KENSSD,KEN,SSD,GT Bank,Bank,Bank branch,2 days,48.0,yes,Low,bank account,Bank account transfer,10.0,3.15,13.15,4.0,3.15,7.15
1120234473,2023_3Q,2023,2023.5,KENSSD,KEN,SSD,GT Bank,Bank,Call Center,2 days,48.0,yes,Low,bank account,Bank account transfer,10.0,3.15,13.15,4.0,3.15,7.15
1120234474,2023_3Q,2023,2023.5,KENSSD,KEN,SSD,GT Bank,Bank,Internet,2 days,48.0,yes,Low,bank account,Bank account transfer,10.0,3.15,13.15,4.0,3.15,7.15
1120234480,2023_3Q,2023,2023.5,KENSSD,KEN,SSD,United Bank for Africa (UBA),Bank,Bank branch,2 days,48.0,yes,Low,bank account,Bank account transfer,3.3299999999999996,3.18,6.51,1.3299999999999996,3.18,4.51
1120234481,2023_3Q,2023,2023.5,KENSSD,KEN,SSD,United Bank for Africa (UBA),Bank,Call Center,2 days,48.0,yes,Low,bank account,Bank account transfer,3.3299999999999996,3.18,6.51,1.3299999999999996,3.18,4.51
1120234482,2023_3Q,2023,2023.5,KENSSD,KEN,SSD,United Bank for Africa (UBA),Bank,Internet,2 days,48.0,yes,Low,bank account,Bank account transfer,3.3299999999999996,3.18,6.51,1.3299999999999996,3.18,4.51
1120236043,2023_3Q,2023,2023.5,KENRWA,KEN,RWA,Dahabshiil,Money Transfer Operator,Agent,Less than one hour,0.5,yes,Low,cash,Cash,2.4000000000000004,1.71,4.11,2.4000000000000004,1.71,4.11
1120236044,2023_3Q,2023,2023.5,KENSSD,KEN,SSD,Dahabshiil,Money Transfer Operator,Agent,Less than one hour,0.5,yes,Low,cash,Cash,2.4000000000000004,1.71,4.11,2.4000000000000004,1.71,4.11
1120236045,2023_3Q,2023,2023.5,KENUGA,KEN,UGA,Dahabshiil,Money Transfer Operator,Agent,Less than one hour,0.5,yes,Low,cash,Cash,2.4000000000000004,1.71,4.11,2.4000000000000004,1.71,4.11
1120236607,2023_3Q,2023,2023.5,KENRWA,KEN,RWA,EcoBank Rapid Transfer,Money Transfer Operator,Bank branch,Less than one hour,0.5,yes,Medium,cash,Bank account transfer,2.869999999999999,4.4,7.27,2.88,4.4,7.28
1120236608,2023_3Q,2023,2023.5,KENRWA,KEN,RWA,EcoBank Rapid Transfer,Money Transfer Operator,Internet,Less than one hour,0.5,yes,Medium,cash,Bank account transfer,2.869999999999999,4.4,7.27,2.88,4.4,7.28
1120236609,2023_3Q,2023,2023.5,KENRWA,KEN,RWA,EcoBank Rapid Transfer,Money Transfer Operator,Bank branch,Less than one hour,0.5,yes,Medium,cash,Cash,2.869999999999999,4.4,7.27,2.88,4.4,7.28
1120236610,2023_3Q,2023,2023.5,KENRWA,KEN,RWA,EcoBank Rapid Transfer,Money Transfer Operator,Internet,Less than one hour,0.5,yes,Medium,cash,Cash,2.869999999999999,4.4,7.27,2.88,4.4,7.28
1120236611,2023_3Q,2023,2023.5,KENSSD,KEN,SSD,EcoBank Rapid Transfer,Money Transfer Operator,Bank branch,Less than one hour,0.5,yes,Low,cash,Bank account transfer,2.8699999999999997,3.22,6.09,2.8799999999999994,3.22,6.1
1120236612,2023_3Q,2023,2023.5,KENSSD,KEN,SSD,EcoBank Rapid Transfer,Money Transfer Operator,Internet,Less than one hour,0.5,yes,Low,cash,Bank account transfer,2.8699999999999997,3.22,6.09,2.8799999999999994,3.22,6.1
1120236613,2023_3Q,2023,2023.5,KENSSD,KEN,SSD,EcoBank Rapid Transfer,Money Transfer Operator,Bank branch,Less than one hour,0.5,yes,Low,cash,Cash,2.8699999999999997,3.22,6.09,2.8799999999999994,3.22,6.1
1120236614,2023_3Q,2023,2023.5,KENSSD,KEN,SSD,EcoBank Rapid Transfer,Money Transfer Operator,Internet,Less than one hour,0.5,yes,Low,cash,Cash,2.8699999999999997,3.22,6.09,2.8799999999999994,3.22,6.1
1120236615,2023_3Q,2023,2023.5,KENTZA,KEN,TZA,EcoBank Rapid Transfer,Money Transfer Operator,Bank branch,Less than one hour,0.5,yes,Medium,cash,Bank account transfer,2.8699999999999997,3.22,6.09,2.8799999999999994,3.22,6.1
1120236616,2023_3Q,2023,2023.5,KENTZA,KEN,TZA,EcoBank Rapid Transfer,Money Transfer Operator,Internet,Less than one hour,0.5,yes,Medium,cash,Bank account transfer,2.8699999999999997,3.22,6.09,2.8799999999999994,3.22,6.1
1120236617,2023_3Q,2023,2023.5,KENTZA,KEN,TZA,EcoBank Rapid Transfer,Money Transfer Operator,Bank branch,Less than one hour,0.5,yes,Medium,cash,Cash,2.8699999999999997,3.22,6.09,2.8799999999999994,3.22,6.1
1120236618,2023_3Q,2023,2023.5,KENTZA,KEN,TZA,EcoBank Rapid Transfer,Money Transfer Operator,Internet,Less than one hour,0.5,yes,Medium,cash,Cash,2.8699999999999997,3.22,6.09,2.8799999999999994,3.22,6.1
1120236619,2023_3Q,2023,2023.5,KENUGA,KEN,UGA,EcoBank Rapid Transfer,Money Transfer Operator,Bank branch,Less than one hour,0.5,yes,Medium,cash,Bank account transfer,2.8699999999999997,3.22,6.09,2.8799999999999994,3.22,6.1
1120236620,2023_3Q,2023,2023.5,KENUGA,KEN,UGA,EcoBank Rapid Transfer,Money Transfer Operator,Internet,Less than one hour,0.5,yes,Medium,cash,Bank account transfer,2.8699999999999997,3.22,6.09,2.8799999999999994,3.22,6.1
1120236621,2023_3Q,2023,2023.5,KENUGA,KEN,UGA,EcoBank Rapid Transfer,Money Transfer Operator,Bank branch,Less than one hour,0.5,yes,Medium,cash,Cash,2.8699999999999997,3.22,6.09,2.8799999999999994,3.22,6.1
1120236622,2023_3Q,2023,2023.5,KENUGA,KEN,UGA,EcoBank Rapid Transfer,Money Transfer Operator,Internet,Less than one hour,0.5,yes,Medium,cash,Cash,2.8699999999999997,3.22,6.09,2.8799999999999994,3.22,6.1
1120232307,2023_3Q,2023,2023.5,KENRWA,KEN,RWA,Ecobank,Bank,Bank branch,Next day,24.0,yes,Medium,cash,Cash,20.0,3.22,23.22,8.0,3.22,11.22
1120232309,2023_3Q,2023,2023.5,KENUGA,KEN,UGA,GT Bank,Bank,Bank branch,2 days,48.0,yes,High,bank account,Bank account transfer,10.0,3.15,13.15,4.0,3.15,7.15
1120232310,2023_3Q,2023,2023.5,KENUGA,KEN,UGA,GT Bank,Bank,Call Center,2 days,48.0,yes,High,bank account,Bank account transfer,10.0,3.15,13.15,4.0,3.15,7.15
1120232311,2023_3Q,2023,2023.5,KENUGA,KEN,UGA,GT Bank,Bank,Internet,2 days,48.0,yes,High,bank account,Bank account transfer,10.0,3.15,13.15,4.0,3.15,7.15
1120232312,2023_3Q,2023,2023.5,KENUGA,KEN,UGA,Development Bank of Kenya,Bank,Bank branch,2 days,48.0,yes,High,bank account,Bank account transfer,13.63,3.15,16.78,5.629999999999999,3.15,8.78
1120232313,2023_3Q,2023,2023.5,KENUGA,KEN,UGA,Development Bank of Kenya,Bank,Call Center,2 days,48.0,yes,High,bank account,Bank account transfer,13.63,3.15,16.78,5.629999999999999,3.15,8.78
1120232314,2023_3Q,2023,2023.5,KENUGA,KEN,UGA,Development Bank of Kenya,Bank,Internet,2 days,48.0,yes,High,bank account,Bank account transfer,13.63,3.15,16.78,5.629999999999999,3.15,8.78
1120232315,2023_3Q,2023,2023.5,KENUGA,KEN,UGA,United Bank for Africa (UBA),Bank,Bank branch,2 days,48.0,yes,High,bank account,Bank account transfer,3.3299999999999996,3.18,6.51,1.3299999999999996,3.18,4.51
1120232316,2023_3Q,2023,2023.5,KENUGA,KEN,UGA,United Bank for Africa (UBA),Bank,Call Center,2 days,48.0,yes,High,bank account,Bank account transfer,3.3299999999999996,3.18,6.51,1.3299999999999996,3.18,4.51
1120232317,2023_3Q,2023,2023.5,KENUGA,KEN,UGA,United Bank for Africa (UBA),Bank,Internet,2 days,48.0,yes,High,bank account,Bank account transfer,3.3299999999999996,3.18,6.51,1.3299999999999996,3.18,4.51
1120232321,2023_3Q,2023,2023.5,KENUGA,KEN,UGA,ABC Bank,Money Transfer Operator,Bank branch,2 days,48.0,yes,High,bank account,Bank account transfer,10.0,1.71,11.71,4.0,1.71,5.71
1120232322,2023_3Q,2023,2023.5,KENUGA,KEN,UGA,ABC Bank,Money Transfer Operator,Call Center,2 days,48.0,yes,High,bank account,Bank account transfer,10.0,1.71,11.71,4.0,1.71,5.71
1120232323,2023_3Q,2023,2023.5,KENUGA,KEN,UGA,ABC Bank,Money Transfer Operator,Internet,2 days,48.0,yes,High,bank account,Bank account transfer,10.0,1.71,11.71,4.0,1.71,5.71
1120232324,2023_3Q,2023,2023.5,KENUGA,KEN,UGA,Ecobank,Bank,Bank branch,Next day,24.0,yes,Low,cash,Cash,20.0,3.22,23.22,8.0,3.22,11.22
1120232325,2023_3Q,2023,2023.5,KENUGA,KEN,UGA,UBA Africash,Bank,Bank branch,Less than one hour,0.5,yes,Medium,cash,Cash,3.8000000000000003,3.18,6.98,2.6,3.18,5.78
1120234634,2023_3Q,2023,2023.5,RWAKEN,RWA,KEN,BPR Bank Rwanda,Bank,Bank branch,Less than one hour,0.5,yes,High,own/partner bank account,Cash,28.71,7.82,36.53,11.48,7.82,19.3
1120236651,2023_3Q,2023,2023.5,TZAKEN,TZA,KEN,EcoBank Rapid Transfer,Money Transfer Operator,Internet,Less than one hour,0.5,yes,High,cash,Bank account transfer,0.0,3.75,3.75,3.54,3.75,7.29
1120236652,2023_3Q,2023,2023.5,TZAKEN,TZA,KEN,EcoBank Rapid Transfer,Money Transfer Operator,Internet,Less than one hour,0.5,yes,High,cash,Cash,0.0,3.75,3.75,3.54,3.75,7.29
1120236653,2023_3Q,2023,2023.5,TZARWA,TZA,RWA,EcoBank Rapid Transfer,Money Transfer Operator,Internet,Less than one hour,0.5,yes,Medium,cash,Bank account transfer,0.0,2.06,2.06,3.5399999999999996,2.06,5.6
1120236654,2023_3Q,2023,2023.5,TZARWA,TZA,RWA,EcoBank Rapid Transfer,Money Transfer Operator,Internet,Less than one hour,0.5,yes,Medium,cash,Cash,0.0,2.06,2.06,3.5399999999999996,2.06,5.6
1120236655,2023_3Q,2023,2023.5,TZAUGA,TZA,UGA,EcoBank Rapid Transfer,Money Transfer Operator,Internet,Less than one hour,0.5,yes,Medium,cash,Bank account transfer,0.0,3.06,3.06,2.9999999999999996,3.06,6.06
1120236656,2023_3Q,2023,2023.5,TZAUGA,TZA,UGA,EcoBank Rapid Transfer,Money Transfer Operator,Internet,Less than one hour,0.5,yes,Medium,cash,Cash,0.0,3.06,3.06,2.9999999999999996,3.06,6.06
1120237007,2023_3Q,2023,2023.5,RWAKEN,RWA,KEN,BPR Bank Rwanda,Bank,Bank branch,Less than one hour,0.5,yes,High,own/partner bank account,Bank account transfer,28.71,7.82,36.53,11.48,7.82,19.3
1120237482,2023_3Q,2023,2023.5,RWAKEN,RWA,KEN,WorldRemit,Money Transfer Operator,Internet,Less than one hour,0.5,yes,High,mobile wallet,Credit Card,2.9299999999999997,0.74,3.67,1.64,0.74,2.38
1120237483,2023_3Q,2023,2023.5,RWAKEN,RWA,KEN,WorldRemit,Money Transfer Operator,Internet,Less than one hour,0.5,yes,High,cash,Credit Card,2.9299999999999997,0.74,3.67,1.64,0.74,2.38
1120237484,2023_3Q,2023,2023.5,RWAKEN,RWA,KEN,WorldRemit,Money Transfer Operator,Internet,Less than one hour,0.5,yes,High,cash,Debit card,2.9299999999999997,0.74,3.67,1.64,0.74,2.38
1120237485,2023_3Q,2023,2023.5,RWAKEN,RWA,KEN,WorldRemit,Money Transfer Operator,Internet,Less than one hour,0.5,yes,High,mobile wallet,Debit card,2.9299999999999997,0.74,3.67,1.64,0.74,2.38
1120232538,2023_3Q,2023,2023.5,TZARWA,TZA,RWA,Western Union,Money Transfer Operator,Agent,Less than one hour,0.5,yes,High,cash,Cash,2.370000000000001,9.04,11.41,2.360000000000001,9.04,11.4
1120234635,2023_3Q,2023,2023.5,RWAKEN,RWA,KEN,MoneyGram,Money Transfer Operator,Agent,Less than one hour,0.5,yes,High,cash,Cash,3.9299999999999997,2.62,6.55,3.7800000000000002,2.62,6.4
1120230126,2023_3Q,2023,2023.5,KENRWA,KEN,RWA,Western Union,Money Transfer Operator,Agent,Less than one hour,0.5,yes,High,cash,Cash,1.2000000000000002,3.62,4.82,1.2000000000000002,3.62,4.82
1120230127,2023_3Q,2023,2023.5,KENTZA,KEN,TZA,Western Union,Money Transfer Operator,Agent,Less than one hour,0.5,yes,High,cash,Cash,1.1999999999999997,2.85,4.05,1.1999999999999997,2.85,4.05
1120230128,2023_3Q,2023,2023.5,KENUGA,KEN,UGA,Western Union,Money Transfer Operator,Agent,Less than one hour,0.5,yes,High,cash,Cash,1.2000000000000002,2.54,3.74,1.2000000000000002,2.54,3.74
1120230549,2023_3Q,2023,2023.5,KENRWA,KEN,RWA,M-Pesa,Mobile Operator,Mobile phone,Less than one hour,0.5,yes,High,cash,Mobile money,2.0,4.98,6.98,1.1399999999999997,4.98,6.12
1120230550,2023_3Q,2023,2023.5,KENRWA,KEN,RWA,M-Pesa,Mobile Operator,Mobile phone,Less than one hour,0.5,yes,High,mobile wallet,Mobile money,2.0,4.98,6.98,1.1399999999999997,4.98,6.12
1120234478,2023_3Q,2023,2023.5,KENSSD,KEN,SSD,MoneyGram,Money Transfer Operator,Agent,Less than one hour,0.5,yes,High,cash,Cash,2.33,4.14,6.47,1.4700000000000006,4.14,5.61
1120234479,2023_3Q,2023,2023.5,KENSSD,KEN,SSD,MoneyGram,Money Transfer Operator,Agent,Less than one hour,0.5,yes,High,mobile wallet,Cash,2.33,4.14,6.47,1.4700000000000006,4.14,5.61
1120234483,2023_3Q,2023,2023.5,KENSSD,KEN,SSD,Western Union,Money Transfer Operator,Agent,Less than one hour,0.5,yes,Low,cash,Cash,1.2000000000000002,4.14,5.34,1.2000000000000002,4.14,5.34
1120234632,2023_3Q,2023,2023.5,RWAKEN,RWA,KEN,Ecobank RapidCash,Bank,Bank branch,Same day,12.0,yes,High,bank account,Bank account transfer,5.11,5.39,10.5,5.3500000000000005,5.39,10.74
1120234633,2023_3Q,2023,2023.5,RWAKEN,RWA,KEN,Ecobank RapidCash,Bank,Internet,Same day,12.0,yes,High,bank account,Bank account transfer,5.11,5.39,10.5,5.3500000000000005,5.39,10.74
1120234839,2023_3Q,2023,2023.5,KENTZA,KEN,TZA,M-Pesa,Mobile Operator,Mobile phone,Less than one hour,0.5,yes,High,cash,Mobile money,2.0,4.07,6.07,1.1399999999999997,4.07,5.21
1120234840,2023_3Q,2023,2023.5,KENTZA,KEN,TZA,M-Pesa,Mobile Operator,Mobile phone,Less than one hour,0.5,yes,High,mobile wallet,Mobile money,2.0,4.07,6.07,1.1399999999999997,4.07,5.21
1120234841,2023_3Q,2023,2023.5,KENUGA,KEN,UGA,M-Pesa,Mobile Operator,Mobile phone,Less than one hour,0.5,yes,High,cash,Mobile money,2.0,4.46,6.46,1.1399999999999997,4.46,5.6
1120234842,2023_3Q,2023,2023.5,KENUGA,KEN,UGA,M-Pesa,Mobile Operator,Mobile phone,Less than one hour,0.5,yes,High,mobile wallet,Mobile money,2.0,4.46,6.46,1.1399999999999997,4.46,5.6
1120232308,2023_3Q,2023,2023.5,KENRWA,KEN,RWA,Western Union,Money Transfer Operator,Agent,Less than one hour,0.5,yes,High,cash,Cash,1.2000000000000002,4.14,5.34,1.2000000000000002,4.14,5.34
1120232318,2023_3Q,2023,2023.5,KENUGA,KEN,UGA,KCB,Bank,Bank branch,2 days,48.0,yes,High,bank account,Bank account transfer,13.329999999999998,2.45,15.78,5.33,2.45,7.78
1120232319,2023_3Q,2023,2023.5,KENUGA,KEN,UGA,KCB,Bank,Call Center,2 days,48.0,yes,High,bank account,Bank account transfer,13.329999999999998,2.45,15.78,5.33,2.45,7.78
1120232320,2023_3Q,2023,2023.5,KENUGA,KEN,UGA,KCB,Bank,Internet,2 days,48.0,yes,High,bank account,Bank account transfer,13.329999999999998,2.45,15.78,5.33,2.45,7.78
1120233932,2023_3Q,2023,2023.5,KENTZA,KEN,TZA,KCB,Bank,Bank branch,2 days,48.0,yes,Medium,bank account,Bank account transfer,13.329999999999998,2.45,15.78,5.33,2.45,7.78
1120233933,2023_3Q,2023,2023.5,KENTZA,KEN,TZA,KCB,Bank,Call Center,2 days,48.0,yes,Medium,bank account,Bank account transfer,13.329999999999998,2.45,15.78,5.33,2.45,7.78
1120233934,2023_3Q,2023,2023.5,KENTZA,KEN,TZA,KCB,Bank,Internet,2 days,48.0,yes,Medium,bank account,Bank account transfer,13.329999999999998,2.45,15.78,5.33,2.45,7.78
1120233935,2023_3Q,2023,2023.5,KENTZA,KEN,TZA,MoneyGram,Money Transfer Operator,Agent,Less than one hour,0.5,yes,High,cash,Cash,2.33,2.67,5.0,1.4699999999999998,2.67,4.14
1120233936,2023_3Q,2023,2023.5,KENTZA,KEN,TZA,MoneyGram,Money Transfer Operator,Agent,Less than one hour,0.5,yes,High,mobile wallet,Cash,2.33,2.67,5.0,1.4699999999999998,2.67,4.14
1120234475,2023_3Q,2023,2023.5,KENSSD,KEN,SSD,KCB,Bank,Bank branch,2 days,48.0,yes,Low,bank account,Bank account transfer,13.329999999999998,2.45,15.78,5.33,2.45,7.78
1120234476,2023_3Q,2023,2023.5,KENSSD,KEN,SSD,KCB,Bank,Call Center,2 days,48.0,yes,Low,bank account,Bank account transfer,13.329999999999998,2.45,15.78,5.33,2.45,7.78
1120234477,2023_3Q,2023,2023.5,KENSSD,KEN,SSD,KCB,Bank,Internet,2 days,48.0,yes,Low,bank account,Bank account transfer,13.329999999999998,2.45,15.78,5.33,2.45,7.78
1120232305,2023_3Q,2023,2023.5,KENRWA,KEN,RWA,MoneyGram,Money Transfer Operator,Agent,Less than one hour,0.5,yes,High,cash,Cash,2.33,3.37,5.7,1.4699999999999998,3.37,4.84
1120232306,2023_3Q,2023,2023.5,KENRWA,KEN,RWA,MoneyGram,Money Transfer Operator,Agent,Less than one hour,0.5,yes,High,mobile wallet,Cash,2.33,3.37,5.7,1.4699999999999998,3.37,4.84
1120232326,2023_3Q,2023,2023.5,KENUGA,KEN,UGA,MoneyGram,Money Transfer Operator,Agent,Less than one hour,0.5,yes,High,cash,Cash,2.33,2.55,4.88,1.4699999999999998,2.55,4.02
1120232327,2023_3Q,2023,2023.5,KENUGA,KEN,UGA,MoneyGram,Money Transfer Operator,Agent,Less than one hour,0.5,yes,High,mobile wallet,Cash,2.33,2.55,4.88,1.4699999999999998,2.55,4.02
1120234637,2023_3Q,2023,2023.5,RWAKEN,RWA,KEN,Western Union,Money Transfer Operator,Agent,Less than one hour,0.5,yes,High,cash,Cash,4.000000000000001,6.38,10.38,2.3999999999999995,6.38,8.78
1120232531,2023_3Q,2023,2023.5,TZAKEN,TZA,KEN,Stanbic Bank,Bank,Bank branch,Same day,12.0,yes,High,bank account,Bank account transfer,39.290000000000006,26.11,65.4,15.719999999999999,26.11,41.83
1120232532,2023_3Q,2023,2023.5,TZAKEN,TZA,KEN,Stanbic Bank,Bank,Call Center,Same day,12.0,yes,High,bank account,Bank account transfer,39.290000000000006,26.11,65.4,15.719999999999999,26.11,41.83
520240185,2023_4Q,2023,2023.75,TZARWA,TZA,RWA,KCB,Bank,Bank branch,Same day,12.0,yes,High,bank account,Bank account transfer,43.25,15.97,59.22,17.310000000000002,15.97,33.28
520240186,2023_4Q,2023,2023.75,TZARWA,TZA,RWA,KCB,Bank,Call Center,Same day,12.0,yes,High,bank account,Bank account transfer,43.25,15.97,59.22,17.310000000000002,15.97,33.28
520240187,2023_4Q,2023,2023.75,TZAUGA,TZA,UGA,KCB,Bank,Bank branch,Same day,12.0,yes,High,bank account,Bank account transfer,43.25,6.74,49.99,17.310000000000002,6.74,24.05
520240188,2023_4Q,2023,2023.75,TZAUGA,TZA,UGA,KCB,Bank,Call Center,Same day,12.0,yes,High,bank account,Bank account transfer,43.25,6.74,49.99,17.310000000000002,6.74,24.05
520240189,2023_4Q,2023,2023.75,TZAUGA,TZA,UGA,NBC,Bank,Bank branch,Same day,12.0,yes,High,bank account,Bank account transfer,47.260000000000005,6.87,54.13,18.91,6.87,25.78
520240190,2023_4Q,2023,2023.75,TZAUGA,TZA,UGA,NBC,Bank,Call Center,Same day,12.0,yes,High,bank account,Bank account transfer,47.260000000000005,6.87,54.13,18.91,6.87,25.78
520240393,2023_4Q,2023,2023.75,TZARWA,TZA,RWA,Tigo,Mobile Operator,Mobile phone,Less than one hour,0.5,yes,High,mobile wallet,Mobile money,0.6899999999999995,10.08,10.77,0.6500000000000004,6.08,6.73
520240734,2023_4Q,2023,2023.75,TZAKEN,TZA,KEN,MoneyGram,Money Transfer Operator,Agent,Less than one hour,0.5,yes,High,cash,Cash,7.450000000000003,28.57,36.02,5.189999999999998,28.57,33.76
520240735,2023_4Q,2023,2023.75,TZARWA,TZA,RWA,NMB (National Microfinance Bank),Non-Bank FI,Bank branch,Same day,12.0,yes,High,bank account,Bank account transfer,75.11,12.69,87.8,30.060000000000002,12.69,42.75
520240736,2023_4Q,2023,2023.75,TZARWA,TZA,RWA,NMB (National Microfinance Bank),Non-Bank FI,Call Center,Same day,12.0,yes,High,bank account,Bank account transfer,75.11,12.69,87.8,30.060000000000002,12.69,42.75
520240737,2023_4Q,2023,2023.75,TZARWA,TZA,RWA,MoneyGram,Money Transfer Operator,Agent,Less than one hour,0.5,yes,High,cash,Cash,7.449999999999999,15.77,23.22,5.190000000000001,15.77,20.96
520240738,2023_4Q,2023,2023.75,TZARWA,TZA,RWA,Western Union,Money Transfer Operator,Agent,Less than one hour,0.5,yes,High,cash,Cash,4.6899999999999995,15.74,20.43,2.4999999999999982,15.74,18.24
520240739,2023_4Q,2023,2023.75,TZAUGA,TZA,UGA,NMB (National Microfinance Bank),Non-Bank FI,Bank branch,Same day,12.0,yes,High,bank account,Bank account transfer,75.11,2.19,77.3,30.06,2.19,32.25
520240740,2023_4Q,2023,2023.75,TZAUGA,TZA,UGA,NMB (National Microfinance Bank),Non-Bank FI,Call Center,Same day,12.0,yes,High,bank account,Bank account transfer,75.11,2.19,77.3,30.06,2.19,32.25
520240741,2023_4Q,2023,2023.75,TZAUGA,TZA,UGA,MoneyGram,Money Transfer Operator,Agent,Less than one hour,0.5,yes,High,cash,Cash,7.449999999999999,7.07,14.52,5.1899999999999995,7.07,12.26
520240742,2023_4Q,2023,2023.75,TZAUGA,TZA,UGA,Western Union,Money Transfer Operator,Agent,Less than one hour,0.5,yes,High,cash,Cash,4.69,6.87,11.56,2.499999999999999,6.87,9.37
520240802,2023_4Q,2023,2023.75,TZAKEN,TZA,KEN,M-Pesa,Mobile Operator,Mobile phone,Less than one hour,0.5,yes,High,mobile wallet,Mobile money,0.6399999999999997,6.66,7.3,0.47999999999999954,6.66,7.14
520241261,2023_4Q,2023,2023.75,RWAKEN,RWA,KEN,MTN Mobile Money,Mobile Operator,Mobile phone,Less than one hour,0.5,yes,High,mobile wallet,Mobile money,1.33,5.49,6.82,1.2799999999999994,5.49,6.77
520241374,2023_4Q,2023,2023.75,TZAKEN,TZA,KEN,EcoBank Rapid Transfer,Money Transfer Operator,Bank branch,Same day,12.0,yes,High,cash,Bank account transfer,0.0,2.79,2.79,3.5999999999999996,2.79,6.39
520241375,2023_4Q,2023,2023.75,TZAKEN,TZA,KEN,EcoBank Rapid Transfer,Money Transfer Operator,Bank branch,Same day,12.0,yes,High,cash,Cash,0.0,2.79,2.79,3.5999999999999996,2.79,6.39
520241376,2023_4Q,2023,2023.75,TZARWA,TZA,RWA,EcoBank Rapid Transfer,Money Transfer Operator,Bank branch,Same day,12.0,yes,Medium,cash,Bank account transfer,0.0,2.71,2.71,3.54,2.71,6.25
520241377,2023_4Q,2023,2023.75,TZARWA,TZA,RWA,EcoBank Rapid Transfer,Money Transfer Operator,Bank branch,Same day,12.0,yes,Medium,cash,Cash,0.0,2.71,2.71,3.54,2.71,6.25
520241378,2023_4Q,2023,2023.75,TZAUGA,TZA,UGA,EcoBank Rapid Transfer,Money Transfer Operator,Bank branch,Same day,12.0,yes,Medium,cash,Bank account transfer,0.0,4.78,4.78,3.0,4.78,7.78
520241379,2023_4Q,2023,2023.75,TZAUGA,TZA,UGA,EcoBank Rapid Transfer,Money Transfer Operator,Bank branch,Same day,12.0,yes,Medium,cash,Cash,0.0,4.78,4.78,3.0,4.78,7.78
520241423,2023_4Q,2023,2023.75,RWAKEN,RWA,KEN,WorldRemit,Money Transfer Operator,Internet,Less than one hour,0.5,yes,High,mobile wallet,Credit Card,2.9299999999999997,-0.09,2.84,1.6400000000000001,-0.09,1.55
520241424,2023_4Q,2023,2023.75,RWAKEN,RWA,KEN,WorldRemit,Money Transfer Operator,Internet,Less than one hour,0.5,yes,High,cash,Credit Card,2.9299999999999997,-0.03,2.9,1.6400000000000001,-0.03,1.61
520241425,2023_4Q,2023,2023.75,RWAKEN,RWA,KEN,WorldRemit,Money Transfer Operator,Internet,Less than one hour,0.5,yes,High,mobile wallet,Debit card,2.9299999999999997,-0.09,2.84,1.6400000000000001,-0.09,1.55
520241426,2023_4Q,2023,2023.75,RWAKEN,RWA,KEN,WorldRemit,Money Transfer Operator,Internet,Less than one hour,0.5,yes,High,cash,Debit card,2.9299999999999997,-0.03,2.9,1.6400000000000001,-0.03,1.61
520242251,2023_4Q,2023,2023.75,KENUGA,KEN,UGA,KCB,Bank,Internet,Next day,24.0,yes,High,bank account,Bank account transfer,14.440000000000001,2.27,16.71,5.780000000000001,2.27,8.05
520242337,2023_4Q,2023,2023.75,RWAKEN,RWA,KEN,MoneyGram,Money Transfer Operator,Agent,Less than one hour,0.5,yes,High,cash,Cash,3.33,2.63,5.96,3.2,2.63,5.83
520242389,2023_4Q,2023,2023.75,KENRWA,KEN,RWA,Dahabshiil,Money Transfer Operator,Agent,Less than one hour,0.5,yes,Low,cash,Cash,2.4,0.68,3.08,2.4,0.68,3.08
520242390,2023_4Q,2023,2023.75,KENSSD,KEN,SSD,Dahabshiil,Money Transfer Operator,Agent,Less than one hour,0.5,yes,Low,cash,Cash,2.4,0.68,3.08,2.4,0.68,3.08
520242391,2023_4Q,2023,2023.75,KENUGA,KEN,UGA,Dahabshiil,Money Transfer Operator,Agent,Less than one hour,0.5,yes,Low,cash,Cash,2.4,0.68,3.08,2.4,0.68,3.08
520242448,2023_4Q,2023,2023.75,KENTZA,KEN,TZA,United Bank for Africa (UBA),Bank,Bank branch,Next day,24.0,yes,Medium,bank account,Bank account transfer,3.33,3.67,7.0,1.33,3.67,5.0
520242449,2023_4Q,2023,2023.75,KENTZA,KEN,TZA,United Bank for Africa (UBA),Bank,Call Center,Next day,24.0,yes,Medium,bank account,Bank account transfer,3.33,3.67,7.0,1.33,3.67,5.0
520242450,2023_4Q,2023,2023.75,KENTZA,KEN,TZA,United Bank for Africa (UBA),Bank,Internet,Next day,24.0,yes,Medium,bank account,Bank account transfer,3.33,3.67,7.0,1.33,3.67,5.0
520242486,2023_4Q,2023,2023.75,KENSSD,KEN,SSD,United Bank for Africa (UBA),Bank,Bank branch,Next day,24.0,yes,Low,bank account,Bank account transfer,3.33,3.67,7.0,1.33,3.67,5.0
520242487,2023_4Q,2023,2023.75,KENSSD,KEN,SSD,United Bank for Africa (UBA),Bank,Call Center,Next day,24.0,yes,Low,bank account,Bank account transfer,3.33,3.67,7.0,1.33,3.67,5.0
520242488,2023_4Q,2023,2023.75,KENSSD,KEN,SSD,United Bank for Africa (UBA),Bank,Internet,Next day,24.0,yes,Low,bank account,Bank account transfer,3.33,3.67,7.0,1.33,3.67,5.0
520242553,2023_4Q,2023,2023.75,KENSSD,KEN,SSD,EcoBank Rapid Transfer,Money Transfer Operator,Bank branch,Less than one hour,0.5,yes,Low,cash,Bank account transfer,2.8699999999999997,3.64,6.51,2.8799999999999994,3.64,6.52
520242554,2023_4Q,2023,2023.75,KENSSD,KEN,SSD,EcoBank Rapid Transfer,Money Transfer Operator,Internet,Less than one hour,0.5,yes,Low,cash,Bank account transfer,2.8699999999999997,3.64,6.51,2.8799999999999994,3.64,6.52
520242555,2023_4Q,2023,2023.75,KENSSD,KEN,SSD,EcoBank Rapid Transfer,Money Transfer Operator,Bank branch,Less than one hour,0.5,yes,Low,cash,Cash,2.8699999999999997,3.64,6.51,2.8799999999999994,3.64,6.52
520242556,2023_4Q,2023,2023.75,KENSSD,KEN,SSD,EcoBank Rapid Transfer,Money Transfer Operator,Internet,Less than one hour,0.5,yes,Low,cash,Cash,2.8699999999999997,3.64,6.51,2.8799999999999994,3.64,6.52
520242557,2023_4Q,2023,2023.75,KENTZA,KEN,TZA,EcoBank Rapid Transfer,Money Transfer Operator,Bank branch,Less than one hour,0.5,yes,Medium,cash,Bank account transfer,2.8699999999999997,3.64,6.51,2.8799999999999994,3.64,6.52
520242558,2023_4Q,2023,2023.75,KENTZA,KEN,TZA,EcoBank Rapid Transfer,Money Transfer Operator,Internet,Less than one hour,0.5,yes,Medium,cash,Bank account transfer,2.8699999999999997,3.64,6.51,2.8799999999999994,3.64,6.52
520242559,2023_4Q,2023,2023.75,KENTZA,KEN,TZA,EcoBank Rapid Transfer,Money Transfer Operator,Bank branch,Less than one hour,0.5,yes,Medium,cash,Cash,2.8699999999999997,3.64,6.51,2.8799999999999994,3.64,6.52
520242560,2023_4Q,2023,2023.75,KENTZA,KEN,TZA,EcoBank Rapid Transfer,Money Transfer Operator,Internet,Less than one hour,0.5,yes,Medium,cash,Cash,2.8699999999999997,3.64,6.51,2.8799999999999994,3.64,6.52
520242561,2023_4Q,2023,2023.75,KENUGA,KEN,UGA,EcoBank Rapid Transfer,Money Transfer Operator,Bank branch,Less than one hour,0.5,yes,Medium,cash,Bank account transfer,2.8699999999999997,3.64,6.51,2.8799999999999994,3.64,6.52
520242562,2023_4Q,2023,2023.75,KENUGA,KEN,UGA,EcoBank Rapid Transfer,Money Transfer Operator,Internet,Less than one hour,0.5,yes,Medium,cash,Bank account transfer,2.8699999999999997,3.64,6.51,2.8799999999999994,3.64,6.52
520242563,2023_4Q,2023,2023.75,KENUGA,KEN,UGA,EcoBank Rapid Transfer,Money Transfer Operator,Bank branch,Less than one hour,0.5,yes,Medium,cash,Cash,2.8699999999999997,3.64,6.51,2.8799999999999994,3.64,6.52
520242564,2023_4Q,2023,2023.75,KENUGA,KEN,UGA,EcoBank Rapid Transfer,Money Transfer Operator,Internet,Less than one hour,0.5,yes,Medium,cash,Cash,2.8699999999999997,3.64,6.51,2.8799999999999994,3.64,6.52
520242749,2023_4Q,2023,2023.75,KENUGA,KEN,UGA,United Bank for Africa (UBA),Bank,Bank branch,Next day,24.0,yes,High,bank account,Bank account transfer,3.33,3.67,7.0,1.33,3.67,5.0
520242750,2023_4Q,2023,2023.75,KENUGA,KEN,UGA,United Bank for Africa (UBA),Bank,Call Center,Next day,24.0,yes,High,bank account,Bank account transfer,3.33,3.67,7.0,1.33,3.67,5.0
520242751,2023_4Q,2023,2023.75,KENUGA,KEN,UGA,United Bank for Africa (UBA),Bank,Internet,Next day,24.0,yes,High,bank account,Bank account transfer,3.33,3.67,7.0,1.33,3.67,5.0
520242878,2023_4Q,2023,2023.75,KENRWA,KEN,RWA,Western Union,Money Transfer Operator,Agent,Less than one hour,0.5,yes,High,cash,Cash,1.2000000000000002,3.45,4.65,1.2000000000000002,3.45,4.65
520242879,2023_4Q,2023,2023.75,KENTZA,KEN,TZA,Western Union,Money Transfer Operator,Agent,Less than one hour,0.5,yes,High,cash,Cash,1.2000000000000002,2.61,3.81,1.2000000000000002,2.61,3.81
520242880,2023_4Q,2023,2023.75,KENUGA,KEN,UGA,Western Union,Money Transfer Operator,Agent,Less than one hour,0.5,yes,High,cash,Cash,1.2000000000000002,2.67,3.87,1.2000000000000002,2.67,3.87
520242898,2023_4Q,2023,2023.75,KENRWA,KEN,RWA,M-Pesa,Mobile Operator,Mobile phone,Less than one hour,0.5,yes,High,cash,Mobile money,2.0,4.6,6.6,1.1400000000000006,4.6,5.74
520242899,2023_4Q,2023,2023.75,KENRWA,KEN,RWA,M-Pesa,Mobile Operator,Mobile phone,Less than one hour,0.5,yes,High,mobile wallet,Mobile money,2.0,4.6,6.6,1.1400000000000006,4.6,5.74
520243020,2023_4Q,2023,2023.75,KENRWA,KEN,RWA,MoneyGram,Money Transfer Operator,Agent,Less than one hour,0.5,yes,High,cash,Cash,2.3300000000000005,3.4,5.73,1.4700000000000002,3.4,4.87
520243021,2023_4Q,2023,2023.75,KENRWA,KEN,RWA,MoneyGram,Money Transfer Operator,Agent,Less than one hour,0.5,yes,High,mobile wallet,Cash,2.33,3.46,5.79,1.4699999999999998,3.46,4.93
520243022,2023_4Q,2023,2023.75,KENRWA,KEN,RWA,Western Union,Money Transfer Operator,Agent,Less than one hour,0.5,yes,High,cash,Cash,1.1999999999999997,3.61,4.81,1.1999999999999997,3.61,4.81
520243023,2023_4Q,2023,2023.75,KENUGA,KEN,UGA,MoneyGram,Money Transfer Operator,Agent,Less than one hour,0.5,yes,High,mobile wallet,Cash,2.3300000000000005,2.36,4.69,1.4700000000000002,2.36,3.83
520243024,2023_4Q,2023,2023.75,KENUGA,KEN,UGA,MoneyGram,Money Transfer Operator,Agent,Less than one hour,0.5,yes,High,cash,Cash,2.33,2.74,5.07,1.4699999999999998,2.74,4.21
520243138,2023_4Q,2023,2023.75,KENTZA,KEN,TZA,MoneyGram,Money Transfer Operator,Agent,Less than one hour,0.5,yes,High,cash,Cash,2.3299999999999996,2.64,4.97,1.4700000000000002,2.64,4.11
520243139,2023_4Q,2023,2023.75,KENTZA,KEN,TZA,MoneyGram,Money Transfer Operator,Agent,Less than one hour,0.5,yes,High,mobile wallet,Cash,2.3299999999999996,2.64,4.97,1.4700000000000002,2.64,4.11
520243158,2023_4Q,2023,2023.75,KENSSD,KEN,SSD,MoneyGram,Money Transfer Operator,Agent,Less than one hour,0.5,yes,High,mobile wallet,Cash,2.33,2.08,4.41,1.4699999999999998,2.08,3.55
520243159,2023_4Q,2023,2023.75,KENSSD,KEN,SSD,MoneyGram,Money Transfer Operator,Agent,Less than one hour,0.5,yes,High,cash,Cash,2.3299999999999996,2.14,4.47,1.4699999999999998,2.14,3.61
520243160,2023_4Q,2023,2023.75,KENSSD,KEN,SSD,Western Union,Money Transfer Operator,Agent,Less than one hour,0.5,yes,Low,cash,Cash,1.1999999999999997,3.61,4.81,1.1999999999999997,3.61,4.81
520243161,2023_4Q,2023,2023.75,RWAKEN,RWA,KEN,Ecobank RapidCash,Bank,Bank branch,Less than one hour,0.5,yes,High,bank account,Bank account transfer,5.11,4.44,9.55,5.349999999999999,4.44,9.79
520243162,2023_4Q,2023,2023.75,RWAKEN,RWA,KEN,Ecobank RapidCash,Bank,Internet,Less than one hour,0.5,yes,High,bank account,Bank account transfer,5.11,4.38,9.49,5.3500000000000005,4.38,9.73
520243189,2023_4Q,2023,2023.75,KENTZA,KEN,TZA,M-Pesa,Mobile Operator,Mobile phone,Less than one hour,0.5,yes,High,cash,Mobile money,2.0,3.41,5.41,1.1399999999999997,3.41,4.55
520243190,2023_4Q,2023,2023.75,KENTZA,KEN,TZA,M-Pesa,Mobile Operator,Mobile phone,Less than one hour,0.5,yes,High,mobile wallet,Mobile money,2.0,3.41,5.41,1.1399999999999997,3.41,4.55
520243191,2023_4Q,2023,2023.75,KENUGA,KEN,UGA,M-Pesa,Mobile Operator,Mobile phone,Less than one hour,0.5,yes,High,cash,Mobile money,2.0,4.38,6.38,1.1399999999999997,4.38,5.52
520243192,2023_4Q,2023,2023.75,KENUGA,KEN,UGA,M-Pesa,Mobile Operator,Mobile phone,Less than one hour,0.5,yes,High,mobile wallet,Mobile money,2.0,4.38,6.38,1.1399999999999997,4.38,5.52
520244207,2023_4Q,2023,2023.75,RWAKEN,RWA,KEN,Western Union,Money Transfer Operator,Agent,Less than one hour,0.5,yes,High,cash,Cash,3.9699999999999998,7.81,11.78,3.990000000000001,7.81,11.8
520246963,2023_4Q,2023,2023.75,KENUGA,KEN,UGA,GT Bank,Bank,Bank branch,Next day,24.0,yes,High,bank account,Bank account transfer,10.0,4.99,14.99,4.0,4.99,8.99
520246964,2023_4Q,2023,2023.75,KENUGA,KEN,UGA,GT Bank,Bank,Call Center,Next day,24.0,yes,High,bank account,Bank account transfer,10.0,4.99,14.99,4.0,4.99,8.99
520246965,2023_4Q,2023,2023.75,KENUGA,KEN,UGA,GT Bank,Bank,Internet,Next day,24.0,yes,High,bank account,Bank account transfer,10.0,4.99,14.99,4.0,4.99,8.99
520246966,2023_4Q,2023,2023.75,KENUGA,KEN,UGA,Development Bank of Kenya,Bank,Bank branch,Next day,24.0,yes,High,bank account,Bank account transfer,13.63,4.99,18.62,5.629999999999999,4.99,10.62
520246967,2023_4Q,2023,2023.75,KENUGA,KEN,UGA,Development Bank of Kenya,Bank,Call Center,Next day,24.0,yes,High,bank account,Bank account transfer,13.63,4.99,18.62,5.629999999999999,4.99,10.62
520246968,2023_4Q,2023,2023.75,KENUGA,KEN,UGA,Development Bank of Kenya,Bank,Internet,Next day,24.0,yes,High,bank account,Bank account transfer,13.63,4.99,18.62,5.629999999999999,4.99,10.62
520246988,2023_4Q,2023,2023.75,KENTZA,KEN,TZA,Development Bank of Kenya,Bank,Bank branch,Next day,24.0,yes,Medium,bank account,Bank account transfer,13.63,4.99,18.62,5.629999999999999,4.99,10.62
520246989,2023_4Q,2023,2023.75,KENTZA,KEN,TZA,Development Bank of Kenya,Bank,Call Center,Next day,24.0,yes,Medium,bank account,Bank account transfer,13.63,4.99,18.62,5.629999999999999,4.99,10.62
520246990,2023_4Q,2023,2023.75,KENTZA,KEN,TZA,Development Bank of Kenya,Bank,Internet,Next day,24.0,yes,Medium,bank account,Bank account transfer,13.63,4.99,18.62,5.629999999999999,4.99,10.62
520246991,2023_4Q,2023,2023.75,KENTZA,KEN,TZA,GT Bank,Bank,Bank branch,Next day,24.0,yes,Medium,bank account,Bank account transfer,10.0,4.99,14.99,4.0,4.99,8.99
520246992,2023_4Q,2023,2023.75,KENTZA,KEN,TZA,GT Bank,Bank,Call Center,Next day,24.0,yes,Medium,bank account,Bank account transfer,10.0,4.99,14.99,4.0,4.99,8.99
520246993,2023_4Q,2023,2023.75,KENTZA,KEN,TZA,GT Bank,Bank,Internet,Next day,24.0,yes,Medium,bank account,Bank account transfer,10.0,4.99,14.99,4.0,4.99,8.99
520246994,2023_4Q,2023,2023.75,KENTZA,KEN,TZA,UBA Africash,Bank,Bank branch,Less than one hour,0.5,yes,Medium,cash,Cash,3.64,0.17,3.81,2.5,0.17,2.67
520247002,2023_4Q,2023,2023.75,KENSSD,KEN,SSD,Development Bank of Kenya,Bank,Bank branch,Next day,24.0,yes,Low,bank account,Bank account transfer,13.63,4.99,18.62,5.629999999999999,4.99,10.62
520247003,2023_4Q,2023,2023.75,KENSSD,KEN,SSD,Development Bank of Kenya,Bank,Call Center,Next day,24.0,yes,Low,bank account,Bank account transfer,13.63,4.99,18.62,5.629999999999999,4.99,10.62
520247004,2023_4Q,2023,2023.75,KENSSD,KEN,SSD,Development Bank of Kenya,Bank,Internet,Next day,24.0,yes,Low,bank account,Bank account transfer,13.63,4.99,18.62,5.629999999999999,4.99,10.62
520247005,2023_4Q,2023,2023.75,KENSSD,KEN,SSD,GT Bank,Bank,Bank branch,Next day,24.0,yes,Low,bank account,Bank account transfer,10.0,4.99,14.99,4.0,4.99,8.99
520247006,2023_4Q,2023,2023.75,KENSSD,KEN,SSD,GT Bank,Bank,Call Center,Next day,24.0,yes,Low,bank account,Bank account transfer,10.0,4.99,14.99,4.0,4.99,8.99
520247007,2023_4Q,2023,2023.75,KENSSD,KEN,SSD,GT Bank,Bank,Internet,Next day,24.0,yes,Low,bank account,Bank account transfer,10.0,4.99,14.99,4.0,4.99,8.99
520247008,2023_4Q,2023,2023.75,RWAKEN,RWA,KEN,BPR Bank Rwanda,Bank,Bank branch,Less than one hour,0.5,yes,High,own/partner bank account,Cash,30.029999999999998,16.62,46.65,12.009999999999998,16.62,28.63
520247028,2023_4Q,2023,2023.75,RWAKEN,RWA,KEN,BPR Bank Rwanda,Bank,Bank branch,Less than one hour,0.5,yes,High,own/partner bank account,Bank account transfer,30.029999999999998,16.62,46.65,12.009999999999998,16.62,28.63
520247313,2023_4Q,2023,2023.75,KENTZA,KEN,TZA,ABC Bank,Money Transfer Operator,Bank branch,Next day,24.0,yes,Medium,bank account,Bank account transfer,10.0,4.92,14.92,4.0,4.92,8.92
520247314,2023_4Q,2023,2023.75,KENTZA,KEN,TZA,ABC Bank,Money Transfer Operator,Call Center,Next day,24.0,yes,Medium,bank account,Bank account transfer,10.0,4.92,14.92,4.0,4.92,8.92
520247315,2023_4Q,2023,2023.75,KENTZA,KEN,TZA,ABC Bank,Money Transfer Operator,Internet,Next day,24.0,yes,Medium,bank account,Bank account transfer,10.0,4.92,14.92,4.0,4.92,8.92
520247316,2023_4Q,2023,2023.75,KENTZA,KEN,TZA,Ecobank,Bank,Bank branch,Next day,24.0,yes,Low,cash,Cash,20.0,3.39,23.39,8.0,3.39,11.39
520247317,2023_4Q,2023,2023.75,KENTZA,KEN,TZA,KCB,Bank,Bank branch,Next day,24.0,yes,Medium,bank account,Bank account transfer,14.439999999999998,3.39,17.83,5.779999999999999,3.39,9.17
520247318,2023_4Q,2023,2023.75,KENTZA,KEN,TZA,KCB,Bank,Call Center,Next day,24.0,yes,Medium,bank account,Bank account transfer,14.439999999999998,3.39,17.83,5.779999999999999,3.39,9.17
520247319,2023_4Q,2023,2023.75,KENTZA,KEN,TZA,KCB,Bank,Internet,Next day,24.0,yes,Medium,bank account,Bank account transfer,14.439999999999998,3.39,17.83,5.779999999999999,3.39,9.17
520247328,2023_4Q,2023,2023.75,KENSSD,KEN,SSD,ABC Bank,Money Transfer Operator,Bank branch,Next day,24.0,yes,Low,bank account,Bank account transfer,10.0,4.92,14.92,4.0,4.92,8.92
520247329,2023_4Q,2023,2023.75,KENSSD,KEN,SSD,ABC Bank,Money Transfer Operator,Call Center,Next day,24.0,yes,Low,bank account,Bank account transfer,10.0,4.92,14.92,4.0,4.92,8.92
520247330,2023_4Q,2023,2023.75,KENSSD,KEN,SSD,ABC Bank,Money Transfer Operator,Internet,Next day,24.0,yes,Low,bank account,Bank account transfer,10.0,4.92,14.92,4.0,4.92,8.92
520247331,2023_4Q,2023,2023.75,KENSSD,KEN,SSD,Ecobank,Bank,Bank branch,Next day,24.0,yes,Low,bank account,Cash,20.0,3.39,23.39,8.0,3.39,11.39
520247332,2023_4Q,2023,2023.75,KENSSD,KEN,SSD,KCB,Bank,Bank branch,Next day,24.0,yes,Low,bank account,Bank account transfer,14.439999999999998,3.39,17.83,5.779999999999999,3.39,9.17
520247333,2023_4Q,2023,2023.75,KENSSD,KEN,SSD,KCB,Bank,Call Center,Next day,24.0,yes,Low,bank account,Bank account transfer,14.439999999999998,3.39,17.83,5.779999999999999,3.39,9.17
520247334,2023_4Q,2023,2023.75,KENSSD,KEN,SSD,KCB,Bank,Internet,Next day,24.0,yes,Low,bank account,Bank account transfer,14.439999999999998,3.39,17.83,5.779999999999999,3.39,9.17
520247356,2023_4Q,2023,2023.75,KENRWA,KEN,RWA,EcoBank Rapid Transfer,Money Transfer Operator,Bank branch,Less than one hour,0.5,yes,Medium,cash,Bank account transfer,2.87,0.11,2.98,2.8800000000000003,0.11,2.99
520247357,2023_4Q,2023,2023.75,KENRWA,KEN,RWA,EcoBank Rapid Transfer,Money Transfer Operator,Internet,Less than one hour,0.5,yes,Medium,cash,Bank account transfer,2.87,0.11,2.98,2.8800000000000003,0.11,2.99
520247358,2023_4Q,2023,2023.75,KENRWA,KEN,RWA,EcoBank Rapid Transfer,Money Transfer Operator,Bank branch,Less than one hour,0.5,yes,Medium,cash,Cash,2.87,0.11,2.98,2.8800000000000003,0.11,2.99
520247359,2023_4Q,2023,2023.75,KENRWA,KEN,RWA,EcoBank Rapid Transfer,Money Transfer Operator,Internet,Less than one hour,0.5,yes,Medium,cash,Cash,2.87,0.11,2.98,2.8800000000000003,0.11,2.99
520247379,2023_4Q,2023,2023.75,RWAKEN,RWA,KEN,Maico Money Transfer,Money Transfer Operator,Agent,Less than one hour,0.5,yes,High,cash,Cash,4.000000000000001,7.55,11.55,4.000000000000001,7.55,11.55
520247384,2023_4Q,2023,2023.75,KENRWA,KEN,RWA,Ecobank,Bank,Bank branch,Next day,24.0,yes,Medium,cash,Cash,20.0,3.39,23.39,8.0,3.39,11.39
520247385,2023_4Q,2023,2023.75,KENUGA,KEN,UGA,KCB,Bank,Bank branch,Next day,24.0,yes,High,bank account,Bank account transfer,14.439999999999998,3.39,17.83,5.779999999999999,3.39,9.17
520247386,2023_4Q,2023,2023.75,KENUGA,KEN,UGA,KCB,Bank,Call Center,Next day,24.0,yes,High,bank account,Bank account transfer,14.439999999999998,3.39,17.83,5.779999999999999,3.39,9.17
520247387,2023_4Q,2023,2023.75,KENUGA,KEN,UGA,ABC Bank,Money Transfer Operator,Bank branch,Next day,24.0,yes,High,bank account,Bank account transfer,10.0,4.92,14.92,4.0,4.92,8.92
520247388,2023_4Q,2023,2023.75,KENUGA,KEN,UGA,ABC Bank,Money Transfer Operator,Call Center,Next day,24.0,yes,High,bank account,Bank account transfer,10.0,4.92,14.92,4.0,4.92,8.92
520247389,2023_4Q,2023,2023.75,KENUGA,KEN,UGA,ABC Bank,Money Transfer Operator,Internet,Next day,24.0,yes,High,bank account,Bank account transfer,10.0,4.92,14.92,4.0,4.92,8.92
520247390,2023_4Q,2023,2023.75,KENUGA,KEN,UGA,Ecobank,Bank,Bank branch,Next day,24.0,yes,Low,cash,Cash,20.0,3.39,23.39,8.0,3.39,11.39
520247398,2023_4Q,2023,2023.75,TZAKEN,TZA,KEN,Stanbic Bank,Bank,Bank branch,Same day,12.0,yes,High,bank account,Bank account transfer,39.59,26.69,66.28,16.02,26.69,42.71
520247399,2023_4Q,2023,2023.75,TZAKEN,TZA,KEN,Stanbic Bank,Bank,Call Center,Same day,12.0,yes,High,bank account,Bank account transfer,39.59,26.69,66.28,16.02,26.69,42.71
520247400,2023_4Q,2023,2023.75,TZAUGA,TZA,UGA,Stanbic Bank,Bank,Bank branch,Same day,12.0,yes,High,bank account,Bank account transfer,39.59,5.09,44.68,16.03,5.09,21.12
520247401,2023_4Q,2023,2023.75,TZAUGA,TZA,UGA,Stanbic Bank,Bank,Call Center,Same day,12.0,yes,High,bank account,Bank account transfer,39.59,5.09,44.68,16.02,5.09,21.11
520247546,2023_4Q,2023,2023.75,TZAKEN,TZA,KEN,NBC,Bank,Bank branch,Same day,12.0,yes,High,bank account,Bank account transfer,47.25,16.15,63.4,18.910000000000004,16.15,35.06
520247547,2023_4Q,2023,2023.75,TZAKEN,TZA,KEN,NBC,Bank,Call Center,Same day,12.0,yes,High,bank account,Bank account transfer,47.25,16.15,63.4,18.910000000000004,16.15,35.06
520247557,2023_4Q,2023,2023.75,TZAKEN,TZA,KEN,KCB,Bank,Bank branch,Same day,12.0,yes,High,bank account,Bank account transfer,43.309999999999995,19.17,62.48,17.33,19.17,36.5
520247558,2023_4Q,2023,2023.75,TZAKEN,TZA,KEN,KCB,Bank,Call Center,Same day,12.0,yes,High,bank account,Bank account transfer,43.309999999999995,19.17,62.48,17.33,19.17,36.5
520247579,2023_4Q,2023,2023.75,TZAKEN,TZA,KEN,EcoBank Rapid Transfer,Money Transfer Operator,Internet,Less than one hour,0.5,yes,High,cash,Bank account transfer,0.0,3.66,3.66,3.5999999999999996,3.66,7.26
520247580,2023_4Q,2023,2023.75,TZAKEN,TZA,KEN,EcoBank Rapid Transfer,Money Transfer Operator,Internet,Less than one hour,0.5,yes,High,cash,Cash,0.0,3.66,3.66,3.5999999999999996,3.66,7.26
520247581,2023_4Q,2023,2023.75,TZARWA,TZA,RWA,EcoBank Rapid Transfer,Money Transfer Operator,Internet,Less than one hour,0.5,yes,Medium,cash,Bank account transfer,0.0,2.38,2.38,3.0,2.38,5.38
520247582,2023_4Q,2023,2023.75,TZARWA,TZA,RWA,EcoBank Rapid Transfer,Money Transfer Operator,Internet,Less than one hour,0.5,yes,Medium,cash,Cash,0.0,2.38,2.38,3.0,2.38,5.38
520247583,2023_4Q,2023,2023.75,TZAUGA,TZA,UGA,EcoBank Rapid Transfer,Money Transfer Operator,Internet,Less than one hour,0.5,yes,Medium,cash,Bank account transfer,0.0,4.28,4.28,3.0,4.28,7.28
520247584,2023_4Q,2023,2023.75,TZAUGA,TZA,UGA,EcoBank Rapid Transfer,Money Transfer Operator,Internet,Less than one hour,0.5,yes,Medium,cash,Cash,0.0,4.28,4.28,3.0,4.28,7.28
520247587,2023_4Q,2023,2023.75,KENUGA,KEN,UGA,UBA Africash,Bank,Bank branch,Less than one hour,0.5,yes,Medium,cash,Cash,3.64,0.11,3.75,2.49,0.11,2.6
520247588,2023_4Q,2023,2023.75,TZAKEN,TZA,KEN,Western Union,Money Transfer Operator,Agent,Less than one hour,0.5,yes,High,cash,Cash,6.299999999999997,29.0,35.3,2.5199999999999996,29.0,31.52
6202335,2024_1Q,2024,2024.0,KENUGA,KEN,UGA,ABC Bank,Money Transfer Operator,Bank branch,Next day,24.0,yes,High,bank account,Bank account transfer,10.0,1.74,11.74,4.0,1.74,5.74
6202336,2024_1Q,2024,2024.0,KENUGA,KEN,UGA,ABC Bank,Money Transfer Operator,Call Center,Next day,24.0,yes,High,bank account,Bank account transfer,10.0,1.74,11.74,4.0,1.74,5.74
6202337,2024_1Q,2024,2024.0,KENUGA,KEN,UGA,ABC Bank,Money Transfer Operator,Internet,Next day,24.0,yes,High,bank account,Bank account transfer,10.0,1.74,11.74,4.0,1.74,5.74
6202550,2024_1Q,2024,2024.0,TZAKEN,TZA,KEN,MoneyGram,Money Transfer Operator,Agent,Same day,12.0,yes,High,cash,Cash,5.389999999999999,10.14,15.53,4.619999999999999,10.14,14.76
6202561,2024_1Q,2024,2024.0,TZAUGA,TZA,UGA,MoneyGram,Money Transfer Operator,Agent,Same day,12.0,yes,High,cash,Cash,5.389999999999999,6.23,11.62,4.619999999999999,6.23,10.85
6202562,2024_1Q,2024,2024.0,TZAUGA,TZA,UGA,Western Union,Money Transfer Operator,Agent,Same day,12.0,yes,High,cash,Cash,2.6800000000000006,5.87,8.55,2.3400000000000007,5.87,8.21
6203911,2024_1Q,2024,2024.0,KENTZA,KEN,TZA,ABC Bank,Money Transfer Operator,Bank branch,Next day,24.0,yes,Medium,bank account,Bank account transfer,10.0,1.74,11.74,4.0,1.74,5.74
6203912,2024_1Q,2024,2024.0,KENTZA,KEN,TZA,ABC Bank,Money Transfer Operator,Call Center,Next day,24.0,yes,Medium,bank account,Bank account transfer,10.0,1.74,11.74,4.0,1.74,5.74
6203913,2024_1Q,2024,2024.0,KENTZA,KEN,TZA,ABC Bank,Money Transfer Operator,Internet,Next day,24.0,yes,Medium,bank account,Bank account transfer,10.0,1.74,11.74,4.0,1.74,5.74
6204436,2024_1Q,2024,2024.0,KENSSD,KEN,SSD,ABC Bank,Money Transfer Operator,Bank branch,Next day,24.0,yes,Low,bank account,Bank account transfer,10.0,1.74,11.74,4.0,1.74,5.74
6204437,2024_1Q,2024,2024.0,KENSSD,KEN,SSD,ABC Bank,Money Transfer Operator,Call Center,Next day,24.0,yes,Low,bank account,Bank account transfer,10.0,1.74,11.74,4.0,1.74,5.74
6204438,2024_1Q,2024,2024.0,KENSSD,KEN,SSD,ABC Bank,Money Transfer Operator,Internet,Next day,24.0,yes,Low,bank account,Bank account transfer,10.0,1.74,11.74,4.0,1.74,5.74
6204605,2024_1Q,2024,2024.0,RWAKEN,RWA,KEN,BPR Bank Rwanda,Bank,Bank branch,Less than one hour,0.5,yes,High,own/partner bank account,Cash,30.099999999999998,16.27,46.37,12.04,16.27,28.31
6206924,2024_1Q,2024,2024.0,RWAKEN,RWA,KEN,BPR Bank Rwanda,Bank,Bank branch,Less than one hour,0.5,yes,High,own/partner bank account,Bank account transfer,30.099999999999998,16.27,46.37,12.04,16.27,28.31
6201787,2024_1Q,2024,2024.0,TZAKEN,TZA,KEN,KCB,Bank,Bank branch,Same day,12.0,yes,High,bank account,Bank account transfer,43.93,18.1,62.03,17.58,18.1,35.68
6201788,2024_1Q,2024,2024.0,TZAKEN,TZA,KEN,KCB,Bank,Call Center,Same day,12.0,yes,High,bank account,Bank account transfer,43.93,18.1,62.03,17.58,18.1,35.68
6202321,2024_1Q,2024,2024.0,KENRWA,KEN,RWA,Ecobank,Bank,Bank branch,2 days,48.0,yes,Medium,cash,Cash,20.0,2.51,22.51,8.0,2.51,10.51
6202325,2024_1Q,2024,2024.0,KENUGA,KEN,UGA,GT Bank,Bank,Internet,2 days,48.0,yes,High,bank account,Bank account transfer,10.0,2.51,12.51,4.0,2.51,6.51
6202338,2024_1Q,2024,2024.0,KENUGA,KEN,UGA,Ecobank,Bank,Bank branch,2 days,48.0,yes,Low,cash,Cash,20.0,2.51,22.51,8.0,2.51,10.51
6203917,2024_1Q,2024,2024.0,KENTZA,KEN,TZA,Ecobank,Bank,Bank branch,2 days,48.0,yes,Low,cash,Cash,20.0,2.51,22.51,8.0,2.51,10.51
6203920,2024_1Q,2024,2024.0,KENTZA,KEN,TZA,GT Bank,Bank,Internet,2 days,48.0,yes,Medium,bank account,Bank account transfer,10.0,2.51,12.51,4.0,2.51,6.51
6204442,2024_1Q,2024,2024.0,KENSSD,KEN,SSD,Ecobank,Bank,Bank branch,2 days,48.0,yes,Low,bank account,Cash,20.0,2.51,22.51,8.0,2.51,10.51
6204444,2024_1Q,2024,2024.0,KENSSD,KEN,SSD,GT Bank,Bank,Call Center,2 days,48.0,yes,Low,bank account,Bank account transfer,10.0,2.51,12.51,4.0,2.51,6.51
6204606,2024_1Q,2024,2024.0,RWAKEN,RWA,KEN,MoneyGram,Money Transfer Operator,Agent,Less than one hour,0.5,yes,High,cash,Cash,3.33,2.95,6.28,3.2,2.95,6.15
6205984,2024_1Q,2024,2024.0,KENRWA,KEN,RWA,Dahabshiil,Money Transfer Operator,Agent,Less than one hour,0.5,yes,Low,cash,Cash,2.4,-0.4,2.0,2.4,-0.4,2.0
6205985,2024_1Q,2024,2024.0,KENSSD,KEN,SSD,Dahabshiil,Money Transfer Operator,Agent,Less than one hour,0.5,yes,Low,cash,Cash,2.4,-0.4,2.0,2.4,-0.4,2.0
6205986,2024_1Q,2024,2024.0,KENUGA,KEN,UGA,Dahabshiil,Money Transfer Operator,Agent,Less than one hour,0.5,yes,Low,cash,Cash,2.4,-0.4,2.0,2.4,-0.4,2.0
6206531,2024_1Q,2024,2024.0,KENRWA,KEN,RWA,EcoBank Rapid Transfer,Money Transfer Operator,Bank branch,Same day,12.0,yes,Medium,cash,Bank account transfer,2.88,1.07,3.95,2.8099999999999996,1.07,3.88
6206532,2024_1Q,2024,2024.0,KENRWA,KEN,RWA,EcoBank Rapid Transfer,Money Transfer Operator,Internet,Same day,12.0,yes,Medium,cash,Bank account transfer,2.88,1.09,3.97,2.8099999999999996,1.09,3.9
6206533,2024_1Q,2024,2024.0,KENRWA,KEN,RWA,EcoBank Rapid Transfer,Money Transfer Operator,Bank branch,Same day,12.0,yes,Medium,cash,Cash,2.88,1.07,3.95,2.8099999999999996,1.07,3.88
6206534,2024_1Q,2024,2024.0,KENRWA,KEN,RWA,EcoBank Rapid Transfer,Money Transfer Operator,Internet,Same day,12.0,yes,Medium,cash,Cash,2.88,1.09,3.97,2.8099999999999996,1.09,3.9
6207379,2024_1Q,2024,2024.0,RWAKEN,RWA,KEN,WorldRemit,Money Transfer Operator,Internet,Less than one hour,0.5,yes,High,cash,Credit Card,2.9299999999999997,2.95,5.88,1.6399999999999997,2.95,4.59
6207380,2024_1Q,2024,2024.0,RWAKEN,RWA,KEN,WorldRemit,Money Transfer Operator,Internet,Less than one hour,0.5,yes,High,cash,Debit card,2.9299999999999997,3.62,6.55,1.6399999999999997,3.62,5.26
6207381,2024_1Q,2024,2024.0,RWAKEN,RWA,KEN,WorldRemit,Money Transfer Operator,Internet,Less than one hour,0.5,yes,High,mobile wallet,Debit card,2.9299999999999997,1.71,4.64,1.6400000000000001,1.71,3.35
6202339,2024_1Q,2024,2024.0,KENUGA,KEN,UGA,UBA Africash,Bank,Bank branch,Same day,12.0,yes,Medium,cash,Cash,3.64,0.3,3.94,2.49,0.3,2.79
6202551,2024_1Q,2024,2024.0,TZARWA,TZA,RWA,NMB (National Microfinance Bank),Non-Bank FI,Bank branch,Same day,12.0,yes,High,bank account,Bank account transfer,47.93000000000001,13.45,61.38,19.180000000000003,13.45,32.63
6202552,2024_1Q,2024,2024.0,TZARWA,TZA,RWA,NMB (National Microfinance Bank),Non-Bank FI,Call Center,Same day,12.0,yes,High,bank account,Bank account transfer,47.93000000000001,13.45,61.38,19.180000000000003,13.45,32.63
6202555,2024_1Q,2024,2024.0,TZAUGA,TZA,UGA,NBC,Bank,Bank branch,Same day,12.0,yes,High,bank account,Bank account transfer,67.91,4.57,72.48,27.169999999999998,4.57,31.74
6202556,2024_1Q,2024,2024.0,TZAUGA,TZA,UGA,NBC,Bank,Call Center,Same day,12.0,yes,High,bank account,Bank account transfer,47.93,4.57,52.5,19.18,4.57,23.75
6202557,2024_1Q,2024,2024.0,TZAUGA,TZA,UGA,NMB (National Microfinance Bank),Non-Bank FI,Bank branch,Same day,12.0,yes,High,bank account,Bank account transfer,47.93,2.83,50.76,19.18,2.83,22.01
6202558,2024_1Q,2024,2024.0,TZAUGA,TZA,UGA,NMB (National Microfinance Bank),Non-Bank FI,Call Center,Same day,12.0,yes,High,bank account,Bank account transfer,47.93,2.76,50.69,19.18,2.76,21.94
6202559,2024_1Q,2024,2024.0,TZAUGA,TZA,UGA,Stanbic Bank,Bank,Bank branch,Same day,12.0,yes,High,bank account,Bank account transfer,62.35000000000001,5.02,67.37,24.95,5.02,29.97
6202560,2024_1Q,2024,2024.0,TZAUGA,TZA,UGA,Stanbic Bank,Bank,Call Center,Same day,12.0,yes,High,bank account,Bank account transfer,62.35000000000001,5.02,67.37,24.95,5.02,29.97
6203926,2024_1Q,2024,2024.0,KENTZA,KEN,TZA,UBA Africash,Bank,Bank branch,Same day,12.0,yes,Medium,cash,Cash,3.64,0.3,3.94,2.49,0.3,2.79
6206540,2024_1Q,2024,2024.0,KENTZA,KEN,TZA,EcoBank Rapid Transfer,Money Transfer Operator,Internet,Same day,12.0,yes,Medium,cash,Bank account transfer,2.88,2.51,5.39,2.8100000000000005,2.51,5.32
6206542,2024_1Q,2024,2024.0,KENTZA,KEN,TZA,EcoBank Rapid Transfer,Money Transfer Operator,Internet,Same day,12.0,yes,Medium,cash,Cash,2.88,2.51,5.39,2.8100000000000005,2.51,5.32
6206544,2024_1Q,2024,2024.0,KENUGA,KEN,UGA,EcoBank Rapid Transfer,Money Transfer Operator,Internet,Same day,12.0,yes,Medium,cash,Bank account transfer,2.88,2.51,5.39,2.8100000000000005,2.51,5.32
6206545,2024_1Q,2024,2024.0,KENUGA,KEN,UGA,EcoBank Rapid Transfer,Money Transfer Operator,Internet,Same day,12.0,yes,Medium,cash,Cash,2.88,2.51,5.39,2.8100000000000005,2.51,5.32
6200547,2024_1Q,2024,2024.0,KENRWA,KEN,RWA,M-Pesa,Mobile Operator,Mobile phone,Less than one hour,0.5,yes,High,cash,Mobile money,2.0,5.23,7.23,1.1399999999999997,5.23,6.37
6200548,2024_1Q,2024,2024.0,KENRWA,KEN,RWA,M-Pesa,Mobile Operator,Mobile phone,Less than one hour,0.5,yes,High,mobile wallet,Mobile money,2.0,5.23,7.23,1.1399999999999997,5.23,6.37
6203579,2024_1Q,2024,2024.0,TZAKEN,TZA,KEN,M-Pesa,Mobile Operator,Mobile phone,Less than one hour,0.5,yes,High,mobile wallet,Mobile money,0.6400000000000006,6.59,7.23,0.4800000000000004,6.59,7.07
6203916,2024_1Q,2024,2024.0,KENTZA,KEN,TZA,Development Bank of Kenya,Bank,Internet,2 days,48.0,yes,Medium,bank account,Bank account transfer,13.63,2.18,15.81,5.629999999999999,2.18,7.81
6204802,2024_1Q,2024,2024.0,KENTZA,KEN,TZA,M-Pesa,Mobile Operator,Mobile phone,Less than one hour,0.5,yes,High,cash,Mobile money,2.0,3.87,5.87,1.1399999999999997,3.87,5.01
6204803,2024_1Q,2024,2024.0,KENTZA,KEN,TZA,M-Pesa,Mobile Operator,Mobile phone,Less than one hour,0.5,yes,High,mobile wallet,Mobile money,2.0,3.87,5.87,1.1399999999999997,3.87,5.01
6204804,2024_1Q,2024,2024.0,KENUGA,KEN,UGA,M-Pesa,Mobile Operator,Mobile phone,Less than one hour,0.5,yes,High,cash,Mobile money,2.0,4.33,6.33,1.1399999999999997,4.33,5.47
6204805,2024_1Q,2024,2024.0,KENUGA,KEN,UGA,M-Pesa,Mobile Operator,Mobile phone,Less than one hour,0.5,yes,High,mobile wallet,Mobile money,2.0,4.33,6.33,1.1399999999999997,4.33,5.47
6204817,2024_1Q,2024,2024.0,TZARWA,TZA,RWA,Tigo,Mobile Operator,Mobile phone,Less than one hour,0.5,yes,High,mobile wallet,Mobile money,0.6900000000000013,8.62,9.31,0.6500000000000004,8.62,9.27
6204607,2024_1Q,2024,2024.0,RWAKEN,RWA,KEN,MTN Mobile Money,Mobile Operator,Mobile phone,Less than one hour,0.5,yes,High,mobile wallet,Mobile money,0.0,8.42,8.42,0.0,8.42,8.42
6200135,2024_1Q,2024,2024.0,KENRWA,KEN,RWA,Western Union,Money Transfer Operator,Agent,Less than one hour,0.5,yes,High,cash,Cash,1.15,2.68,3.83,1.15,2.68,3.83
6200136,2024_1Q,2024,2024.0,KENTZA,KEN,TZA,Western Union,Money Transfer Operator,Agent,Less than one hour,0.5,yes,High,cash,Cash,1.1500000000000004,3.08,4.23,1.1500000000000004,3.08,4.23
6200137,2024_1Q,2024,2024.0,KENUGA,KEN,UGA,Western Union,Money Transfer Operator,Agent,Less than one hour,0.5,yes,High,cash,Cash,1.1499999999999995,4.32,5.47,1.1499999999999995,4.32,5.47
6202319,2024_1Q,2024,2024.0,KENRWA,KEN,RWA,MoneyGram,Money Transfer Operator,Agent,Less than one hour,0.5,yes,High,cash,Cash,2.24,5.0,7.24,1.4100000000000001,5.0,6.41
6202320,2024_1Q,2024,2024.0,KENRWA,KEN,RWA,MoneyGram,Money Transfer Operator,Agent,Less than one hour,0.5,yes,High,mobile wallet,Cash,2.24,5.0,7.24,1.4100000000000001,5.0,6.41
6202322,2024_1Q,2024,2024.0,KENRWA,KEN,RWA,Western Union,Money Transfer Operator,Agent,Less than one hour,0.5,yes,High,cash,Cash,1.15,2.18,3.33,1.15,2.18,3.33
6202323,2024_1Q,2024,2024.0,KENUGA,KEN,UGA,GT Bank,Bank,Bank branch,2 days,48.0,yes,High,bank account,Bank account transfer,10.0,2.51,12.51,4.0,2.51,6.51
6202324,2024_1Q,2024,2024.0,KENUGA,KEN,UGA,GT Bank,Bank,Call Center,2 days,48.0,yes,High,bank account,Bank account transfer,10.0,2.51,12.51,4.0,2.51,6.51
6202326,2024_1Q,2024,2024.0,KENUGA,KEN,UGA,Development Bank of Kenya,Bank,Bank branch,2 days,48.0,yes,High,bank account,Bank account transfer,13.63,2.51,16.14,5.630000000000001,2.51,8.14
6202327,2024_1Q,2024,2024.0,KENUGA,KEN,UGA,Development Bank of Kenya,Bank,Call Center,2 days,48.0,yes,High,bank account,Bank account transfer,13.63,2.51,16.14,5.630000000000001,2.51,8.14
6202328,2024_1Q,2024,2024.0,KENUGA,KEN,UGA,Development Bank of Kenya,Bank,Internet,2 days,48.0,yes,High,bank account,Bank account transfer,13.63,2.51,16.14,5.630000000000001,2.51,8.14
6202332,2024_1Q,2024,2024.0,KENUGA,KEN,UGA,KCB,Bank,Bank branch,2 days,48.0,yes,High,bank account,Bank account transfer,14.44,2.51,16.95,5.779999999999999,2.51,8.29
6202333,2024_1Q,2024,2024.0,KENUGA,KEN,UGA,KCB,Bank,Call Center,2 days,48.0,yes,High,bank account,Bank account transfer,14.44,2.51,16.95,5.779999999999999,2.51,8.29
6202334,2024_1Q,2024,2024.0,KENUGA,KEN,UGA,KCB,Bank,Internet,2 days,48.0,yes,High,bank account,Bank account transfer,14.44,2.51,16.95,5.779999999999999,2.51,8.29
6202340,2024_1Q,2024,2024.0,KENUGA,KEN,UGA,MoneyGram,Money Transfer Operator,Agent,Less than one hour,0.5,yes,High,cash,Cash,2.24,2.71,4.95,1.4100000000000001,2.71,4.12
6202341,2024_1Q,2024,2024.0,KENUGA,KEN,UGA,MoneyGram,Money Transfer Operator,Agent,Less than one hour,0.5,yes,High,mobile wallet,Cash,2.24,2.71,4.95,1.4100000000000001,2.71,4.12
6203914,2024_1Q,2024,2024.0,KENTZA,KEN,TZA,Development Bank of Kenya,Bank,Bank branch,2 days,48.0,yes,Medium,bank account,Bank account transfer,13.63,2.51,16.14,5.630000000000001,2.51,8.14
6203915,2024_1Q,2024,2024.0,KENTZA,KEN,TZA,Development Bank of Kenya,Bank,Call Center,2 days,48.0,yes,Medium,bank account,Bank account transfer,13.63,2.51,16.14,5.630000000000001,2.51,8.14
6203918,2024_1Q,2024,2024.0,KENTZA,KEN,TZA,GT Bank,Bank,Bank branch,2 days,48.0,yes,Medium,bank account,Bank account transfer,10.0,2.51,12.51,4.0,2.51,6.51
6203919,2024_1Q,2024,2024.0,KENTZA,KEN,TZA,GT Bank,Bank,Call Center,2 days,48.0,yes,Medium,bank account,Bank account transfer,10.0,2.51,12.51,4.0,2.51,6.51
6203921,2024_1Q,2024,2024.0,KENTZA,KEN,TZA,KCB,Bank,Bank branch,2 days,48.0,yes,Medium,bank account,Bank account transfer,14.44,2.51,16.95,5.779999999999999,2.51,8.29
6203922,2024_1Q,2024,2024.0,KENTZA,KEN,TZA,KCB,Bank,Call Center,2 days,48.0,yes,Medium,bank account,Bank account transfer,14.44,2.51,16.95,5.779999999999999,2.51,8.29
6203923,2024_1Q,2024,2024.0,KENTZA,KEN,TZA,KCB,Bank,Internet,2 days,48.0,yes,Medium,bank account,Bank account transfer,14.44,2.51,16.95,5.779999999999999,2.51,8.29
6203924,2024_1Q,2024,2024.0,KENTZA,KEN,TZA,MoneyGram,Money Transfer Operator,Agent,2 days,48.0,yes,High,cash,Cash,2.24,2.67,4.91,1.4100000000000001,2.67,4.08
6203925,2024_1Q,2024,2024.0,KENTZA,KEN,TZA,MoneyGram,Money Transfer Operator,Agent,Less than one hour,0.5,yes,High,mobile wallet,Cash,2.24,2.67,4.91,1.4100000000000001,2.67,4.08
6204439,2024_1Q,2024,2024.0,KENSSD,KEN,SSD,Development Bank of Kenya,Bank,Bank branch,2 days,48.0,yes,Low,bank account,Bank account transfer,13.63,2.51,16.14,5.630000000000001,2.51,8.14
6204440,2024_1Q,2024,2024.0,KENSSD,KEN,SSD,Development Bank of Kenya,Bank,Call Center,2 days,48.0,yes,Low,bank account,Bank account transfer,13.63,2.51,16.14,5.630000000000001,2.51,8.14
6204441,2024_1Q,2024,2024.0,KENSSD,KEN,SSD,Development Bank of Kenya,Bank,Internet,2 days,48.0,yes,Low,bank account,Bank account transfer,13.63,2.51,16.14,5.630000000000001,2.51,8.14
6204443,2024_1Q,2024,2024.0,KENSSD,KEN,SSD,GT Bank,Bank,Bank branch,2 days,48.0,yes,Low,bank account,Bank account transfer,10.0,2.51,12.51,4.0,2.51,6.51
6204445,2024_1Q,2024,2024.0,KENSSD,KEN,SSD,GT Bank,Bank,Internet,2 days,48.0,yes,Low,bank account,Bank account transfer,10.0,2.51,12.51,4.0,2.51,6.51
6204446,2024_1Q,2024,2024.0,KENSSD,KEN,SSD,KCB,Bank,Bank branch,2 days,48.0,yes,Low,bank account,Bank account transfer,14.44,2.51,16.95,5.779999999999999,2.51,8.29
6204447,2024_1Q,2024,2024.0,KENSSD,KEN,SSD,KCB,Bank,Call Center,2 days,48.0,yes,Low,bank account,Bank account transfer,14.44,2.51,16.95,5.779999999999999,2.51,8.29
6204448,2024_1Q,2024,2024.0,KENSSD,KEN,SSD,KCB,Bank,Internet,2 days,48.0,yes,Low,bank account,Bank account transfer,14.44,2.51,16.95,5.779999999999999,2.51,8.29
6204449,2024_1Q,2024,2024.0,KENSSD,KEN,SSD,MoneyGram,Money Transfer Operator,Agent,2 days,48.0,yes,High,cash,Cash,2.24,2.51,4.75,1.4100000000000001,2.51,3.92
6204450,2024_1Q,2024,2024.0,KENSSD,KEN,SSD,MoneyGram,Money Transfer Operator,Agent,Less than one hour,0.5,yes,High,mobile wallet,Cash,2.24,2.51,4.75,1.4100000000000001,2.51,3.92
6204454,2024_1Q,2024,2024.0,KENSSD,KEN,SSD,Western Union,Money Transfer Operator,Agent,Less than one hour,0.5,yes,Low,cash,Cash,1.15,2.18,3.33,1.15,2.18,3.33
6204603,2024_1Q,2024,2024.0,RWAKEN,RWA,KEN,Ecobank RapidCash,Bank,Bank branch,Less than one hour,0.5,yes,High,bank account,Bank account transfer,5.11,5.31,10.42,5.3500000000000005,5.31,10.66
6204604,2024_1Q,2024,2024.0,RWAKEN,RWA,KEN,Ecobank RapidCash,Bank,Internet,Less than one hour,0.5,yes,High,bank account,Bank account transfer,5.11,5.31,10.42,5.3500000000000005,5.31,10.66
6202329,2024_1Q,2024,2024.0,KENUGA,KEN,UGA,United Bank for Africa (UBA),Bank,Bank branch,2 days,48.0,yes,High,bank account,Bank account transfer,18.24,1.46,19.7,7.3,1.46,8.76
6202330,2024_1Q,2024,2024.0,KENUGA,KEN,UGA,United Bank for Africa (UBA),Bank,Call Center,2 days,48.0,yes,High,bank account,Bank account transfer,18.24,1.46,19.7,7.3,1.46,8.76
6202331,2024_1Q,2024,2024.0,KENUGA,KEN,UGA,United Bank for Africa (UBA),Bank,Internet,2 days,48.0,yes,High,bank account,Bank account transfer,18.24,1.46,19.7,7.3,1.46,8.76
6203927,2024_1Q,2024,2024.0,KENTZA,KEN,TZA,United Bank for Africa (UBA),Bank,Bank branch,2 days,48.0,yes,Medium,bank account,Bank account transfer,18.24,1.46,19.7,7.3,1.46,8.76
6203928,2024_1Q,2024,2024.0,KENTZA,KEN,TZA,United Bank for Africa (UBA),Bank,Call Center,2 days,48.0,yes,Medium,bank account,Bank account transfer,18.24,1.46,19.7,7.3,1.46,8.76
6203929,2024_1Q,2024,2024.0,KENTZA,KEN,TZA,United Bank for Africa (UBA),Bank,Internet,2 days,48.0,yes,Medium,bank account,Bank account transfer,18.24,1.46,19.7,7.3,1.46,8.76
6204451,2024_1Q,2024,2024.0,KENSSD,KEN,SSD,United Bank for Africa (UBA),Bank,Bank branch,2 days,48.0,yes,Low,bank account,Bank account transfer,18.24,1.46,19.7,7.3,1.46,8.76
6204452,2024_1Q,2024,2024.0,KENSSD,KEN,SSD,United Bank for Africa (UBA),Bank,Call Center,2 days,48.0,yes,Low,bank account,Bank account transfer,18.24,1.46,19.7,7.3,1.46,8.76
6204453,2024_1Q,2024,2024.0,KENSSD,KEN,SSD,United Bank for Africa (UBA),Bank,Internet,2 days,48.0,yes,Low,bank account,Bank account transfer,18.24,1.46,19.7,7.3,1.46,8.76
6206535,2024_1Q,2024,2024.0,KENSSD,KEN,SSD,EcoBank Rapid Transfer,Money Transfer Operator,Bank branch,Less than one hour,0.5,yes,Low,cash,Bank account transfer,2.87,1.46,4.33,2.88,1.46,4.34
6206536,2024_1Q,2024,2024.0,KENSSD,KEN,SSD,EcoBank Rapid Transfer,Money Transfer Operator,Internet,Less than one hour,0.5,yes,Low,cash,Bank account transfer,2.87,1.46,4.33,2.88,1.46,4.34
6206537,2024_1Q,2024,2024.0,KENSSD,KEN,SSD,EcoBank Rapid Transfer,Money Transfer Operator,Bank branch,Less than one hour,0.5,yes,Low,cash,Cash,2.87,1.46,4.33,2.88,1.46,4.34
6206538,2024_1Q,2024,2024.0,KENSSD,KEN,SSD,EcoBank Rapid Transfer,Money Transfer Operator,Internet,Less than one hour,0.5,yes,Low,cash,Cash,2.87,1.46,4.33,2.88,1.46,4.34
6206539,2024_1Q,2024,2024.0,KENTZA,KEN,TZA,EcoBank Rapid Transfer,Money Transfer Operator,Bank branch,Less than one hour,0.5,yes,Medium,cash,Bank account transfer,2.87,1.46,4.33,2.88,1.46,4.34
6206541,2024_1Q,2024,2024.0,KENTZA,KEN,TZA,EcoBank Rapid Transfer,Money Transfer Operator,Bank branch,Less than one hour,0.5,yes,Medium,cash,Cash,2.87,1.46,4.33,2.88,1.46,4.34
6206543,2024_1Q,2024,2024.0,KENUGA,KEN,UGA,EcoBank Rapid Transfer,Money Transfer Operator,Bank branch,Less than one hour,0.5,yes,Medium,cash,Bank account transfer,2.87,1.46,4.33,2.88,1.46,4.34
6202547,2024_1Q,2024,2024.0,TZAKEN,TZA,KEN,Stanbic Bank,Bank,Bank branch,Same day,12.0,yes,High,bank account,Bank account transfer,62.35000000000001,20.16,82.51,24.95,20.16,45.11
6202548,2024_1Q,2024,2024.0,TZAKEN,TZA,KEN,Stanbic Bank,Bank,Call Center,Same day,12.0,yes,High,bank account,Bank account transfer,62.35000000000001,20.16,82.51,24.95,20.16,45.11
6202549,2024_1Q,2024,2024.0,TZAKEN,TZA,KEN,Western Union,Money Transfer Operator,Agent,Less than one hour,0.5,yes,High,cash,Cash,2.6799999999999997,9.82,12.5,2.34,9.82,12.16
6202554,2024_1Q,2024,2024.0,TZARWA,TZA,RWA,Western Union,Money Transfer Operator,Agent,Less than one hour,0.5,yes,High,cash,Cash,2.6799999999999997,10.69,13.37,2.34,10.69,13.03
6202553,2024_1Q,2024,2024.0,TZARWA,TZA,RWA,MoneyGram,Money Transfer Operator,Agent,Less than one hour,0.5,yes,High,cash,Cash,5.39,5.19,10.58,4.62,5.19,9.81
6206574,2024_1Q,2024,2024.0,TZAKEN,TZA,KEN,EcoBank Rapid Transfer,Money Transfer Operator,Bank branch,Less than one hour,0.5,yes,High,cash,Bank account transfer,0.0,3.33,3.33,3.5999999999999996,3.33,6.93
6206575,2024_1Q,2024,2024.0,TZAKEN,TZA,KEN,EcoBank Rapid Transfer,Money Transfer Operator,Internet,Less than one hour,0.5,yes,High,cash,Bank account transfer,0.0,3.33,3.33,3.5999999999999996,3.33,6.93
6206576,2024_1Q,2024,2024.0,TZAKEN,TZA,KEN,EcoBank Rapid Transfer,Money Transfer Operator,Bank branch,Less than one hour,0.5,yes,High,cash,Cash,0.0,3.33,3.33,3.5999999999999996,3.33,6.93
6206577,2024_1Q,2024,2024.0,TZAKEN,TZA,KEN,EcoBank Rapid Transfer,Money Transfer Operator,Internet,Less than one hour,0.5,yes,High,cash,Cash,0.0,3.33,3.33,3.5999999999999996,3.33,6.93
6206578,2024_1Q,2024,2024.0,TZARWA,TZA,RWA,EcoBank Rapid Transfer,Money Transfer Operator,Bank branch,Less than one hour,0.5,yes,Medium,cash,Bank account transfer,0.0,2.69,2.69,3.5400000000000005,2.69,6.23
6206579,2024_1Q,2024,2024.0,TZARWA,TZA,RWA,EcoBank Rapid Transfer,Money Transfer Operator,Internet,Less than one hour,0.5,yes,Medium,cash,Bank account transfer,0.0,2.69,2.69,3.5400000000000005,2.69,6.23
6206580,2024_1Q,2024,2024.0,TZARWA,TZA,RWA,EcoBank Rapid Transfer,Money Transfer Operator,Bank branch,Less than one hour,0.5,yes,Medium,cash,Cash,0.0,2.69,2.69,3.5400000000000005,2.69,6.23
6206581,2024_1Q,2024,2024.0,TZARWA,TZA,RWA,EcoBank Rapid Transfer,Money Transfer Operator,Internet,Less than one hour,0.5,yes,Medium,cash,Cash,0.0,2.69,2.69,3.5400000000000005,2.69,6.23
6206582,2024_1Q,2024,2024.0,TZAUGA,TZA,UGA,EcoBank Rapid Transfer,Money Transfer Operator,Bank branch,Less than one hour,0.5,yes,Medium,cash,Bank account transfer,0.0,4.2,4.2,3.0,4.2,7.2
6206583,2024_1Q,2024,2024.0,TZAUGA,TZA,UGA,EcoBank Rapid Transfer,Money Transfer Operator,Internet,Less than one hour,0.5,yes,Medium,cash,Bank account transfer,0.0,4.2,4.2,3.0,4.2,7.2
6206584,2024_1Q,2024,2024.0,TZAUGA,TZA,UGA,EcoBank Rapid Transfer,Money Transfer Operator,Bank branch,Less than one hour,0.5,yes,Medium,cash,Cash,0.0,4.2,4.2,3.0,4.2,7.2
6206585,2024_1Q,2024,2024.0,TZAUGA,TZA,UGA,EcoBank Rapid Transfer,Money Transfer Operator,Internet,Less than one hour,0.5,yes,Medium,cash,Cash,0.0,4.2,4.2,3.0,4.2,7.2
6202545,2024_1Q,2024,2024.0,TZAKEN,TZA,KEN,NBC,Bank,Bank branch,Same day,12.0,yes,High,bank account,Bank account transfer,68.13,16.35,84.48,27.259999999999998,16.35,43.61
6202546,2024_1Q,2024,2024.0,TZAKEN,TZA,KEN,NBC,Bank,Call Center,Same day,12.0,yes,High,bank account,Bank account transfer,68.13,16.35,84.48,27.259999999999998,16.35,43.61
6207378,2024_1Q,2024,2024.0,RWAKEN,RWA,KEN,WorldRemit,Money Transfer Operator,Internet,Less than one hour,0.5,yes,High,mobile wallet,Credit Card,2.9299999999999997,2.42,5.35,1.6399999999999997,2.42,4.06
1017240160,2024_2Q,2024,2024.25,KENRWA,KEN,RWA,Western Union,Money Transfer Operator,Agent,Less than one hour,0.5,yes,High,cash,Cash,1.15,3.14,4.29,1.15,3.14,4.29
1017240161,2024_2Q,2024,2024.25,KENTZA,KEN,TZA,Western Union,Money Transfer Operator,Agent,Less than one hour,0.5,yes,High,cash,Cash,1.1500000000000004,3.79,4.94,1.1500000000000004,3.79,4.94
1017240162,2024_2Q,2024,2024.25,KENUGA,KEN,UGA,Western Union,Money Transfer Operator,Agent,Less than one hour,0.5,yes,High,cash,Cash,1.1500000000000004,3.79,4.94,1.1500000000000004,3.79,4.94
1017240598,2024_2Q,2024,2024.25,KENRWA,KEN,RWA,M-Pesa,Mobile Operator,Mobile phone,Less than one hour,0.5,yes,High,cash,Mobile money,1.9399999999999995,4.41,6.35,1.1099999999999994,4.41,5.52
1017240599,2024_2Q,2024,2024.25,KENRWA,KEN,RWA,M-Pesa,Mobile Operator,Mobile phone,Less than one hour,0.5,yes,High,mobile wallet,Mobile money,1.9399999999999995,4.41,6.35,1.1099999999999994,4.41,5.52
1017241809,2024_2Q,2024,2024.25,TZAKEN,TZA,KEN,KCB,Bank,Bank branch,Same day,12.0,yes,High,bank account,Bank account transfer,44.59,18.31,62.9,17.84,18.31,36.15
1017241810,2024_2Q,2024,2024.25,TZAKEN,TZA,KEN,KCB,Bank,Call Center,Same day,12.0,yes,High,bank account,Bank account transfer,44.59,18.31,62.9,17.84,18.31,36.15
1017242323,2024_2Q,2024,2024.25,KENRWA,KEN,RWA,MoneyGram,Money Transfer Operator,Agent,Less than one hour,0.5,yes,High,mobile wallet,Cash,2.24,3.95,6.19,1.4100000000000001,3.95,5.36
1017242324,2024_2Q,2024,2024.25,KENRWA,KEN,RWA,MoneyGram,Money Transfer Operator,Agent,Same day,12.0,yes,High,cash,Cash,1.94,3.47,5.41,1.2200000000000002,3.47,4.69
1017242325,2024_2Q,2024,2024.25,KENRWA,KEN,RWA,Ecobank,Bank,Bank branch,2 days,48.0,yes,Medium,cash,Cash,20.0,2.32,22.32,8.0,2.32,10.32
1017242326,2024_2Q,2024,2024.25,KENRWA,KEN,RWA,Western Union,Money Transfer Operator,Agent,Same day,12.0,yes,High,cash,Cash,1.1500000000000001,1.95,3.1,1.1500000000000001,1.95,3.1
1017242327,2024_2Q,2024,2024.25,KENUGA,KEN,UGA,GT Bank,Bank,Bank branch,2 days,48.0,yes,High,bank account,Bank account transfer,10.0,1.38,11.38,4.0,1.38,5.38
1017242328,2024_2Q,2024,2024.25,KENUGA,KEN,UGA,GT Bank,Bank,Call Center,2 days,48.0,yes,High,bank account,Bank account transfer,10.0,1.38,11.38,4.0,1.38,5.38
1017242329,2024_2Q,2024,2024.25,KENUGA,KEN,UGA,GT Bank,Bank,Internet,2 days,48.0,yes,High,bank account,Bank account transfer,10.0,1.38,11.38,4.0,1.38,5.38
1017242330,2024_2Q,2024,2024.25,KENUGA,KEN,UGA,Development Bank of Kenya,Bank,Bank branch,2 days,48.0,yes,High,bank account,Bank account transfer,13.629999999999999,-0.1,13.53,5.63,-0.1,5.53
1017242331,2024_2Q,2024,2024.25,KENUGA,KEN,UGA,Development Bank of Kenya,Bank,Call Center,2 days,48.0,yes,High,bank account,Bank account transfer,13.629999999999999,-0.1,13.53,5.63,-0.1,5.53
1017242332,2024_2Q,2024,2024.25,KENUGA,KEN,UGA,Development Bank of Kenya,Bank,Internet,2 days,48.0,yes,High,bank account,Bank account transfer,13.629999999999999,-0.1,13.53,5.63,-0.1,5.53
1017242333,2024_2Q,2024,2024.25,KENUGA,KEN,UGA,United Bank for Africa (UBA),Bank,Bank branch,2 days,48.0,yes,High,bank account,Bank account transfer,14.82,1.0,15.82,5.93,1.0,6.93
1017242334,2024_2Q,2024,2024.25,KENUGA,KEN,UGA,United Bank for Africa (UBA),Bank,Call Center,2 days,48.0,yes,High,bank account,Bank account transfer,14.82,1.0,15.82,5.93,1.0,6.93
1017242335,2024_2Q,2024,2024.25,KENUGA,KEN,UGA,United Bank for Africa (UBA),Bank,Internet,2 days,48.0,yes,High,bank account,Bank account transfer,14.82,1.0,15.82,5.93,1.0,6.93
1017242336,2024_2Q,2024,2024.25,KENUGA,KEN,UGA,KCB,Bank,Bank branch,2 days,48.0,yes,High,bank account,Bank account transfer,13.33,1.58,14.91,5.33,1.58,6.91
1017242337,2024_2Q,2024,2024.25,KENUGA,KEN,UGA,KCB,Bank,Call Center,2 days,48.0,yes,High,bank account,Bank account transfer,13.33,1.58,14.91,5.33,1.58,6.91
1017242338,2024_2Q,2024,2024.25,KENUGA,KEN,UGA,KCB,Bank,Internet,2 days,48.0,yes,High,bank account,Bank account transfer,13.33,1.58,14.91,5.33,1.58,6.91
1017242339,2024_2Q,2024,2024.25,KENUGA,KEN,UGA,ABC Bank,Money Transfer Operator,Bank branch,Same day,12.0,yes,High,bank account,Bank account transfer,10.0,2.32,12.32,4.0,2.32,6.32
1017242340,2024_2Q,2024,2024.25,KENUGA,KEN,UGA,ABC Bank,Money Transfer Operator,Call Center,Same day,12.0,yes,High,bank account,Bank account transfer,10.0,2.32,12.32,4.0,2.32,6.32
1017242341,2024_2Q,2024,2024.25,KENUGA,KEN,UGA,ABC Bank,Money Transfer Operator,Internet,Same day,12.0,yes,High,bank account,Bank account transfer,10.0,2.32,12.32,4.0,2.32,6.32
1017242342,2024_2Q,2024,2024.25,KENUGA,KEN,UGA,Ecobank,Bank,Bank branch,2 days,48.0,yes,Low,cash,Cash,20.0,2.32,22.32,8.0,2.32,10.32
1017242343,2024_2Q,2024,2024.25,KENUGA,KEN,UGA,UBA Africash,Bank,Bank branch,Same day,12.0,yes,Medium,cash,Cash,3.6399999999999997,1.86,5.5,2.4899999999999993,1.86,4.35
1017242344,2024_2Q,2024,2024.25,KENUGA,KEN,UGA,MoneyGram,Money Transfer Operator,Agent,Less than one hour,0.5,yes,High,mobile wallet,Cash,2.24,3.42,5.66,1.4100000000000001,3.42,4.83
1017242345,2024_2Q,2024,2024.25,KENUGA,KEN,UGA,MoneyGram,Money Transfer Operator,Agent,Same day,12.0,yes,High,cash,Cash,2.24,2.59,4.83,1.4100000000000001,2.59,4.0
1017242546,2024_2Q,2024,2024.25,TZAKEN,TZA,KEN,NBC,Bank,Bank branch,Same day,12.0,yes,High,bank account,Bank account transfer,68.24,16.26,84.5,27.31,16.26,43.57
1017242547,2024_2Q,2024,2024.25,TZAKEN,TZA,KEN,NBC,Bank,Call Center,Same day,12.0,yes,High,bank account,Bank account transfer,68.24,16.26,84.5,27.31,16.26,43.57
1017242548,2024_2Q,2024,2024.25,TZAKEN,TZA,KEN,Stanbic Bank,Bank,Bank branch,Same day,12.0,yes,High,bank account,Bank account transfer,65.56,20.95,86.51,26.23,20.95,47.18
1017242549,2024_2Q,2024,2024.25,TZAKEN,TZA,KEN,Stanbic Bank,Bank,Call Center,Same day,12.0,yes,High,bank account,Bank account transfer,65.56,20.95,86.51,26.23,20.95,47.18
1017242550,2024_2Q,2024,2024.25,TZAKEN,TZA,KEN,Western Union,Money Transfer Operator,Agent,Less than one hour,0.5,yes,High,cash,Cash,1.9499999999999993,6.82,8.77,1.9499999999999993,6.82,8.77
1017242551,2024_2Q,2024,2024.25,TZAKEN,TZA,KEN,MoneyGram,Money Transfer Operator,Agent,Same day,12.0,yes,High,cash,Cash,4.47,4.62,9.09,3.4300000000000006,4.62,8.05
1017242552,2024_2Q,2024,2024.25,TZARWA,TZA,RWA,NMB (National Microfinance Bank),Non-Bank FI,Bank branch,Same day,12.0,yes,High,bank account,Bank account transfer,49.17999999999999,23.01,72.19,19.679999999999996,23.01,42.69
1017242553,2024_2Q,2024,2024.25,TZARWA,TZA,RWA,NMB (National Microfinance Bank),Non-Bank FI,Call Center,Same day,12.0,yes,High,bank account,Bank account transfer,49.18,23.04,72.22,19.68,23.04,42.72
1017242554,2024_2Q,2024,2024.25,TZARWA,TZA,RWA,MoneyGram,Money Transfer Operator,Agent,Less than one hour,0.5,yes,High,cash,Cash,4.469999999999999,3.56,8.03,3.43,3.56,6.99
1017242555,2024_2Q,2024,2024.25,TZARWA,TZA,RWA,Western Union,Money Transfer Operator,Agent,Less than one hour,0.5,yes,High,cash,Cash,1.9499999999999993,7.82,9.77,1.9499999999999993,7.82,9.77
1017242556,2024_2Q,2024,2024.25,TZAUGA,TZA,UGA,NBC,Bank,Bank branch,Same day,12.0,yes,High,bank account,Bank account transfer,68.24,4.14,72.38,27.31,4.14,31.45
1017242557,2024_2Q,2024,2024.25,TZAUGA,TZA,UGA,NBC,Bank,Call Center,Same day,12.0,yes,High,bank account,Bank account transfer,68.24,4.14,72.38,27.31,4.14,31.45
1017242558,2024_2Q,2024,2024.25,TZAUGA,TZA,UGA,NMB (National Microfinance Bank),Non-Bank FI,Bank branch,Same day,12.0,yes,High,bank account,Bank account transfer,49.18,21.65,70.83,19.68,21.65,41.33
1017242559,2024_2Q,2024,2024.25,TZAUGA,TZA,UGA,NMB (National Microfinance Bank),Non-Bank FI,Call Center,Same day,12.0,yes,High,bank account,Bank account transfer,49.18,21.65,70.83,19.68,21.65,41.33
1017242560,2024_2Q,2024,2024.25,TZAUGA,TZA,UGA,Stanbic Bank,Bank,Bank branch,Same day,12.0,yes,High,bank account,Bank account transfer,65.56,4.99,70.55,26.229999999999997,4.99,31.22
1017242561,2024_2Q,2024,2024.25,TZAUGA,TZA,UGA,Stanbic Bank,Bank,Call Center,Same day,12.0,yes,High,bank account,Bank account transfer,65.56,4.99,70.55,26.229999999999997,4.99,31.22
1017242562,2024_2Q,2024,2024.25,TZAUGA,TZA,UGA,MoneyGram,Money Transfer Operator,Agent,Less than one hour,0.5,yes,High,cash,Cash,4.470000000000001,2.32,6.79,3.43,2.32,5.75
1017242563,2024_2Q,2024,2024.25,TZAUGA,TZA,UGA,Western Union,Money Transfer Operator,Agent,Less than one hour,0.5,yes,High,cash,Cash,1.9500000000000002,6.01,7.96,1.9500000000000002,6.01,7.96
1017243554,2024_2Q,2024,2024.25,TZAKEN,TZA,KEN,M-Pesa,Mobile Operator,Mobile phone,Less than one hour,0.5,yes,High,mobile wallet,Mobile money,1.0299999999999994,15.37,16.4,0.7700000000000014,15.37,16.14
1017243876,2024_2Q,2024,2024.25,KENTZA,KEN,TZA,ABC Bank,Money Transfer Operator,Bank branch,Same day,12.0,yes,Medium,bank account,Bank account transfer,10.0,2.32,12.32,4.0,2.32,6.32
1017243877,2024_2Q,2024,2024.25,KENTZA,KEN,TZA,ABC Bank,Money Transfer Operator,Call Center,Same day,12.0,yes,Medium,bank account,Bank account transfer,10.0,2.32,12.32,4.0,2.32,6.32
1017243878,2024_2Q,2024,2024.25,KENTZA,KEN,TZA,ABC Bank,Money Transfer Operator,Internet,Same day,12.0,yes,Medium,bank account,Bank account transfer,10.0,2.32,12.32,4.0,2.32,6.32
1017243879,2024_2Q,2024,2024.25,KENTZA,KEN,TZA,Development Bank of Kenya,Bank,Bank branch,2 days,48.0,yes,Medium,bank account,Bank account transfer,13.629999999999999,-0.1,13.53,5.63,-0.1,5.53
1017243880,2024_2Q,2024,2024.25,KENTZA,KEN,TZA,Development Bank of Kenya,Bank,Call Center,2 days,48.0,yes,Medium,bank account,Bank account transfer,13.629999999999999,-0.1,13.53,5.63,-0.1,5.53
1017243881,2024_2Q,2024,2024.25,KENTZA,KEN,TZA,Development Bank of Kenya,Bank,Internet,2 days,48.0,yes,Medium,bank account,Bank account transfer,13.629999999999999,-0.1,13.53,5.63,-0.1,5.53
1017243882,2024_2Q,2024,2024.25,KENTZA,KEN,TZA,Ecobank,Bank,Bank branch,2 days,48.0,yes,Low,cash,Cash,20.0,2.32,22.32,8.0,2.32,10.32
1017243883,2024_2Q,2024,2024.25,KENTZA,KEN,TZA,GT Bank,Bank,Bank branch,2 days,48.0,yes,Medium,bank account,Bank account transfer,10.0,1.38,11.38,4.0,1.38,5.38
1017243884,2024_2Q,2024,2024.25,KENTZA,KEN,TZA,GT Bank,Bank,Call Center,2 days,48.0,yes,Medium,bank account,Bank account transfer,10.0,1.38,11.38,4.0,1.38,5.38
1017243885,2024_2Q,2024,2024.25,KENTZA,KEN,TZA,GT Bank,Bank,Internet,2 days,48.0,yes,Medium,bank account,Bank account transfer,10.0,1.38,11.38,4.0,1.38,5.38
1017243886,2024_2Q,2024,2024.25,KENTZA,KEN,TZA,KCB,Bank,Bank branch,2 days,48.0,yes,Medium,bank account,Bank account transfer,13.33,1.58,14.91,5.33,1.58,6.91
1017243887,2024_2Q,2024,2024.25,KENTZA,KEN,TZA,KCB,Bank,Call Center,2 days,48.0,yes,Medium,bank account,Bank account transfer,13.33,1.58,14.91,5.33,1.58,6.91
1017243888,2024_2Q,2024,2024.25,KENTZA,KEN,TZA,KCB,Bank,Internet,2 days,48.0,yes,Medium,bank account,Bank account transfer,13.33,1.58,14.91,5.33,1.58,6.91
1017243889,2024_2Q,2024,2024.25,KENTZA,KEN,TZA,MoneyGram,Money Transfer Operator,Agent,Less than one hour,0.5,yes,High,mobile wallet,Cash,2.2399999999999998,3.39,5.63,1.4099999999999997,3.39,4.8
1017243890,2024_2Q,2024,2024.25,KENTZA,KEN,TZA,MoneyGram,Money Transfer Operator,Agent,Same day,12.0,yes,High,cash,Cash,2.2399999999999998,3.4,5.64,1.4099999999999997,3.4,4.81
1017243891,2024_2Q,2024,2024.25,KENTZA,KEN,TZA,UBA Africash,Bank,Bank branch,Same day,12.0,yes,Medium,cash,Cash,3.6399999999999997,1.86,5.5,2.4899999999999993,1.86,4.35
1017243892,2024_2Q,2024,2024.25,KENTZA,KEN,TZA,United Bank for Africa (UBA),Bank,Bank branch,2 days,48.0,yes,Medium,bank account,Bank account transfer,14.82,1.0,15.82,5.93,1.0,6.93
1017243893,2024_2Q,2024,2024.25,KENTZA,KEN,TZA,United Bank for Africa (UBA),Bank,Call Center,2 days,48.0,yes,Medium,bank account,Bank account transfer,14.82,1.0,15.82,5.93,1.0,6.93
1017243894,2024_2Q,2024,2024.25,KENTZA,KEN,TZA,United Bank for Africa (UBA),Bank,Internet,2 days,48.0,yes,Medium,bank account,Bank account transfer,14.82,1.0,15.82,5.93,1.0,6.93
1017244370,2024_2Q,2024,2024.25,KENSSD,KEN,SSD,ABC Bank,Money Transfer Operator,Bank branch,Same day,12.0,yes,Low,bank account,Bank account transfer,10.0,2.32,12.32,4.0,2.32,6.32
1017244371,2024_2Q,2024,2024.25,KENSSD,KEN,SSD,ABC Bank,Money Transfer Operator,Call Center,Same day,12.0,yes,Low,bank account,Bank account transfer,10.0,2.32,12.32,4.0,2.32,6.32
1017244372,2024_2Q,2024,2024.25,KENSSD,KEN,SSD,ABC Bank,Money Transfer Operator,Internet,Same day,12.0,yes,Low,bank account,Bank account transfer,10.0,2.32,12.32,4.0,2.32,6.32
1017244373,2024_2Q,2024,2024.25,KENSSD,KEN,SSD,Development Bank of Kenya,Bank,Bank branch,2 days,48.0,yes,Low,bank account,Bank account transfer,13.629999999999999,-0.1,13.53,5.63,-0.1,5.53
1017244374,2024_2Q,2024,2024.25,KENSSD,KEN,SSD,Development Bank of Kenya,Bank,Call Center,2 days,48.0,yes,Low,bank account,Bank account transfer,13.629999999999999,-0.1,13.53,5.63,-0.1,5.53
1017244375,2024_2Q,2024,2024.25,KENSSD,KEN,SSD,Development Bank of Kenya,Bank,Internet,2 days,48.0,yes,Low,bank account,Bank account transfer,13.629999999999999,-0.1,13.53,5.63,-0.1,5.53
1017244376,2024_2Q,2024,2024.25,KENSSD,KEN,SSD,Ecobank,Bank,Bank branch,2 days,48.0,yes,Low,bank account,Cash,20.0,2.32,22.32,8.0,2.32,10.32
1017244377,2024_2Q,2024,2024.25,KENSSD,KEN,SSD,GT Bank,Bank,Bank branch,2 days,48.0,yes,Low,bank account,Bank account transfer,10.0,1.38,11.38,4.0,1.38,5.38
1017244378,2024_2Q,2024,2024.25,KENSSD,KEN,SSD,GT Bank,Bank,Call Center,2 days,48.0,yes,Low,bank account,Bank account transfer,10.0,1.38,11.38,4.0,1.38,5.38
1017244379,2024_2Q,2024,2024.25,KENSSD,KEN,SSD,GT Bank,Bank,Internet,2 days,48.0,yes,Low,bank account,Bank account transfer,10.0,1.38,11.38,4.0,1.38,5.38
1017244380,2024_2Q,2024,2024.25,KENSSD,KEN,SSD,KCB,Bank,Bank branch,2 days,48.0,yes,Low,bank account,Bank account transfer,13.33,1.58,14.91,5.33,1.58,6.91
1017244381,2024_2Q,2024,2024.25,KENSSD,KEN,SSD,KCB,Bank,Call Center,2 days,48.0,yes,Low,bank account,Bank account transfer,13.33,1.58,14.91,5.33,1.58,6.91
1017244382,2024_2Q,2024,2024.25,KENSSD,KEN,SSD,KCB,Bank,Internet,2 days,48.0,yes,Low,bank account,Bank account transfer,13.33,1.58,14.91,5.33,1.58,6.91
1017244383,2024_2Q,2024,2024.25,KENSSD,KEN,SSD,MoneyGram,Money Transfer Operator,Agent,Less than one hour,0.5,yes,High,mobile wallet,Cash,2.24,4.6,6.84,1.4100000000000001,4.6,6.01
1017244384,2024_2Q,2024,2024.25,KENSSD,KEN,SSD,MoneyGram,Money Transfer Operator,Agent,Same day,12.0,yes,High,cash,Cash,1.94,3.64,5.58,1.2200000000000002,3.64,4.86
1017244385,2024_2Q,2024,2024.25,KENSSD,KEN,SSD,United Bank for Africa (UBA),Bank,Bank branch,2 days,48.0,yes,Low,bank account,Bank account transfer,14.82,1.0,15.82,5.93,1.0,6.93
1017244386,2024_2Q,2024,2024.25,KENSSD,KEN,SSD,United Bank for Africa (UBA),Bank,Call Center,2 days,48.0,yes,Low,bank account,Bank account transfer,14.82,1.0,15.82,5.93,1.0,6.93
1017244387,2024_2Q,2024,2024.25,KENSSD,KEN,SSD,United Bank for Africa (UBA),Bank,Internet,2 days,48.0,yes,Low,bank account,Bank account transfer,19.44,1.0,20.44,7.779999999999999,1.0,8.78
1017244388,2024_2Q,2024,2024.25,KENSSD,KEN,SSD,Western Union,Money Transfer Operator,Agent,Same day,12.0,yes,Low,cash,Cash,1.1500000000000001,1.95,3.1,1.1500000000000001,1.95,3.1
1017244536,2024_2Q,2024,2024.25,RWAKEN,RWA,KEN,Ecobank RapidCash,Bank,Bank branch,Less than one hour,0.5,yes,High,bank account,Bank account transfer,5.11,3.62,8.73,5.3500000000000005,3.62,8.97
1017244537,2024_2Q,2024,2024.25,RWAKEN,RWA,KEN,Ecobank RapidCash,Bank,Internet,Less than one hour,0.5,yes,High,bank account,Bank account transfer,5.11,3.62,8.73,5.3500000000000005,3.62,8.97
1017244538,2024_2Q,2024,2024.25,RWAKEN,RWA,KEN,BPR Bank Rwanda,Bank,Bank branch,Less than one hour,0.5,yes,High,own/partner bank account,Cash,30.78,14.86,45.64,12.310000000000002,14.86,27.17
1017244539,2024_2Q,2024,2024.25,RWAKEN,RWA,KEN,MoneyGram,Money Transfer Operator,Agent,Less than one hour,0.5,yes,High,cash,Cash,3.33,1.61,4.94,3.1999999999999993,1.61,4.81
1017244540,2024_2Q,2024,2024.25,RWAKEN,RWA,KEN,MTN Mobile Money,Mobile Operator,Mobile phone,Less than one hour,0.5,yes,High,mobile wallet,Mobile money,0.0,5.06,5.06,0.0,5.06,5.06
1017244731,2024_2Q,2024,2024.25,KENTZA,KEN,TZA,M-Pesa,Mobile Operator,Mobile phone,Less than one hour,0.5,yes,High,cash,Mobile money,1.94,2.43,4.37,1.1099999999999999,2.43,3.54
1017244732,2024_2Q,2024,2024.25,KENTZA,KEN,TZA,M-Pesa,Mobile Operator,Mobile phone,Less than one hour,0.5,yes,High,mobile wallet,Mobile money,1.94,2.43,4.37,1.1099999999999999,2.43,3.54
1017244733,2024_2Q,2024,2024.25,KENUGA,KEN,UGA,M-Pesa,Mobile Operator,Mobile phone,Less than one hour,0.5,yes,High,cash,Mobile money,1.9400000000000004,2.13,4.07,1.1100000000000003,2.13,3.24
1017244734,2024_2Q,2024,2024.25,KENUGA,KEN,UGA,M-Pesa,Mobile Operator,Mobile phone,Less than one hour,0.5,yes,High,mobile wallet,Mobile money,1.9400000000000004,2.13,4.07,1.1100000000000003,2.13,3.24
1017244746,2024_2Q,2024,2024.25,TZARWA,TZA,RWA,Tigo,Mobile Operator,Mobile phone,Less than one hour,0.5,yes,High,mobile wallet,Mobile money,0.6900000000000013,17.16,17.85,0.6499999999999986,17.16,17.81
1017245839,2024_2Q,2024,2024.25,KENRWA,KEN,RWA,Dahabshiil,Money Transfer Operator,Agent,Same day,12.0,yes,Low,cash,Cash,2.3,1.58,3.88,2.3,1.58,3.88
1017245840,2024_2Q,2024,2024.25,KENSSD,KEN,SSD,Dahabshiil,Money Transfer Operator,Agent,Same day,12.0,yes,Low,cash,Cash,2.3,1.58,3.88,2.3,1.58,3.88
1017245841,2024_2Q,2024,2024.25,KENUGA,KEN,UGA,Dahabshiil,Money Transfer Operator,Agent,Same day,12.0,yes,Low,cash,Cash,2.3,1.58,3.88,2.3,1.58,3.88
1017246365,2024_2Q,2024,2024.25,KENRWA,KEN,RWA,EcoBank Rapid Transfer,Money Transfer Operator,Bank branch,Less than one hour,0.5,yes,Medium,cash,Bank account transfer,2.87,3.2,6.07,2.88,3.2,6.08
1017246366,2024_2Q,2024,2024.25,KENRWA,KEN,RWA,EcoBank Rapid Transfer,Money Transfer Operator,Internet,Less than one hour,0.5,yes,Medium,cash,Bank account transfer,2.87,3.2,6.07,2.88,3.2,6.08
1017246367,2024_2Q,2024,2024.25,KENRWA,KEN,RWA,EcoBank Rapid Transfer,Money Transfer Operator,Bank branch,Less than one hour,0.5,yes,Medium,cash,Cash,2.87,3.2,6.07,2.88,3.2,6.08
1017246368,2024_2Q,2024,2024.25,KENRWA,KEN,RWA,EcoBank Rapid Transfer,Money Transfer Operator,Internet,Less than one hour,0.5,yes,Medium,cash,Cash,2.87,3.2,6.07,2.88,3.2,6.08
1017246369,2024_2Q,2024,2024.25,KENSSD,KEN,SSD,EcoBank Rapid Transfer,Money Transfer Operator,Bank branch,Less than one hour,0.5,yes,Low,cash,Bank account transfer,2.8700000000000006,2.32,5.19,2.8800000000000003,2.32,5.2
1017246370,2024_2Q,2024,2024.25,KENSSD,KEN,SSD,EcoBank Rapid Transfer,Money Transfer Operator,Internet,Less than one hour,0.5,yes,Low,cash,Bank account transfer,2.8700000000000006,2.32,5.19,2.8800000000000003,2.32,5.2
1017246371,2024_2Q,2024,2024.25,KENSSD,KEN,SSD,EcoBank Rapid Transfer,Money Transfer Operator,Bank branch,Less than one hour,0.5,yes,Low,cash,Cash,2.8700000000000006,2.32,5.19,2.8800000000000003,2.32,5.2
1017246372,2024_2Q,2024,2024.25,KENSSD,KEN,SSD,EcoBank Rapid Transfer,Money Transfer Operator,Internet,Less than one hour,0.5,yes,Low,cash,Cash,2.8700000000000006,2.32,5.19,2.8800000000000003,2.32,5.2
1017246373,2024_2Q,2024,2024.25,KENTZA,KEN,TZA,EcoBank Rapid Transfer,Money Transfer Operator,Bank branch,Less than one hour,0.5,yes,Medium,cash,Bank account transfer,2.8700000000000006,2.32,5.19,2.8800000000000003,2.32,5.2
1017246374,2024_2Q,2024,2024.25,KENTZA,KEN,TZA,EcoBank Rapid Transfer,Money Transfer Operator,Internet,Less than one hour,0.5,yes,Medium,cash,Bank account transfer,2.8700000000000006,2.32,5.19,2.8800000000000003,2.32,5.2
1017246375,2024_2Q,2024,2024.25,KENTZA,KEN,TZA,EcoBank Rapid Transfer,Money Transfer Operator,Bank branch,Less than one hour,0.5,yes,Medium,cash,Cash,2.8700000000000006,2.32,5.19,2.8800000000000003,2.32,5.2
1017246376,2024_2Q,2024,2024.25,KENTZA,KEN,TZA,EcoBank Rapid Transfer,Money Transfer Operator,Internet,Less than one hour,0.5,yes,Medium,cash,Cash,2.8700000000000006,2.32,5.19,2.8800000000000003,2.32,5.2
1017246377,2024_2Q,2024,2024.25,KENUGA,KEN,UGA,EcoBank Rapid Transfer,Money Transfer Operator,Bank branch,Less than one hour,0.5,yes,Medium,cash,Bank account transfer,2.8700000000000006,2.32,5.19,2.8800000000000003,2.32,5.2
1017246378,2024_2Q,2024,2024.25,KENUGA,KEN,UGA,EcoBank Rapid Transfer,Money Transfer Operator,Internet,Less than one hour,0.5,yes,Medium,cash,Bank account transfer,2.8700000000000006,2.32,5.19,2.8800000000000003,2.32,5.2
1017246379,2024_2Q,2024,2024.25,KENUGA,KEN,UGA,EcoBank Rapid Transfer,Money Transfer Operator,Bank branch,Less than one hour,0.5,yes,Medium,cash,Cash,2.8700000000000006,2.32,5.19,2.8800000000000003,2.32,5.2
1017246380,2024_2Q,2024,2024.25,KENUGA,KEN,UGA,EcoBank Rapid Transfer,Money Transfer Operator,Internet,Less than one hour,0.5,yes,Medium,cash,Cash,2.8700000000000006,2.32,5.19,2.8800000000000003,2.32,5.2
1017246717,2024_2Q,2024,2024.25,RWAKEN,RWA,KEN,BPR Bank Rwanda,Bank,Bank branch,Less than one hour,0.5,yes,High,own/partner bank account,Bank account transfer,30.78,14.86,45.64,12.310000000000002,14.86,27.17
1017247147,2024_2Q,2024,2024.25,RWAKEN,RWA,KEN,WorldRemit,Money Transfer Operator,Internet,Less than one hour,0.5,yes,High,mobile wallet,Credit Card,2.9300000000000006,5.29,8.22,1.6399999999999997,5.29,6.93
1017247148,2024_2Q,2024,2024.25,RWAKEN,RWA,KEN,WorldRemit,Money Transfer Operator,Internet,Less than one hour,0.5,yes,High,mobile wallet,Debit card,2.9300000000000006,5.47,8.4,1.6400000000000006,5.47,7.11
1207246210,2024_3Q,2024,2024.5,RWAKEN,RWA,KEN,BPR Bank Rwanda,Bank,Bank branch,Less than one hour,0.5,yes,High,own/partner bank account,Bank account transfer,30.750000000000004,13.52,44.27,12.3,13.52,25.82
1207246601,2024_3Q,2024,2024.5,RWAKEN,RWA,KEN,WorldRemit,Money Transfer Operator,Internet,Less than one hour,0.5,yes,High,mobile wallet,Credit Card,2.9300000000000006,4.1,7.03,1.6400000000000006,4.1,5.74
1207246602,2024_3Q,2024,2024.5,RWAKEN,RWA,KEN,WorldRemit,Money Transfer Operator,Internet,Less than one hour,0.5,yes,High,mobile wallet,Debit card,2.9300000000000006,4.1,7.03,1.6400000000000006,4.1,5.74
1207246632,2024_3Q,2024,2024.5,TZAUGA,TZA,UGA,CRDB Bank,Bank,Bank branch,Same day,12.0,yes,Medium,bank account,Bank account transfer,49.64,6.7,56.34,19.86,6.7,26.56
1207242404,2024_3Q,2024,2024.5,TZAKEN,TZA,KEN,Western Union,Money Transfer Operator,Agent,Less than one hour,0.5,yes,High,cash,Cash,2.3599999999999994,8.16,10.52,2.3599999999999994,8.16,10.52
1207242405,2024_3Q,2024,2024.5,TZAKEN,TZA,KEN,MoneyGram,Money Transfer Operator,Agent,Less than one hour,0.5,yes,High,cash,Cash,5.2700000000000005,3.96,9.23,3.42,3.96,7.38
1207242408,2024_3Q,2024,2024.5,TZARWA,TZA,RWA,MoneyGram,Money Transfer Operator,Agent,Less than one hour,0.5,yes,High,cash,Cash,5.27,7.58,12.85,3.42,7.58,11.0
1207242409,2024_3Q,2024,2024.5,TZARWA,TZA,RWA,Western Union,Money Transfer Operator,Agent,Less than one hour,0.5,yes,High,cash,Cash,2.3599999999999994,8.8,11.16,2.3599999999999994,8.8,11.16
1207242416,2024_3Q,2024,2024.5,TZAUGA,TZA,UGA,MoneyGram,Money Transfer Operator,Agent,Less than one hour,0.5,yes,High,cash,Cash,5.2700000000000005,4.19,9.46,3.42,4.19,7.61
1207242417,2024_3Q,2024,2024.5,TZAUGA,TZA,UGA,Western Union,Money Transfer Operator,Agent,Less than one hour,0.5,yes,High,cash,Cash,2.3600000000000003,7.19,9.55,2.3600000000000003,7.19,9.55
1207244192,2024_3Q,2024,2024.5,RWAKEN,RWA,KEN,BPR Bank Rwanda,Bank,Bank branch,Less than one hour,0.5,yes,High,own/partner bank account,Cash,30.750000000000004,13.52,44.27,12.3,13.52,25.82
1207244193,2024_3Q,2024,2024.5,RWAKEN,RWA,KEN,MoneyGram,Money Transfer Operator,Agent,Less than one hour,0.5,yes,High,cash,Cash,3.33,2.67,6.0,3.2,2.67,5.87
1207241678,2024_3Q,2024,2024.5,TZAKEN,TZA,KEN,KCB,Bank,Bank branch,Same day,12.0,yes,High,bank account,Bank account transfer,46.19,15.81,62.0,18.479999999999997,15.81,34.29
1207241679,2024_3Q,2024,2024.5,TZAKEN,TZA,KEN,KCB,Bank,Call Center,Same day,12.0,yes,High,bank account,Bank account transfer,46.19,15.81,62.0,18.479999999999997,15.81,34.29
1207242179,2024_3Q,2024,2024.5,KENRWA,KEN,RWA,MoneyGram,Money Transfer Operator,Agent,Same day,12.0,yes,High,mobile wallet,Cash,2.24,8.53,10.77,1.4100000000000001,8.53,9.94
1207242194,2024_3Q,2024,2024.5,KENUGA,KEN,UGA,ABC Bank,Money Transfer Operator,Bank branch,Same day,12.0,yes,High,bank account,Bank account transfer,10.0,1.96,11.96,4.0,1.96,5.96
1207242195,2024_3Q,2024,2024.5,KENUGA,KEN,UGA,ABC Bank,Money Transfer Operator,Call Center,Same day,12.0,yes,High,bank account,Bank account transfer,10.0,2.15,12.15,4.0,2.15,6.15
1207242196,2024_3Q,2024,2024.5,KENUGA,KEN,UGA,ABC Bank,Money Transfer Operator,Internet,Same day,12.0,yes,High,bank account,Bank account transfer,10.0,1.96,11.96,4.0,1.96,5.96
1207242198,2024_3Q,2024,2024.5,KENUGA,KEN,UGA,UBA Africash,Bank,Bank branch,Same day,12.0,yes,Medium,cash,Cash,3.64,2.15,5.79,2.4899999999999998,2.15,4.64
1207242200,2024_3Q,2024,2024.5,KENUGA,KEN,UGA,MoneyGram,Money Transfer Operator,Agent,Same day,12.0,yes,High,mobile wallet,Cash,2.2399999999999993,6.04,8.28,1.4100000000000001,6.04,7.45
1207242402,2024_3Q,2024,2024.5,TZAKEN,TZA,KEN,Stanbic Bank,Bank,Bank branch,Same day,12.0,yes,High,bank account,Bank account transfer,67.15,20.8,87.95,26.87,20.8,47.67
1207242403,2024_3Q,2024,2024.5,TZAKEN,TZA,KEN,Stanbic Bank,Bank,Call Center,Same day,12.0,yes,High,bank account,Bank account transfer,67.15,20.8,87.95,26.87,20.8,47.67
1207242406,2024_3Q,2024,2024.5,TZARWA,TZA,RWA,NMB (National Microfinance Bank),Non-Bank FI,Bank branch,Same day,12.0,yes,High,bank account,Bank account transfer,50.57000000000001,23.74,74.31,20.23,23.74,43.97
1207242412,2024_3Q,2024,2024.5,TZAUGA,TZA,UGA,NMB (National Microfinance Bank),Non-Bank FI,Bank branch,Same day,12.0,yes,High,bank account,Bank account transfer,50.56999999999999,20.67,71.24,20.229999999999997,20.67,40.9
1207242413,2024_3Q,2024,2024.5,TZAUGA,TZA,UGA,NMB (National Microfinance Bank),Non-Bank FI,Call Center,Same day,12.0,yes,High,bank account,Bank account transfer,50.56999999999999,20.67,71.24,20.229999999999997,20.67,40.9
1207242414,2024_3Q,2024,2024.5,TZAUGA,TZA,UGA,Stanbic Bank,Bank,Bank branch,Same day,12.0,yes,High,bank account,Bank account transfer,67.14999999999999,11.23,78.38,26.87,11.23,38.1
1207242415,2024_3Q,2024,2024.5,TZAUGA,TZA,UGA,Stanbic Bank,Bank,Call Center,Same day,12.0,yes,High,bank account,Bank account transfer,67.14999999999999,11.23,78.38,26.87,11.23,38.1
1207243584,2024_3Q,2024,2024.5,KENTZA,KEN,TZA,ABC Bank,Money Transfer Operator,Bank branch,Same day,12.0,yes,Medium,bank account,Bank account transfer,10.0,1.96,11.96,4.0,1.96,5.96
1207243585,2024_3Q,2024,2024.5,KENTZA,KEN,TZA,ABC Bank,Money Transfer Operator,Call Center,Same day,12.0,yes,Medium,bank account,Bank account transfer,10.0,2.15,12.15,4.0,2.15,6.15
1207243586,2024_3Q,2024,2024.5,KENTZA,KEN,TZA,ABC Bank,Money Transfer Operator,Internet,Same day,12.0,yes,Medium,bank account,Bank account transfer,10.0,1.96,11.96,4.0,1.96,5.96
1207243598,2024_3Q,2024,2024.5,KENTZA,KEN,TZA,MoneyGram,Money Transfer Operator,Agent,Same day,12.0,yes,High,mobile wallet,Cash,2.2399999999999993,5.96,8.2,1.4100000000000001,5.96,7.37
1207243599,2024_3Q,2024,2024.5,KENTZA,KEN,TZA,UBA Africash,Bank,Bank branch,Same day,12.0,yes,Medium,cash,Cash,3.64,2.15,5.79,2.4899999999999998,2.15,4.64
1207244034,2024_3Q,2024,2024.5,KENSSD,KEN,SSD,ABC Bank,Money Transfer Operator,Bank branch,Same day,12.0,yes,Low,bank account,Bank account transfer,10.0,1.96,11.96,4.0,1.96,5.96
1207244035,2024_3Q,2024,2024.5,KENSSD,KEN,SSD,ABC Bank,Money Transfer Operator,Call Center,Same day,12.0,yes,Low,bank account,Bank account transfer,10.0,1.96,11.96,4.0,1.96,5.96
1207244036,2024_3Q,2024,2024.5,KENSSD,KEN,SSD,ABC Bank,Money Transfer Operator,Internet,Same day,12.0,yes,Low,bank account,Bank account transfer,10.0,1.96,11.96,4.0,1.96,5.96
1207244048,2024_3Q,2024,2024.5,KENSSD,KEN,SSD,MoneyGram,Money Transfer Operator,Agent,Same day,12.0,yes,High,mobile wallet,Cash,2.24,6.01,8.25,1.4100000000000001,6.01,7.42
1207245363,2024_3Q,2024,2024.5,KENRWA,KEN,RWA,Dahabshiil,Money Transfer Operator,Agent,Same day,12.0,yes,Low,cash,Cash,2.3000000000000003,0.86,3.16,2.3000000000000003,0.86,3.16
1207245364,2024_3Q,2024,2024.5,KENSSD,KEN,SSD,Dahabshiil,Money Transfer Operator,Agent,Same day,12.0,yes,Low,cash,Cash,2.3000000000000003,0.86,3.16,2.3000000000000003,0.86,3.16
1207245365,2024_3Q,2024,2024.5,KENUGA,KEN,UGA,Dahabshiil,Money Transfer Operator,Agent,Same day,12.0,yes,Low,cash,Cash,2.3000000000000003,0.86,3.16,2.3000000000000003,0.86,3.16
1207240183,2024_3Q,2024,2024.5,KENRWA,KEN,RWA,Western Union,Money Transfer Operator,Agent,Same day,12.0,yes,High,cash,Cash,1.1499999999999995,5.74,6.89,1.1499999999999995,5.74,6.89
1207240184,2024_3Q,2024,2024.5,KENTZA,KEN,TZA,Western Union,Money Transfer Operator,Agent,Same day,12.0,yes,High,cash,Cash,1.1499999999999995,4.07,5.22,1.1499999999999995,4.07,5.22
1207240185,2024_3Q,2024,2024.5,KENUGA,KEN,UGA,Western Union,Money Transfer Operator,Agent,Same day,12.0,yes,High,cash,Cash,1.15,3.4,4.55,1.15,3.4,4.55
1207242181,2024_3Q,2024,2024.5,KENRWA,KEN,RWA,Western Union,Money Transfer Operator,Agent,Same day,12.0,yes,High,cash,Cash,1.15,1.96,3.11,1.15,1.96,3.11
1207242182,2024_3Q,2024,2024.5,KENUGA,KEN,UGA,GT Bank,Bank,Bank branch,2 days,48.0,yes,High,bank account,Bank account transfer,10.0,2.15,12.15,4.0,2.15,6.15
1207242183,2024_3Q,2024,2024.5,KENUGA,KEN,UGA,GT Bank,Bank,Call Center,2 days,48.0,yes,High,bank account,Bank account transfer,10.0,2.15,12.15,4.0,2.15,6.15
1207242184,2024_3Q,2024,2024.5,KENUGA,KEN,UGA,GT Bank,Bank,Internet,2 days,48.0,yes,High,bank account,Bank account transfer,10.0,2.15,12.15,4.0,2.15,6.15
1207242185,2024_3Q,2024,2024.5,KENUGA,KEN,UGA,Development Bank of Kenya,Bank,Bank branch,2 days,48.0,yes,High,bank account,Bank account transfer,13.629999999999999,1.96,15.59,5.63,1.96,7.59
1207242186,2024_3Q,2024,2024.5,KENUGA,KEN,UGA,Development Bank of Kenya,Bank,Call Center,2 days,48.0,yes,High,bank account,Bank account transfer,13.629999999999999,1.96,15.59,5.63,1.96,7.59
1207242187,2024_3Q,2024,2024.5,KENUGA,KEN,UGA,Development Bank of Kenya,Bank,Internet,2 days,48.0,yes,High,bank account,Bank account transfer,13.629999999999999,1.96,15.59,5.63,1.96,7.59
1207242188,2024_3Q,2024,2024.5,KENUGA,KEN,UGA,United Bank for Africa (UBA),Bank,Bank branch,2 days,48.0,yes,High,bank account,Bank account transfer,14.619999999999997,1.96,16.58,5.85,1.96,7.81
1207242189,2024_3Q,2024,2024.5,KENUGA,KEN,UGA,United Bank for Africa (UBA),Bank,Call Center,2 days,48.0,yes,High,bank account,Bank account transfer,14.619999999999997,1.96,16.58,5.85,1.96,7.81
1207242190,2024_3Q,2024,2024.5,KENUGA,KEN,UGA,United Bank for Africa (UBA),Bank,Internet,2 days,48.0,yes,High,bank account,Bank account transfer,14.619999999999997,1.96,16.58,5.85,1.96,7.81
1207242191,2024_3Q,2024,2024.5,KENUGA,KEN,UGA,KCB,Bank,Bank branch,2 days,48.0,yes,High,bank account,Bank account transfer,13.33,0.86,14.19,5.33,0.86,6.19
1207242192,2024_3Q,2024,2024.5,KENUGA,KEN,UGA,KCB,Bank,Call Center,2 days,48.0,yes,High,bank account,Bank account transfer,13.33,0.86,14.19,5.33,0.86,6.19
1207242193,2024_3Q,2024,2024.5,KENUGA,KEN,UGA,KCB,Bank,Internet,2 days,48.0,yes,High,bank account,Bank account transfer,13.33,0.86,14.19,5.33,0.86,6.19
1207242400,2024_3Q,2024,2024.5,TZAKEN,TZA,KEN,NBC,Bank,Bank branch,Same day,12.0,yes,High,bank account,Bank account transfer,71.66999999999999,14.9,86.57,28.68,14.9,43.58
1207242401,2024_3Q,2024,2024.5,TZAKEN,TZA,KEN,NBC,Bank,Call Center,Same day,12.0,yes,High,bank account,Bank account transfer,71.66999999999999,14.9,86.57,28.68,14.9,43.58
1207243587,2024_3Q,2024,2024.5,KENTZA,KEN,TZA,Development Bank of Kenya,Bank,Bank branch,2 days,48.0,yes,Medium,bank account,Bank account transfer,13.629999999999999,1.96,15.59,5.63,1.96,7.59
1207243588,2024_3Q,2024,2024.5,KENTZA,KEN,TZA,Development Bank of Kenya,Bank,Call Center,2 days,48.0,yes,Medium,bank account,Bank account transfer,13.629999999999999,1.96,15.59,5.63,1.96,7.59
1207243589,2024_3Q,2024,2024.5,KENTZA,KEN,TZA,Development Bank of Kenya,Bank,Internet,2 days,48.0,yes,Medium,bank account,Bank account transfer,13.629999999999999,1.96,15.59,5.63,1.96,7.59
1207243591,2024_3Q,2024,2024.5,KENTZA,KEN,TZA,GT Bank,Bank,Bank branch,2 days,48.0,yes,Medium,bank account,Bank account transfer,10.0,2.15,12.15,4.0,2.15,6.15
1207243592,2024_3Q,2024,2024.5,KENTZA,KEN,TZA,GT Bank,Bank,Call Center,2 days,48.0,yes,Medium,bank account,Bank account transfer,10.0,2.15,12.15,4.0,2.15,6.15
1207243593,2024_3Q,2024,2024.5,KENTZA,KEN,TZA,GT Bank,Bank,Internet,2 days,48.0,yes,Medium,bank account,Bank account transfer,10.0,2.15,12.15,4.0,2.15,6.15
1207243594,2024_3Q,2024,2024.5,KENTZA,KEN,TZA,KCB,Bank,Bank branch,2 days,48.0,yes,Medium,bank account,Bank account transfer,13.33,0.86,14.19,5.33,0.86,6.19
1207243595,2024_3Q,2024,2024.5,KENTZA,KEN,TZA,KCB,Bank,Call Center,2 days,48.0,yes,Medium,bank account,Bank account transfer,13.33,0.86,14.19,5.33,0.86,6.19
1207243596,2024_3Q,2024,2024.5,KENTZA,KEN,TZA,KCB,Bank,Internet,2 days,48.0,yes,Medium,bank account,Bank account transfer,13.33,0.86,14.19,5.33,0.86,6.19
1207243600,2024_3Q,2024,2024.5,KENTZA,KEN,TZA,United Bank for Africa (UBA),Bank,Bank branch,2 days,48.0,yes,Medium,bank account,Bank account transfer,14.619999999999997,1.96,16.58,5.85,1.96,7.81
1207243601,2024_3Q,2024,2024.5,KENTZA,KEN,TZA,United Bank for Africa (UBA),Bank,Call Center,2 days,48.0,yes,Medium,bank account,Bank account transfer,14.619999999999997,1.96,16.58,5.85,1.96,7.81
1207243602,2024_3Q,2024,2024.5,KENTZA,KEN,TZA,United Bank for Africa (UBA),Bank,Internet,2 days,48.0,yes,Medium,bank account,Bank account transfer,14.619999999999997,1.96,16.58,5.85,1.96,7.81
1207244037,2024_3Q,2024,2024.5,KENSSD,KEN,SSD,Development Bank of Kenya,Bank,Bank branch,2 days,48.0,yes,Low,bank account,Bank account transfer,13.629999999999999,1.96,15.59,5.63,1.96,7.59
1207244038,2024_3Q,2024,2024.5,KENSSD,KEN,SSD,Development Bank of Kenya,Bank,Call Center,2 days,48.0,yes,Low,bank account,Bank account transfer,13.629999999999999,1.96,15.59,5.63,1.96,7.59
1207244039,2024_3Q,2024,2024.5,KENSSD,KEN,SSD,Development Bank of Kenya,Bank,Internet,2 days,48.0,yes,Low,bank account,Bank account transfer,13.629999999999999,1.96,15.59,5.63,1.96,7.59
1207244041,2024_3Q,2024,2024.5,KENSSD,KEN,SSD,GT Bank,Bank,Bank branch,2 days,48.0,yes,Low,bank account,Bank account transfer,10.0,2.15,12.15,4.0,2.15,6.15
1207244042,2024_3Q,2024,2024.5,KENSSD,KEN,SSD,GT Bank,Bank,Call Center,2 days,48.0,yes,Low,bank account,Bank account transfer,10.0,2.15,12.15,4.0,2.15,6.15
1207244043,2024_3Q,2024,2024.5,KENSSD,KEN,SSD,GT Bank,Bank,Internet,2 days,48.0,yes,Low,bank account,Bank account transfer,10.0,2.15,12.15,4.0,2.15,6.15
1207244044,2024_3Q,2024,2024.5,KENSSD,KEN,SSD,KCB,Bank,Bank branch,2 days,48.0,yes,Low,bank account,Bank account transfer,13.33,0.86,14.19,5.33,0.86,6.19
1207244045,2024_3Q,2024,2024.5,KENSSD,KEN,SSD,KCB,Bank,Call Center,2 days,48.0,yes,Low,bank account,Bank account transfer,13.33,0.86,14.19,5.33,0.86,6.19
1207244046,2024_3Q,2024,2024.5,KENSSD,KEN,SSD,KCB,Bank,Internet,2 days,48.0,yes,Low,bank account,Bank account transfer,13.33,0.86,14.19,5.33,0.86,6.19
1207244049,2024_3Q,2024,2024.5,KENSSD,KEN,SSD,United Bank for Africa (UBA),Bank,Bank branch,2 days,48.0,yes,Low,bank account,Bank account transfer,14.619999999999997,1.96,16.58,5.85,1.96,7.81
1207244050,2024_3Q,2024,2024.5,KENSSD,KEN,SSD,United Bank for Africa (UBA),Bank,Call Center,2 days,48.0,yes,Low,bank account,Bank account transfer,14.619999999999997,1.96,16.58,5.85,1.96,7.81
1207244051,2024_3Q,2024,2024.5,KENSSD,KEN,SSD,United Bank for Africa (UBA),Bank,Internet,2 days,48.0,yes,Low,bank account,Bank account transfer,14.619999999999997,1.96,16.58,5.85,1.96,7.81
1207244052,2024_3Q,2024,2024.5,KENSSD,KEN,SSD,Western Union,Money Transfer Operator,Agent,Same day,12.0,yes,Low,cash,Cash,1.15,1.96,3.11,1.15,1.96,3.11
1207244194,2024_3Q,2024,2024.5,RWAKEN,RWA,KEN,MTN Mobile Money,Mobile Operator,Mobile phone,Less than one hour,0.5,yes,High,mobile wallet,Mobile money,0.0,4.03,4.03,0.0,4.03,4.03
1207240695,2024_3Q,2024,2024.5,KENRWA,KEN,RWA,M-Pesa,Mobile Operator,Mobile phone,Less than one hour,0.5,yes,High,cash,Mobile money,2.0,4.98,6.98,1.1399999999999997,4.98,6.12
1207240696,2024_3Q,2024,2024.5,KENRWA,KEN,RWA,M-Pesa,Mobile Operator,Mobile phone,Less than one hour,0.5,yes,High,mobile wallet,Mobile money,2.0,4.98,6.98,1.1399999999999997,4.98,6.12
1207242180,2024_3Q,2024,2024.5,KENRWA,KEN,RWA,Ecobank,Bank,Bank branch,Less than one hour,0.5,yes,Medium,cash,Cash,20.0,3.25,23.25,8.0,3.25,11.25
1207242197,2024_3Q,2024,2024.5,KENUGA,KEN,UGA,Ecobank,Bank,Bank branch,2 days,48.0,yes,Low,cash,Cash,20.0,3.25,23.25,8.0,3.25,11.25
1207243590,2024_3Q,2024,2024.5,KENTZA,KEN,TZA,Ecobank,Bank,Bank branch,2 days,48.0,yes,Low,cash,Cash,20.0,3.25,23.25,8.0,3.25,11.25
1207244040,2024_3Q,2024,2024.5,KENSSD,KEN,SSD,Ecobank,Bank,Bank branch,2 days,48.0,yes,Low,bank account,Cash,20.0,3.25,23.25,8.0,3.25,11.25
1207244374,2024_3Q,2024,2024.5,KENTZA,KEN,TZA,M-Pesa,Mobile Operator,Mobile phone,Less than one hour,0.5,yes,High,cash,Mobile money,1.9999999999999998,0.11,2.11,1.14,0.11,1.25
1207244375,2024_3Q,2024,2024.5,KENTZA,KEN,TZA,M-Pesa,Mobile Operator,Mobile phone,Less than one hour,0.5,yes,High,mobile wallet,Mobile money,1.9999999999999998,0.11,2.11,1.14,0.11,1.25
1207244376,2024_3Q,2024,2024.5,KENUGA,KEN,UGA,M-Pesa,Mobile Operator,Mobile phone,Less than one hour,0.5,yes,High,cash,Mobile money,2.0,4.5,6.5,1.1399999999999997,4.5,5.64
1207244377,2024_3Q,2024,2024.5,KENUGA,KEN,UGA,M-Pesa,Mobile Operator,Mobile phone,Less than one hour,0.5,yes,High,mobile wallet,Mobile money,2.0,4.5,6.5,1.1399999999999997,4.5,5.64
1207245865,2024_3Q,2024,2024.5,KENRWA,KEN,RWA,EcoBank Rapid Transfer,Money Transfer Operator,Bank branch,Less than one hour,0.5,yes,Medium,cash,Bank account transfer,2.8700000000000006,3.36,6.23,2.8800000000000003,3.36,6.24
1207245866,2024_3Q,2024,2024.5,KENRWA,KEN,RWA,EcoBank Rapid Transfer,Money Transfer Operator,Internet,Less than one hour,0.5,yes,Medium,cash,Bank account transfer,2.8700000000000006,3.36,6.23,2.8800000000000003,3.36,6.24
1207245867,2024_3Q,2024,2024.5,KENRWA,KEN,RWA,EcoBank Rapid Transfer,Money Transfer Operator,Bank branch,Less than one hour,0.5,yes,Medium,cash,Cash,2.8700000000000006,3.36,6.23,2.8800000000000003,3.36,6.24
1207245868,2024_3Q,2024,2024.5,KENRWA,KEN,RWA,EcoBank Rapid Transfer,Money Transfer Operator,Internet,Less than one hour,0.5,yes,Medium,cash,Cash,2.8700000000000006,3.36,6.23,2.8800000000000003,3.36,6.24
1207245869,2024_3Q,2024,2024.5,KENSSD,KEN,SSD,EcoBank Rapid Transfer,Money Transfer Operator,Bank branch,Less than one hour,0.5,yes,Low,cash,Bank account transfer,2.87,3.25,6.12,2.88,3.25,6.13
1207245870,2024_3Q,2024,2024.5,KENSSD,KEN,SSD,EcoBank Rapid Transfer,Money Transfer Operator,Internet,Less than one hour,0.5,yes,Low,cash,Bank account transfer,2.87,3.25,6.12,2.88,3.25,6.13
1207245871,2024_3Q,2024,2024.5,KENSSD,KEN,SSD,EcoBank Rapid Transfer,Money Transfer Operator,Bank branch,Less than one hour,0.5,yes,Low,cash,Cash,2.87,3.25,6.12,2.88,3.25,6.13
1207245872,2024_3Q,2024,2024.5,KENSSD,KEN,SSD,EcoBank Rapid Transfer,Money Transfer Operator,Internet,Less than one hour,0.5,yes,Low,cash,Cash,2.87,3.25,6.12,2.88,3.25,6.13
1207245873,2024_3Q,2024,2024.5,KENTZA,KEN,TZA,EcoBank Rapid Transfer,Money Transfer Operator,Bank branch,Less than one hour,0.5,yes,Medium,cash,Bank account transfer,2.87,3.25,6.12,2.88,3.25,6.13
1207245874,2024_3Q,2024,2024.5,KENTZA,KEN,TZA,EcoBank Rapid Transfer,Money Transfer Operator,Internet,Less than one hour,0.5,yes,Medium,cash,Bank account transfer,2.87,3.25,6.12,2.88,3.25,6.13
1207245875,2024_3Q,2024,2024.5,KENTZA,KEN,TZA,EcoBank Rapid Transfer,Money Transfer Operator,Bank branch,Less than one hour,0.5,yes,Medium,cash,Cash,2.87,3.25,6.12,2.88,3.25,6.13
1207245876,2024_3Q,2024,2024.5,KENTZA,KEN,TZA,EcoBank Rapid Transfer,Money Transfer Operator,Internet,Less than one hour,0.5,yes,Medium,cash,Cash,2.87,3.25,6.12,2.88,3.25,6.13
1207245877,2024_3Q,2024,2024.5,KENUGA,KEN,UGA,EcoBank Rapid Transfer,Money Transfer Operator,Bank branch,Less than one hour,0.5,yes,Medium,cash,Bank account transfer,2.87,3.25,6.12,2.88,3.25,6.13
1207245878,2024_3Q,2024,2024.5,KENUGA,KEN,UGA,EcoBank Rapid Transfer,Money Transfer Operator,Internet,Less than one hour,0.5,yes,Medium,cash,Bank account transfer,2.87,3.25,6.12,2.88,3.25,6.13
1207245879,2024_3Q,2024,2024.5,KENUGA,KEN,UGA,EcoBank Rapid Transfer,Money Transfer Operator,Bank branch,Less than one hour,0.5,yes,Medium,cash,Cash,2.87,3.25,6.12,2.88,3.25,6.13
1207245880,2024_3Q,2024,2024.5,KENUGA,KEN,UGA,EcoBank Rapid Transfer,Money Transfer Operator,Internet,Less than one hour,0.5,yes,Medium,cash,Cash,2.87,3.25,6.12,2.88,3.25,6.13
1207242178,2024_3Q,2024,2024.5,KENRWA,KEN,RWA,MoneyGram,Money Transfer Operator,Agent,Less than one hour,0.5,yes,High,cash,Cash,2.24,5.18,7.42,1.4100000000000001,5.18,6.59
1207242199,2024_3Q,2024,2024.5,KENUGA,KEN,UGA,MoneyGram,Money Transfer Operator,Agent,Less than one hour,0.5,yes,High,cash,Cash,2.24,3.71,5.95,1.4100000000000001,3.71,5.12
1207243325,2024_3Q,2024,2024.5,TZAKEN,TZA,KEN,M-Pesa,Mobile Operator,Mobile phone,Same day,12.0,yes,High,mobile wallet,Mobile money,1.0299999999999994,13.08,14.11,0.7699999999999996,13.08,13.85
1207243597,2024_3Q,2024,2024.5,KENTZA,KEN,TZA,MoneyGram,Money Transfer Operator,Agent,Less than one hour,0.5,yes,High,cash,Cash,2.24,3.76,6.0,1.4100000000000001,3.76,5.17
1207244047,2024_3Q,2024,2024.5,KENSSD,KEN,SSD,MoneyGram,Money Transfer Operator,Agent,Less than one hour,0.5,yes,High,cash,Cash,2.24,3.25,5.49,1.4100000000000001,3.25,4.66
1207242410,2024_3Q,2024,2024.5,TZAUGA,TZA,UGA,NBC,Bank,Bank branch,Same day,12.0,yes,High,bank account,Bank account transfer,71.67,19.49,91.16,28.680000000000003,19.49,48.17
1207242411,2024_3Q,2024,2024.5,TZAUGA,TZA,UGA,NBC,Bank,Call Center,Same day,12.0,yes,High,bank account,Bank account transfer,71.67,19.49,91.16,28.680000000000003,19.49,48.17
1207246633,2024_3Q,2024,2024.5,TZAUGA,TZA,UGA,CRDB Bank,Bank,Internet,Same day,12.0,yes,Medium,bank account,Bank account transfer,49.64,6.44,56.08,19.86,6.44,26.3
1207246634,2024_3Q,2024,2024.5,TZAKEN,TZA,KEN,Exim Bank,Bank,Bank branch,Same day,12.0,yes,Medium,bank account,Bank account transfer,75.94000000000001,15.74,91.68,30.379999999999995,15.74,46.12
1207246635,2024_3Q,2024,2024.5,TZARWA,TZA,RWA,Exim Bank,Bank,Bank branch,Same day,12.0,yes,Medium,bank account,Bank account transfer,75.94,21.17,97.11,30.379999999999995,21.17,51.55
1207242407,2024_3Q,2024,2024.5,TZARWA,TZA,RWA,NMB (National Microfinance Bank),Non-Bank FI,Call Center,Same day,12.0,yes,High,bank account,Bank account transfer,50.629999999999995,23.06,73.69,20.26,23.06,43.32
1207244190,2024_3Q,2024,2024.5,RWAKEN,RWA,KEN,Ecobank RapidCash,Bank,Bank branch,Less than one hour,0.5,yes,High,bank account,Bank account transfer,5.109999999999999,4.16,9.27,5.35,4.16,9.51
1207244191,2024_3Q,2024,2024.5,RWAKEN,RWA,KEN,Ecobank RapidCash,Bank,Internet,Less than one hour,0.5,yes,High,bank account,Bank account transfer,1.13,4.34,5.47,1.0,4.34,5.34
1207244389,2024_3Q,2024,2024.5,TZARWA,TZA,RWA,Tigo,Mobile Operator,Mobile phone,Same day,12.0,yes,High,mobile wallet,Mobile money,0.6899999999999995,13.74,14.43,0.6500000000000004,13.74,14.39
1207246622,2024_3Q,2024,2024.5,RWAKEN,RWA,KEN,Western Union,Money Transfer Operator,Agent,Less than one hour,0.5,yes,High,cash,Cash,4.0,5.75,9.75,1.5999999999999996,5.75,7.35
330250181,2024_4Q,2024,2024.75,KENRWA,KEN,RWA,Western Union,Money Transfer Operator,Agent,Less than one hour,0.5,yes,High,cash,Cash,1.1500000000000004,4.31,5.46,1.1500000000000004,4.31,5.46
330250182,2024_4Q,2024,2024.75,KENTZA,KEN,TZA,Western Union,Money Transfer Operator,Agent,Less than one hour,0.5,yes,High,cash,Cash,1.15,2.38,3.53,1.15,2.38,3.53
330250183,2024_4Q,2024,2024.75,KENUGA,KEN,UGA,Western Union,Money Transfer Operator,Agent,Less than one hour,0.5,yes,High,cash,Cash,1.1500000000000004,4.0,5.15,1.1500000000000004,4.0,5.15
330250205,2024_4Q,2024,2024.75,RWAKEN,RWA,KEN,Western Union,Money Transfer Operator,Agent,Less than one hour,0.5,yes,High,cash,Cash,4.0,5.68,9.68,1.6000000000000005,5.68,7.28
330250700,2024_4Q,2024,2024.75,KENRWA,KEN,RWA,M-Pesa,Mobile Operator,Mobile phone,Less than one hour,0.5,yes,High,mobile wallet,Mobile money,1.3899999999999997,5.75,7.14,1.1100000000000003,5.75,6.86
330250701,2024_4Q,2024,2024.75,KENRWA,KEN,RWA,M-Pesa,Mobile Operator,Mobile phone,Less than one hour,0.5,yes,High,cash,Mobile money,1.3899999999999997,5.75,7.14,1.1100000000000003,5.75,6.86
330251267,2024_4Q,2024,2024.75,TZAUGA,TZA,UGA,CRDB Bank,Bank,Bank branch,Same day,12.0,yes,Medium,bank account,Bank account transfer,71.50999999999999,7.7,79.21,28.610000000000003,7.7,36.31
330251268,2024_4Q,2024,2024.75,TZAUGA,TZA,UGA,CRDB Bank,Bank,Internet,Same day,12.0,yes,Medium,bank account,Bank account transfer,71.50999999999999,7.7,79.21,28.610000000000003,7.7,36.31
330251291,2024_4Q,2024,2024.75,TZAKEN,TZA,KEN,Exim Bank,Bank,Bank branch,Same day,12.0,yes,Medium,bank account,Bank account transfer,75.16,16.61,91.77,30.07,16.61,46.68
330251292,2024_4Q,2024,2024.75,TZARWA,TZA,RWA,Exim Bank,Bank,Bank branch,Same day,12.0,yes,Medium,bank account,Bank account transfer,75.16,22.73,97.89,30.069999999999997,22.73,52.8
330251708,2024_4Q,2024,2024.75,TZAKEN,TZA,KEN,KCB,Bank,Bank branch,Same day,12.0,yes,High,bank account,Bank account transfer,45.93,18.15,64.08,18.380000000000003,18.15,36.53
330251709,2024_4Q,2024,2024.75,TZAKEN,TZA,KEN,KCB,Bank,Call Center,Same day,12.0,yes,High,bank account,Bank account transfer,45.93,18.15,64.08,18.380000000000003,18.15,36.53
330252193,2024_4Q,2024,2024.75,KENRWA,KEN,RWA,MoneyGram,Money Transfer Operator,Agent,Less than one hour,0.5,yes,High,cash,Cash,2.24,4.35,6.59,1.4100000000000001,4.35,5.76
330252194,2024_4Q,2024,2024.75,KENRWA,KEN,RWA,MoneyGram,Money Transfer Operator,Agent,Same day,12.0,yes,High,mobile wallet,Cash,2.24,5.37,7.61,1.4100000000000001,5.37,6.78
330252195,2024_4Q,2024,2024.75,KENRWA,KEN,RWA,Ecobank,Bank,Bank branch,Less than one hour,0.5,yes,Medium,cash,Cash,29.580000000000002,2.69,32.27,11.83,2.69,14.52
330252196,2024_4Q,2024,2024.75,KENRWA,KEN,RWA,Western Union,Money Transfer Operator,Agent,Less than one hour,0.5,yes,High,cash,Cash,1.15,0.28,1.43,1.15,0.28,1.43
330252197,2024_4Q,2024,2024.75,KENUGA,KEN,UGA,GT Bank,Bank,Bank branch,2 days,48.0,yes,High,bank account,Bank account transfer,10.0,1.58,11.58,4.0,1.58,5.58
330252198,2024_4Q,2024,2024.75,KENUGA,KEN,UGA,GT Bank,Bank,Call Center,2 days,48.0,yes,High,bank account,Bank account transfer,10.0,1.58,11.58,4.0,1.58,5.58
330252199,2024_4Q,2024,2024.75,KENUGA,KEN,UGA,GT Bank,Bank,Internet,2 days,48.0,yes,High,bank account,Bank account transfer,10.0,1.58,11.58,4.0,1.58,5.58
330252200,2024_4Q,2024,2024.75,KENUGA,KEN,UGA,Development Bank of Kenya,Bank,Bank branch,2 days,48.0,yes,High,bank account,Bank account transfer,13.63,1.77,15.4,5.630000000000001,1.77,7.4
330252201,2024_4Q,2024,2024.75,KENUGA,KEN,UGA,Development Bank of Kenya,Bank,Call Center,2 days,48.0,yes,High,bank account,Bank account transfer,13.63,1.77,15.4,5.630000000000001,1.77,7.4
330252202,2024_4Q,2024,2024.75,KENUGA,KEN,UGA,Development Bank of Kenya,Bank,Internet,2 days,48.0,yes,High,bank account,Bank account transfer,13.63,1.77,15.4,5.630000000000001,1.77,7.4
330252203,2024_4Q,2024,2024.75,KENUGA,KEN,UGA,United Bank for Africa (UBA),Bank,Bank branch,Less than one hour,0.5,yes,High,bank account,Bank account transfer,14.689999999999998,1.39,16.08,5.88,1.39,7.27
330252204,2024_4Q,2024,2024.75,KENUGA,KEN,UGA,United Bank for Africa (UBA),Bank,Call Center,Less than one hour,0.5,yes,High,bank account,Bank account transfer,14.689999999999998,1.39,16.08,5.88,1.39,7.27
330252205,2024_4Q,2024,2024.75,KENUGA,KEN,UGA,United Bank for Africa (UBA),Bank,Internet,Less than one hour,0.5,yes,High,bank account,Bank account transfer,14.689999999999998,1.39,16.08,5.88,1.39,7.27
330252206,2024_4Q,2024,2024.75,KENUGA,KEN,UGA,KCB,Bank,Bank branch,Same day,12.0,yes,High,bank account,Bank account transfer,13.33,0.52,13.85,5.33,0.52,5.85
330252207,2024_4Q,2024,2024.75,KENUGA,KEN,UGA,KCB,Bank,Call Center,Same day,12.0,yes,High,bank account,Bank account transfer,13.33,0.28,13.61,5.33,0.28,5.61
330252208,2024_4Q,2024,2024.75,KENUGA,KEN,UGA,KCB,Bank,Internet,2 days,48.0,yes,High,bank account,Bank account transfer,13.33,1.77,15.1,5.33,1.77,7.1
330252209,2024_4Q,2024,2024.75,KENUGA,KEN,UGA,ABC Bank,Money Transfer Operator,Bank branch,2 days,48.0,yes,High,bank account,Bank account transfer,10.0,1.77,11.77,3.9999999999999996,1.77,5.77
330252210,2024_4Q,2024,2024.75,KENUGA,KEN,UGA,ABC Bank,Money Transfer Operator,Call Center,2 days,48.0,yes,High,bank account,Bank account transfer,10.0,1.77,11.77,3.9999999999999996,1.77,5.77
330252211,2024_4Q,2024,2024.75,KENUGA,KEN,UGA,ABC Bank,Money Transfer Operator,Internet,2 days,48.0,yes,High,bank account,Bank account transfer,10.0,1.77,11.77,3.9999999999999996,1.77,5.77
330252212,2024_4Q,2024,2024.75,KENUGA,KEN,UGA,Ecobank,Bank,Bank branch,Less than one hour,0.5,yes,Low,cash,Cash,29.580000000000002,2.69,32.27,11.83,2.69,14.52
330252213,2024_4Q,2024,2024.75,KENUGA,KEN,UGA,UBA Africash,Bank,Bank branch,Less than one hour,0.5,yes,Medium,cash,Cash,3.6399999999999997,1.58,5.22,2.49,1.58,4.07
330252214,2024_4Q,2024,2024.75,KENUGA,KEN,UGA,MoneyGram,Money Transfer Operator,Agent,Less than one hour,0.5,yes,High,cash,Cash,2.2399999999999998,3.77,6.01,1.4099999999999997,3.77,5.18
330252215,2024_4Q,2024,2024.75,KENUGA,KEN,UGA,MoneyGram,Money Transfer Operator,Agent,Same day,12.0,yes,High,mobile wallet,Cash,2.24,4.08,6.32,1.4100000000000001,4.08,5.49
330252407,2024_4Q,2024,2024.75,TZAKEN,TZA,KEN,NBC,Bank,Bank branch,Same day,12.0,yes,High,bank account,Bank account transfer,71.00999999999999,16.7,87.71,28.41,16.7,45.11
330252408,2024_4Q,2024,2024.75,TZAKEN,TZA,KEN,NBC,Bank,Call Center,Same day,12.0,yes,High,bank account,Bank account transfer,71.00999999999999,16.7,87.71,28.41,16.7,45.11
330252409,2024_4Q,2024,2024.75,TZAKEN,TZA,KEN,Stanbic Bank,Bank,Bank branch,Same day,12.0,yes,High,bank account,Bank account transfer,66.39,20.8,87.19,26.569999999999997,20.8,47.37
330252410,2024_4Q,2024,2024.75,TZAKEN,TZA,KEN,Stanbic Bank,Bank,Call Center,Same day,12.0,yes,High,bank account,Bank account transfer,66.39,20.8,87.19,26.569999999999997,20.8,47.37
330252411,2024_4Q,2024,2024.75,TZAKEN,TZA,KEN,Western Union,Money Transfer Operator,Agent,Less than one hour,0.5,yes,High,cash,Cash,2.4700000000000006,8.12,10.59,2.3400000000000016,8.12,10.46
330252412,2024_4Q,2024,2024.75,TZAKEN,TZA,KEN,MoneyGram,Money Transfer Operator,Agent,Less than one hour,0.5,yes,High,cash,Cash,5.2700000000000005,4.44,9.71,3.329999999999999,4.44,7.77
330252413,2024_4Q,2024,2024.75,TZARWA,TZA,RWA,NMB (National Microfinance Bank),Non-Bank FI,Bank branch,Same day,12.0,yes,High,bank account,Bank account transfer,50.11000000000001,23.79,73.9,20.050000000000004,23.79,43.84
330252414,2024_4Q,2024,2024.75,TZARWA,TZA,RWA,NMB (National Microfinance Bank),Non-Bank FI,Call Center,Same day,12.0,yes,High,bank account,Bank account transfer,50.11000000000001,23.79,73.9,20.050000000000004,23.79,43.84
330252415,2024_4Q,2024,2024.75,TZARWA,TZA,RWA,MoneyGram,Money Transfer Operator,Agent,Less than one hour,0.5,yes,High,cash,Cash,5.2700000000000005,4.2,9.47,3.33,4.2,7.53
330252416,2024_4Q,2024,2024.75,TZARWA,TZA,RWA,Western Union,Money Transfer Operator,Agent,Less than one hour,0.5,yes,High,cash,Cash,2.4700000000000006,7.77,10.24,2.34,7.77,10.11
330252417,2024_4Q,2024,2024.75,TZAUGA,TZA,UGA,NBC,Bank,Bank branch,Same day,12.0,yes,High,bank account,Bank account transfer,71.01,21.63,92.64,28.41,21.63,50.04
330252418,2024_4Q,2024,2024.75,TZAUGA,TZA,UGA,NBC,Bank,Call Center,Same day,12.0,yes,High,bank account,Bank account transfer,71.01,21.63,92.64,28.41,21.63,50.04
330252419,2024_4Q,2024,2024.75,TZAUGA,TZA,UGA,NMB (National Microfinance Bank),Non-Bank FI,Bank branch,Same day,12.0,yes,High,bank account,Bank account transfer,50.11,21.14,71.25,20.049999999999997,21.14,41.19
330252420,2024_4Q,2024,2024.75,TZAUGA,TZA,UGA,NMB (National Microfinance Bank),Non-Bank FI,Call Center,Same day,12.0,yes,High,bank account,Bank account transfer,50.11,21.14,71.25,20.049999999999997,21.14,41.19
330252421,2024_4Q,2024,2024.75,TZAUGA,TZA,UGA,Stanbic Bank,Bank,Bank branch,Same day,12.0,yes,High,bank account,Bank account transfer,66.39,12.42,78.81,26.57,12.42,38.99
330252422,2024_4Q,2024,2024.75,TZAUGA,TZA,UGA,Stanbic Bank,Bank,Call Center,Same day,12.0,yes,High,bank account,Bank account transfer,66.39,12.42,78.81,26.57,12.42,38.99
330252423,2024_4Q,2024,2024.75,TZAUGA,TZA,UGA,MoneyGram,Money Transfer Operator,Agent,Less than one hour,0.5,yes,High,cash,Cash,5.27,4.27,9.54,3.33,4.27,7.6
330252424,2024_4Q,2024,2024.75,TZAUGA,TZA,UGA,Western Union,Money Transfer Operator,Agent,Less than one hour,0.5,yes,High,cash,Cash,2.4699999999999998,7.3,9.77,2.3400000000000007,7.3,9.64
330253321,2024_4Q,2024,2024.75,TZAKEN,TZA,KEN,M-Pesa,Mobile Operator,Mobile phone,Less than one hour,0.5,yes,High,mobile wallet,Mobile money,1.0300000000000002,6.22,7.25,0.7700000000000005,6.22,6.99
330253584,2024_4Q,2024,2024.75,KENTZA,KEN,TZA,ABC Bank,Money Transfer Operator,Bank branch,2 days,48.0,yes,Medium,bank account,Bank account transfer,10.0,1.77,11.77,3.9999999999999996,1.77,5.77
330253585,2024_4Q,2024,2024.75,KENTZA,KEN,TZA,ABC Bank,Money Transfer Operator,Call Center,2 days,48.0,yes,Medium,bank account,Bank account transfer,10.0,1.77,11.77,3.9999999999999996,1.77,5.77
330253586,2024_4Q,2024,2024.75,KENTZA,KEN,TZA,ABC Bank,Money Transfer Operator,Internet,2 days,48.0,yes,Medium,bank account,Bank account transfer,10.0,1.77,11.77,3.9999999999999996,1.77,5.77
330253587,2024_4Q,2024,2024.75,KENTZA,KEN,TZA,Development Bank of Kenya,Bank,Bank branch,2 days,48.0,yes,Medium,bank account,Bank account transfer,13.63,1.77,15.4,5.630000000000001,1.77,7.4
330253588,2024_4Q,2024,2024.75,KENTZA,KEN,TZA,Development Bank of Kenya,Bank,Call Center,2 days,48.0,yes,Medium,bank account,Bank account transfer,13.63,1.77,15.4,5.630000000000001,1.77,7.4
330253589,2024_4Q,2024,2024.75,KENTZA,KEN,TZA,Development Bank of Kenya,Bank,Internet,2 days,48.0,yes,Medium,bank account,Bank account transfer,13.63,1.77,15.4,5.630000000000001,1.77,7.4
330253590,2024_4Q,2024,2024.75,KENTZA,KEN,TZA,Ecobank,Bank,Bank branch,Less than one hour,0.5,yes,Low,cash,Cash,29.580000000000002,2.69,32.27,11.83,2.69,14.52
330253591,2024_4Q,2024,2024.75,KENTZA,KEN,TZA,GT Bank,Bank,Bank branch,2 days,48.0,yes,Medium,bank account,Bank account transfer,10.0,1.58,11.58,4.0,1.58,5.58
330253592,2024_4Q,2024,2024.75,KENTZA,KEN,TZA,GT Bank,Bank,Call Center,2 days,48.0,yes,Medium,bank account,Bank account transfer,10.0,1.58,11.58,4.0,1.58,5.58
330253593,2024_4Q,2024,2024.75,KENTZA,KEN,TZA,GT Bank,Bank,Internet,2 days,48.0,yes,Medium,bank account,Bank account transfer,10.0,1.58,11.58,4.0,1.58,5.58
330253594,2024_4Q,2024,2024.75,KENTZA,KEN,TZA,KCB,Bank,Bank branch,Same day,12.0,yes,Medium,bank account,Bank account transfer,13.33,0.52,13.85,5.33,0.52,5.85
330253595,2024_4Q,2024,2024.75,KENTZA,KEN,TZA,KCB,Bank,Call Center,Same day,12.0,yes,Medium,bank account,Bank account transfer,13.33,0.28,13.61,5.33,0.28,5.61
330253596,2024_4Q,2024,2024.75,KENTZA,KEN,TZA,KCB,Bank,Internet,2 days,48.0,yes,Medium,bank account,Bank account transfer,13.33,1.58,14.91,5.33,1.58,6.91
330253597,2024_4Q,2024,2024.75,KENTZA,KEN,TZA,MoneyGram,Money Transfer Operator,Agent,Less than one hour,0.5,yes,High,cash,Cash,2.24,3.84,6.08,1.4100000000000001,3.84,5.25
330253598,2024_4Q,2024,2024.75,KENTZA,KEN,TZA,MoneyGram,Money Transfer Operator,Agent,Same day,12.0,yes,High,mobile wallet,Cash,2.2399999999999993,4.03,6.27,1.4100000000000001,4.03,5.44
330253599,2024_4Q,2024,2024.75,KENTZA,KEN,TZA,UBA Africash,Bank,Bank branch,Less than one hour,0.5,yes,Medium,cash,Cash,3.6399999999999997,1.58,5.22,2.49,1.58,4.07
330253600,2024_4Q,2024,2024.75,KENTZA,KEN,TZA,United Bank for Africa (UBA),Bank,Bank branch,Less than one hour,0.5,yes,Medium,bank account,Bank account transfer,14.689999999999998,1.39,16.08,5.88,1.39,7.27
330253601,2024_4Q,2024,2024.75,KENTZA,KEN,TZA,United Bank for Africa (UBA),Bank,Call Center,Less than one hour,0.5,yes,Medium,bank account,Bank account transfer,14.689999999999998,1.39,16.08,5.88,1.39,7.27
330253602,2024_4Q,2024,2024.75,KENTZA,KEN,TZA,United Bank for Africa (UBA),Bank,Internet,Less than one hour,0.5,yes,Medium,bank account,Bank account transfer,14.689999999999998,1.39,16.08,5.88,1.39,7.27
330254035,2024_4Q,2024,2024.75,KENSSD,KEN,SSD,ABC Bank,Money Transfer Operator,Bank branch,2 days,48.0,yes,Low,bank account,Bank account transfer,10.0,1.77,11.77,3.9999999999999996,1.77,5.77
330254036,2024_4Q,2024,2024.75,KENSSD,KEN,SSD,ABC Bank,Money Transfer Operator,Call Center,2 days,48.0,yes,Low,bank account,Bank account transfer,10.0,1.77,11.77,3.9999999999999996,1.77,5.77
330254037,2024_4Q,2024,2024.75,KENSSD,KEN,SSD,ABC Bank,Money Transfer Operator,Internet,2 days,48.0,yes,Low,bank account,Bank account transfer,10.0,1.77,11.77,3.9999999999999996,1.77,5.77
330254038,2024_4Q,2024,2024.75,KENSSD,KEN,SSD,Development Bank of Kenya,Bank,Bank branch,2 days,48.0,yes,Low,bank account,Bank account transfer,13.63,1.77,15.4,5.630000000000001,1.77,7.4
330254039,2024_4Q,2024,2024.75,KENSSD,KEN,SSD,Development Bank of Kenya,Bank,Call Center,2 days,48.0,yes,Low,bank account,Bank account transfer,13.63,1.77,15.4,5.630000000000001,1.77,7.4
330254040,2024_4Q,2024,2024.75,KENSSD,KEN,SSD,Development Bank of Kenya,Bank,Internet,2 days,48.0,yes,Low,bank account,Bank account transfer,13.63,1.77,15.4,5.630000000000001,1.77,7.4
330254041,2024_4Q,2024,2024.75,KENSSD,KEN,SSD,Ecobank,Bank,Bank branch,Less than one hour,0.5,yes,Low,bank account,Cash,29.580000000000002,2.69,32.27,11.83,2.69,14.52
330254042,2024_4Q,2024,2024.75,KENSSD,KEN,SSD,GT Bank,Bank,Bank branch,2 days,48.0,yes,Low,bank account,Bank account transfer,10.0,1.58,11.58,4.0,1.58,5.58
330254043,2024_4Q,2024,2024.75,KENSSD,KEN,SSD,GT Bank,Bank,Call Center,2 days,48.0,yes,Low,bank account,Bank account transfer,10.0,1.58,11.58,4.0,1.58,5.58
330254044,2024_4Q,2024,2024.75,KENSSD,KEN,SSD,GT Bank,Bank,Internet,2 days,48.0,yes,Low,bank account,Bank account transfer,10.0,1.58,11.58,4.0,1.58,5.58
330254045,2024_4Q,2024,2024.75,KENSSD,KEN,SSD,KCB,Bank,Bank branch,Same day,12.0,yes,Low,bank account,Bank account transfer,13.33,0.28,13.61,5.33,0.28,5.61
330254046,2024_4Q,2024,2024.75,KENSSD,KEN,SSD,KCB,Bank,Call Center,Same day,12.0,yes,Low,bank account,Bank account transfer,13.33,0.52,13.85,5.33,0.52,5.85
330254047,2024_4Q,2024,2024.75,KENSSD,KEN,SSD,KCB,Bank,Internet,2 days,48.0,yes,Low,bank account,Bank account transfer,13.33,1.58,14.91,5.33,1.58,6.91
330254048,2024_4Q,2024,2024.75,KENSSD,KEN,SSD,MoneyGram,Money Transfer Operator,Agent,Less than one hour,0.5,yes,High,cash,Cash,2.24,2.88,5.12,1.4100000000000001,2.88,4.29
330254049,2024_4Q,2024,2024.75,KENSSD,KEN,SSD,MoneyGram,Money Transfer Operator,Agent,Same day,12.0,yes,High,mobile wallet,Cash,2.24,4.17,6.41,1.4100000000000001,4.17,5.58
330254050,2024_4Q,2024,2024.75,KENSSD,KEN,SSD,United Bank for Africa (UBA),Bank,Bank branch,Less than one hour,0.5,yes,Low,bank account,Bank account transfer,14.689999999999998,1.39,16.08,5.88,1.39,7.27
330254051,2024_4Q,2024,2024.75,KENSSD,KEN,SSD,United Bank for Africa (UBA),Bank,Call Center,Less than one hour,0.5,yes,Low,bank account,Bank account transfer,14.689999999999998,1.39,16.08,5.88,1.39,7.27
330254052,2024_4Q,2024,2024.75,KENSSD,KEN,SSD,United Bank for Africa (UBA),Bank,Internet,Less than one hour,0.5,yes,Low,bank account,Bank account transfer,14.689999999999998,1.39,16.08,5.88,1.39,7.27
330254053,2024_4Q,2024,2024.75,KENSSD,KEN,SSD,Western Union,Money Transfer Operator,Agent,Less than one hour,0.5,yes,Low,cash,Cash,1.15,2.73,3.88,1.15,2.73,3.88
330254191,2024_4Q,2024,2024.75,RWAKEN,RWA,KEN,Ecobank RapidCash,Bank,Bank branch,Less than one hour,0.5,yes,High,bank account,Bank account transfer,5.109999999999999,4.4,9.51,5.35,4.4,9.75
330254192,2024_4Q,2024,2024.75,RWAKEN,RWA,KEN,Ecobank RapidCash,Bank,Internet,Less than one hour,0.5,yes,High,bank account,Bank account transfer,1.13,4.4,5.53,1.0,4.4,5.4
330254193,2024_4Q,2024,2024.75,RWAKEN,RWA,KEN,BPR Bank Rwanda,Bank,Bank branch,Less than one hour,0.5,yes,High,own/partner bank account,Cash,32.199999999999996,12.96,45.16,12.879999999999999,12.96,25.84
330254194,2024_4Q,2024,2024.75,RWAKEN,RWA,KEN,MoneyGram,Money Transfer Operator,Agent,Less than one hour,0.5,yes,High,cash,Cash,3.33,2.25,5.58,3.2,2.25,5.45
330254195,2024_4Q,2024,2024.75,RWAKEN,RWA,KEN,MTN Mobile Money,Mobile Operator,Mobile phone,Less than one hour,0.5,yes,High,mobile wallet,Mobile money,2.130000000000001,4.35,6.48,1.2800000000000002,4.35,5.63
330254373,2024_4Q,2024,2024.75,KENTZA,KEN,TZA,M-Pesa,Mobile Operator,Mobile phone,Less than one hour,0.5,yes,High,cash,Mobile money,1.39,0.55,1.94,1.1099999999999999,0.55,1.66
330254374,2024_4Q,2024,2024.75,KENTZA,KEN,TZA,M-Pesa,Mobile Operator,Mobile phone,Less than one hour,0.5,yes,High,mobile wallet,Mobile money,1.39,0.55,1.94,1.1099999999999999,0.55,1.66
330254375,2024_4Q,2024,2024.75,KENUGA,KEN,UGA,M-Pesa,Mobile Operator,Mobile phone,Less than one hour,0.5,yes,High,cash,Mobile money,1.3899999999999997,4.2,5.59,1.1099999999999994,4.2,5.31
330254376,2024_4Q,2024,2024.75,KENUGA,KEN,UGA,M-Pesa,Mobile Operator,Mobile phone,Less than one hour,0.5,yes,High,mobile wallet,Mobile money,1.3899999999999997,4.2,5.59,1.1099999999999994,4.2,5.31
330254388,2024_4Q,2024,2024.75,TZARWA,TZA,RWA,Tigo,Mobile Operator,Mobile phone,Less than one hour,0.5,yes,High,mobile wallet,Mobile money,0.6899999999999995,6.99,7.68,0.6499999999999995,6.99,7.64
330255356,2024_4Q,2024,2024.75,KENRWA,KEN,RWA,Dahabshiil,Money Transfer Operator,Agent,Same day,12.0,yes,Low,cash,Cash,2.4000000000000004,0.28,2.68,2.4000000000000004,0.28,2.68
330255357,2024_4Q,2024,2024.75,KENSSD,KEN,SSD,Dahabshiil,Money Transfer Operator,Agent,Same day,12.0,yes,Low,cash,Cash,2.4000000000000004,0.28,2.68,2.4000000000000004,0.28,2.68
330255358,2024_4Q,2024,2024.75,KENUGA,KEN,UGA,Dahabshiil,Money Transfer Operator,Agent,Same day,12.0,yes,Low,cash,Cash,2.4000000000000004,0.28,2.68,2.4000000000000004,0.28,2.68
330255852,2024_4Q,2024,2024.75,KENRWA,KEN,RWA,EcoBank Rapid Transfer,Money Transfer Operator,Bank branch,Same day,12.0,yes,Medium,cash,Bank account transfer,2.88,-0.1,2.78,2.81,-0.1,2.71
330255853,2024_4Q,2024,2024.75,KENRWA,KEN,RWA,EcoBank Rapid Transfer,Money Transfer Operator,Internet,Same day,12.0,yes,Medium,cash,Bank account transfer,2.88,-0.1,2.78,2.81,-0.1,2.71
330255854,2024_4Q,2024,2024.75,KENRWA,KEN,RWA,EcoBank Rapid Transfer,Money Transfer Operator,Bank branch,Same day,12.0,yes,Medium,cash,Cash,2.88,-0.1,2.78,2.81,-0.1,2.71
330255855,2024_4Q,2024,2024.75,KENRWA,KEN,RWA,EcoBank Rapid Transfer,Money Transfer Operator,Internet,Same day,12.0,yes,Medium,cash,Cash,2.88,-0.1,2.78,2.81,-0.1,2.71
330255856,2024_4Q,2024,2024.75,KENSSD,KEN,SSD,EcoBank Rapid Transfer,Money Transfer Operator,Bank branch,Same day,12.0,yes,Low,cash,Bank account transfer,2.88,2.88,5.76,2.8100000000000005,2.88,5.69
330255857,2024_4Q,2024,2024.75,KENSSD,KEN,SSD,EcoBank Rapid Transfer,Money Transfer Operator,Internet,Same day,12.0,yes,Low,cash,Bank account transfer,2.88,2.88,5.76,2.8100000000000005,2.88,5.69
330255858,2024_4Q,2024,2024.75,KENSSD,KEN,SSD,EcoBank Rapid Transfer,Money Transfer Operator,Bank branch,Same day,12.0,yes,Low,cash,Cash,2.88,2.88,5.76,2.8100000000000005,2.88,5.69
330255859,2024_4Q,2024,2024.75,KENSSD,KEN,SSD,EcoBank Rapid Transfer,Money Transfer Operator,Internet,Same day,12.0,yes,Low,cash,Cash,2.88,2.88,5.76,2.8100000000000005,2.88,5.69
330255860,2024_4Q,2024,2024.75,KENTZA,KEN,TZA,EcoBank Rapid Transfer,Money Transfer Operator,Bank branch,Same day,12.0,yes,Medium,cash,Bank account transfer,2.88,2.88,5.76,2.8100000000000005,2.88,5.69
330255861,2024_4Q,2024,2024.75,KENTZA,KEN,TZA,EcoBank Rapid Transfer,Money Transfer Operator,Internet,Same day,12.0,yes,Medium,cash,Bank account transfer,2.88,2.88,5.76,2.8100000000000005,2.88,5.69
330255862,2024_4Q,2024,2024.75,KENTZA,KEN,TZA,EcoBank Rapid Transfer,Money Transfer Operator,Bank branch,Same day,12.0,yes,Medium,cash,Cash,2.88,2.88,5.76,2.8100000000000005,2.88,5.69
330255863,2024_4Q,2024,2024.75,KENTZA,KEN,TZA,EcoBank Rapid Transfer,Money Transfer Operator,Internet,Same day,12.0,yes,Medium,cash,Cash,2.88,2.88,5.76,2.8100000000000005,2.88,5.69
330255864,2024_4Q,2024,2024.75,KENUGA,KEN,UGA,EcoBank Rapid Transfer,Money Transfer Operator,Bank branch,Same day,12.0,yes,Medium,cash,Bank account transfer,2.88,2.88,5.76,2.8100000000000005,2.88,5.69
330255865,2024_4Q,2024,2024.75,KENUGA,KEN,UGA,EcoBank Rapid Transfer,Money Transfer Operator,Internet,Same day,12.0,yes,Medium,cash,Bank account transfer,2.88,2.88,5.76,2.8100000000000005,2.88,5.69
330255866,2024_4Q,2024,2024.75,KENUGA,KEN,UGA,EcoBank Rapid Transfer,Money Transfer Operator,Bank branch,Same day,12.0,yes,Medium,cash,Cash,2.88,2.88,5.76,2.8100000000000005,2.88,5.69
330255867,2024_4Q,2024,2024.75,KENUGA,KEN,UGA,EcoBank Rapid Transfer,Money Transfer Operator,Internet,Same day,12.0,yes,Medium,cash,Cash,2.88,2.88,5.76,2.8100000000000005,2.88,5.69
330256190,2024_4Q,2024,2024.75,RWAKEN,RWA,KEN,BPR Bank Rwanda,Bank,Bank branch,Less than one hour,0.5,yes,High,own/partner bank account,Bank account transfer,32.199999999999996,12.96,45.16,12.879999999999999,12.96,25.84
330256577,2024_4Q,2024,2024.75,RWAKEN,RWA,KEN,WorldRemit,Money Transfer Operator,Internet,Less than one hour,0.5,yes,High,mobile wallet,Credit Card,2.93,3.57,6.5,1.6400000000000001,3.57,5.21
330256578,2024_4Q,2024,2024.75,RWAKEN,RWA,KEN,WorldRemit,Money Transfer Operator,Internet,Less than one hour,0.5,yes,High,mobile wallet,Debit card,2.93,3.57,6.5,1.6400000000000001,3.57,5.21
521250203,2025_1Q,2025,2025.0,KENRWA,KEN,RWA,Western Union,Money Transfer Operator,Agent,Same day,12.0,yes,High,cash,Cash,1.1499999999999995,5.76,6.909999999999999,1.1499999999999995,5.76,6.909999999999999
521250204,2025_1Q,2025,2025.0,KENTZA,KEN,TZA,Western Union,Money Transfer Operator,Agent,Same day,12.0,yes,High,cash,Cash,1.15,1.81,2.96,1.15,1.81,2.96
521250205,2025_1Q,2025,2025.0,KENUGA,KEN,UGA,Western Union,Money Transfer Operator,Agent,Same day,12.0,yes,High,cash,Cash,1.1500000000000004,4.29,5.44,1.1500000000000004,4.29,5.44
521250227,2025_1Q,2025,2025.0,RWAKEN,RWA,KEN,Western Union,Money Transfer Operator,Agent,Less than one hour,0.5,yes,High,cash,Cash,4.0,5.65,9.65,1.5999999999999988,5.65,7.249999999999999
521250738,2025_1Q,2025,2025.0,KENRWA,KEN,RWA,M-Pesa,Mobile Operator,Mobile phone,Less than one hour,0.5,yes,High,cash,Mobile money,1.9400000000000004,6.13,8.07,1.1100000000000003,6.13,7.24
521250739,2025_1Q,2025,2025.0,KENRWA,KEN,RWA,M-Pesa,Mobile Operator,Mobile phone,Less than one hour,0.5,yes,High,mobile wallet,Mobile money,1.9400000000000004,6.13,8.07,1.1100000000000003,6.13,7.24
521251319,2025_1Q,2025,2025.0,TZAUGA,TZA,UGA,CRDB Bank,Bank,Bank branch,Same day,12.0,yes,Medium,bank account,Bank account transfer,68.89,4.38,73.27,27.560000000000002,4.38,31.94
521251320,2025_1Q,2025,2025.0,TZAUGA,TZA,UGA,CRDB Bank,Bank,Internet,Same day,12.0,yes,Medium,bank account,Bank account transfer,68.89,4.38,73.27,27.560000000000002,4.38,31.94
521251341,2025_1Q,2025,2025.0,TZAKEN,TZA,KEN,Exim Bank,Bank,Bank branch,Same day,12.0,yes,Medium,bank account,Bank account transfer,73.22,16.45,89.67,29.3,16.45,45.75
521251342,2025_1Q,2025,2025.0,TZARWA,TZA,RWA,Exim Bank,Bank,Bank branch,Same day,12.0,yes,Medium,bank account,Bank account transfer,73.22,22.15,95.37,29.300000000000004,22.15,51.45
521251749,2025_1Q,2025,2025.0,TZAKEN,TZA,KEN,KCB,Bank,Bank branch,Same day,12.0,yes,High,bank account,Bank account transfer,44.58,16.05,60.63,17.84,16.05,33.89
521251750,2025_1Q,2025,2025.0,TZAKEN,TZA,KEN,KCB,Bank,Call Center,Same day,12.0,yes,High,bank account,Bank account transfer,44.58,16.05,60.63,17.84,16.05,33.89
521252228,2025_1Q,2025,2025.0,KENRWA,KEN,RWA,MoneyGram,Money Transfer Operator,Agent,Less than one hour,0.5,yes,High,cash,Cash,2.2399999999999993,4.4,6.64,1.4099999999999993,4.4,5.81
521252229,2025_1Q,2025,2025.0,KENRWA,KEN,RWA,MoneyGram,Money Transfer Operator,Agent,Same day,12.0,yes,High,mobile wallet,Cash,2.24,5.75,7.99,1.4100000000000001,5.75,7.16
521252230,2025_1Q,2025,2025.0,KENRWA,KEN,RWA,Ecobank,Bank,Bank branch,Same day,12.0,yes,Medium,cash,Cash,33.77,1.62,35.39,13.510000000000002,1.62,15.13
521252231,2025_1Q,2025,2025.0,KENRWA,KEN,RWA,Western Union,Money Transfer Operator,Agent,Same day,12.0,yes,High,cash,Cash,1.15,1.77,2.92,1.15,1.77,2.92
521252232,2025_1Q,2025,2025.0,KENUGA,KEN,UGA,GT Bank,Bank,Bank branch,2 days,48.0,yes,High,bank account,Bank account transfer,10.0,1.77,11.77,4.0,1.77,5.7700000000000005
521252233,2025_1Q,2025,2025.0,KENUGA,KEN,UGA,GT Bank,Bank,Call Center,2 days,48.0,yes,High,bank account,Bank account transfer,10.0,1.77,11.77,4.0,1.77,5.7700000000000005
521252234,2025_1Q,2025,2025.0,KENUGA,KEN,UGA,GT Bank,Bank,Internet,2 days,48.0,yes,High,bank account,Bank account transfer,10.0,1.77,11.77,4.0,1.77,5.7700000000000005
521252235,2025_1Q,2025,2025.0,KENUGA,KEN,UGA,Development Bank of Kenya,Bank,Bank branch,2 days,48.0,yes,High,bank account,Bank account transfer,13.630000000000003,5.72,19.35,5.63,5.72,11.35
521252236,2025_1Q,2025,2025.0,KENUGA,KEN,UGA,Development Bank of Kenya,Bank,Call Center,2 days,48.0,yes,High,bank account,Bank account transfer,13.630000000000003,5.72,19.35,5.63,5.72,11.35
521252237,2025_1Q,2025,2025.0,KENUGA,KEN,UGA,Development Bank of Kenya,Bank,Internet,2 days,48.0,yes,High,bank account,Bank account transfer,13.630000000000003,5.72,19.35,5.63,5.72,11.35
521252238,2025_1Q,2025,2025.0,KENUGA,KEN,UGA,United Bank for Africa (UBA),Bank,Bank branch,Same day,12.0,yes,High,bank account,Bank account transfer,17.6,1.77,19.37,7.040000000000001,1.77,8.81
521252239,2025_1Q,2025,2025.0,KENUGA,KEN,UGA,United Bank for Africa (UBA),Bank,Call Center,Same day,12.0,yes,High,bank account,Bank account transfer,17.6,1.77,19.37,7.040000000000001,1.77,8.81
521252240,2025_1Q,2025,2025.0,KENUGA,KEN,UGA,United Bank for Africa (UBA),Bank,Internet,Same day,12.0,yes,High,bank account,Bank account transfer,17.6,1.77,19.37,7.040000000000001,1.77,8.81
521252241,2025_1Q,2025,2025.0,KENUGA,KEN,UGA,KCB,Bank,Bank branch,2 days,48.0,yes,High,bank account,Bank account transfer,13.33,0.48,13.81,5.33,0.48,5.81
521252242,2025_1Q,2025,2025.0,KENUGA,KEN,UGA,KCB,Bank,Call Center,2 days,48.0,yes,High,bank account,Bank account transfer,13.33,0.48,13.81,5.33,0.48,5.81
521252243,2025_1Q,2025,2025.0,KENUGA,KEN,UGA,KCB,Bank,Internet,2 days,48.0,yes,High,bank account,Bank account transfer,13.33,0.2799999999999999,13.61,5.329999999999999,0.2799999999999999,5.609999999999999
521252244,2025_1Q,2025,2025.0,KENUGA,KEN,UGA,ABC Bank,Bank,Bank branch,2 days,48.0,yes,High,bank account,Bank account transfer,10.0,1.85,11.85,4.0,1.85,5.8500000000000005
521252245,2025_1Q,2025,2025.0,KENUGA,KEN,UGA,ABC Bank,Bank,Call Center,2 days,48.0,yes,High,bank account,Bank account transfer,10.0,1.85,11.85,4.0,1.85,5.8500000000000005
521252246,2025_1Q,2025,2025.0,KENUGA,KEN,UGA,ABC Bank,Bank,Internet,2 days,48.0,yes,High,bank account,Bank account transfer,10.0,1.85,11.85,4.0,1.85,5.8500000000000005
521252247,2025_1Q,2025,2025.0,KENUGA,KEN,UGA,Ecobank,Bank,Bank branch,Same day,12.0,yes,Low,cash,Cash,33.77,1.58,35.35,13.51,1.58,15.09
521252248,2025_1Q,2025,2025.0,KENUGA,KEN,UGA,UBA Africash,Bank,Bank branch,Same day,12.0,yes,Medium,cash,Cash,3.64,1.77,5.41,2.72,1.77,4.49
521252249,2025_1Q,2025,2025.0,KENUGA,KEN,UGA,MoneyGram,Money Transfer Operator,Agent,Less than one hour,0.5,yes,High,cash,Cash,2.24,3.4799999999999995,5.72,1.4100000000000001,3.4799999999999995,4.89
521252250,2025_1Q,2025,2025.0,KENUGA,KEN,UGA,MoneyGram,Money Transfer Operator,Agent,Same day,12.0,yes,High,mobile wallet,Cash,2.2399999999999993,4.15,6.39,1.4099999999999993,4.15,5.56
521252440,2025_1Q,2025,2025.0,TZAKEN,TZA,KEN,NBC,Bank,Bank branch,Same day,12.0,yes,High,bank account,Bank account transfer,68.98,17.080000000000002,86.06,27.599999999999998,17.080000000000002,44.68
521252441,2025_1Q,2025,2025.0,TZAKEN,TZA,KEN,NBC,Bank,Call Center,Same day,12.0,yes,High,bank account,Bank account transfer,68.98,17.080000000000002,86.06,27.169999999999998,17.080000000000002,44.25
521252442,2025_1Q,2025,2025.0,TZAKEN,TZA,KEN,Stanbic Bank,Bank,Bank branch,Same day,12.0,yes,High,bank account,Bank account transfer,64.56,20.66,85.22,25.830000000000002,20.66,46.49
521252443,2025_1Q,2025,2025.0,TZAKEN,TZA,KEN,Stanbic Bank,Bank,Call Center,Same day,12.0,yes,High,bank account,Bank account transfer,64.56,20.66,85.22,25.830000000000002,20.66,46.49
521252444,2025_1Q,2025,2025.0,TZAKEN,TZA,KEN,Western Union,Money Transfer Operator,Agent,Less than one hour,0.5,yes,High,cash,Cash,1.950000000000001,7.199999999999999,9.15,1.950000000000001,7.199999999999999,9.15
521252445,2025_1Q,2025,2025.0,TZAKEN,TZA,KEN,MoneyGram,Money Transfer Operator,Agent,Less than one hour,0.5,yes,High,cash,Cash,4.469999999999999,3.75,8.219999999999999,2.9000000000000004,3.75,6.65
521252446,2025_1Q,2025,2025.0,TZARWA,TZA,RWA,NMB (National Microfinance Bank),Bank,Bank branch,Same day,12.0,yes,High,bank account,Bank account transfer,48.63,24.71,73.34,19.46,24.71,44.17
521252447,2025_1Q,2025,2025.0,TZARWA,TZA,RWA,NMB (National Microfinance Bank),Bank,Call Center,Same day,12.0,yes,High,bank account,Bank account transfer,48.63,24.71,73.34,19.46,24.71,44.17
521252448,2025_1Q,2025,2025.0,TZARWA,TZA,RWA,MoneyGram,Money Transfer Operator,Agent,Less than one hour,0.5,yes,High,cash,Cash,4.470000000000001,4.02,8.49,2.9000000000000004,4.02,6.92
521252449,2025_1Q,2025,2025.0,TZARWA,TZA,RWA,Western Union,Money Transfer Operator,Agent,Less than one hour,0.5,yes,High,cash,Cash,1.9499999999999993,7.140000000000001,9.09,1.9499999999999993,7.140000000000001,9.09
521252450,2025_1Q,2025,2025.0,TZAUGA,TZA,UGA,NBC,Bank,Bank branch,Same day,12.0,yes,High,bank account,Bank account transfer,68.98,21.72,90.7,27.6,21.72,49.32
521252451,2025_1Q,2025,2025.0,TZAUGA,TZA,UGA,NBC,Bank,Call Center,Same day,12.0,yes,High,bank account,Bank account transfer,68.98,21.72,90.7,27.6,21.72,49.32
521252452,2025_1Q,2025,2025.0,TZAUGA,TZA,UGA,NMB (National Microfinance Bank),Bank,Bank branch,Same day,12.0,yes,High,bank account,Bank account transfer,48.629999999999995,21.48,70.11,19.459999999999997,21.48,40.94
521252453,2025_1Q,2025,2025.0,TZAUGA,TZA,UGA,NMB (National Microfinance Bank),Bank,Call Center,Same day,12.0,yes,High,bank account,Bank account transfer,48.629999999999995,21.48,70.11,19.459999999999997,21.48,40.94
521252454,2025_1Q,2025,2025.0,TZAUGA,TZA,UGA,Stanbic Bank,Bank,Bank branch,Same day,12.0,yes,High,bank account,Bank account transfer,64.56,11.52,76.08,25.830000000000002,11.52,37.35
521252455,2025_1Q,2025,2025.0,TZAUGA,TZA,UGA,Stanbic Bank,Bank,Call Center,Same day,12.0,yes,High,bank account,Bank account transfer,64.56,11.52,76.08,25.830000000000002,11.52,37.35
521252456,2025_1Q,2025,2025.0,TZAUGA,TZA,UGA,MoneyGram,Money Transfer Operator,Agent,Less than one hour,0.5,yes,High,cash,Cash,4.470000000000001,3.03,7.5,2.4,3.03,5.43
521252457,2025_1Q,2025,2025.0,TZAUGA,TZA,UGA,Western Union,Money Transfer Operator,Agent,Less than one hour,0.5,yes,High,cash,Cash,2.0,6.43,8.43,2.0,6.43,8.43
521253339,2025_1Q,2025,2025.0,TZAKEN,TZA,KEN,M-Pesa,Mobile Operator,Mobile phone,Less than one hour,0.5,yes,High,mobile wallet,Mobile money,1.0300000000000011,9.86,10.89,0.7700000000000014,9.86,10.63
521253603,2025_1Q,2025,2025.0,KENTZA,KEN,TZA,ABC Bank,Bank,Bank branch,2 days,48.0,yes,Medium,bank account,Bank account transfer,10.0,1.85,11.85,4.0,1.85,5.8500000000000005
521253604,2025_1Q,2025,2025.0,KENTZA,KEN,TZA,ABC Bank,Bank,Call Center,2 days,48.0,yes,Medium,bank account,Bank account transfer,10.0,1.85,11.85,4.0,1.85,5.8500000000000005
521253605,2025_1Q,2025,2025.0,KENTZA,KEN,TZA,ABC Bank,Bank,Internet,2 days,48.0,yes,Medium,bank account,Bank account transfer,10.0,1.85,11.85,4.0,1.85,5.8500000000000005
521253606,2025_1Q,2025,2025.0,KENTZA,KEN,TZA,Development Bank of Kenya,Bank,Bank branch,2 days,48.0,yes,Medium,bank account,Bank account transfer,13.630000000000003,5.72,19.35,5.63,5.72,11.35
521253607,2025_1Q,2025,2025.0,KENTZA,KEN,TZA,Development Bank of Kenya,Bank,Call Center,2 days,48.0,yes,Medium,bank account,Bank account transfer,13.630000000000003,5.72,19.35,5.63,5.72,11.35
521253608,2025_1Q,2025,2025.0,KENTZA,KEN,TZA,Development Bank of Kenya,Bank,Internet,2 days,48.0,yes,Medium,bank account,Bank account transfer,13.630000000000003,5.72,19.35,5.63,5.72,11.35
521253609,2025_1Q,2025,2025.0,KENTZA,KEN,TZA,Ecobank,Bank,Bank branch,Same day,12.0,yes,Low,cash,Cash,33.77,1.58,35.35,13.51,1.58,15.09
521253610,2025_1Q,2025,2025.0,KENTZA,KEN,TZA,GT Bank,Bank,Bank branch,2 days,48.0,yes,Medium,bank account,Bank account transfer,10.0,1.77,11.77,4.0,1.77,5.7700000000000005
521253611,2025_1Q,2025,2025.0,KENTZA,KEN,TZA,GT Bank,Bank,Call Center,2 days,48.0,yes,Medium,bank account,Bank account transfer,10.0,1.77,11.77,4.0,1.77,5.7700000000000005
521253612,2025_1Q,2025,2025.0,KENTZA,KEN,TZA,GT Bank,Bank,Internet,2 days,48.0,yes,Medium,bank account,Bank account transfer,10.0,1.77,11.77,4.0,1.77,5.7700000000000005
521253613,2025_1Q,2025,2025.0,KENTZA,KEN,TZA,KCB,Bank,Bank branch,2 days,48.0,yes,Medium,bank account,Bank account transfer,13.33,0.48,13.81,5.33,0.48,5.81
521253614,2025_1Q,2025,2025.0,KENTZA,KEN,TZA,KCB,Bank,Call Center,2 days,48.0,yes,Medium,bank account,Bank account transfer,13.33,0.48,13.81,5.33,0.48,5.81
521253615,2025_1Q,2025,2025.0,KENTZA,KEN,TZA,KCB,Bank,Internet,2 days,48.0,yes,Medium,bank account,Bank account transfer,13.33,0.2799999999999999,13.61,5.329999999999999,0.2799999999999999,5.609999999999999
521253616,2025_1Q,2025,2025.0,KENTZA,KEN,TZA,MoneyGram,Money Transfer Operator,Agent,Less than one hour,0.5,yes,High,cash,Cash,2.24,5.37,7.61,1.4100000000000001,5.37,6.78
521253617,2025_1Q,2025,2025.0,KENTZA,KEN,TZA,MoneyGram,Money Transfer Operator,Agent,Same day,12.0,yes,High,mobile wallet,Cash,2.2399999999999998,2.11,4.35,1.4100000000000001,2.11,3.52
521253618,2025_1Q,2025,2025.0,KENTZA,KEN,TZA,UBA Africash,Bank,Bank branch,Same day,12.0,yes,Medium,cash,Cash,3.64,1.77,5.41,2.72,1.77,4.49
521253619,2025_1Q,2025,2025.0,KENTZA,KEN,TZA,United Bank for Africa (UBA),Bank,Bank branch,Same day,12.0,yes,Medium,bank account,Bank account transfer,17.6,1.77,19.37,7.040000000000001,1.77,8.81
521253620,2025_1Q,2025,2025.0,KENTZA,KEN,TZA,United Bank for Africa (UBA),Bank,Call Center,Same day,12.0,yes,Medium,bank account,Bank account transfer,17.6,1.77,19.37,7.040000000000001,1.77,8.81
521253621,2025_1Q,2025,2025.0,KENTZA,KEN,TZA,United Bank for Africa (UBA),Bank,Internet,Same day,12.0,yes,Medium,bank account,Bank account transfer,17.6,1.81,19.41,7.039999999999999,1.81,8.85
521254065,2025_1Q,2025,2025.0,KENSSD,KEN,SSD,ABC Bank,Bank,Bank branch,2 days,48.0,yes,Low,bank account,Bank account transfer,10.0,1.85,11.85,4.0,1.85,5.8500000000000005
521254066,2025_1Q,2025,2025.0,KENSSD,KEN,SSD,ABC Bank,Bank,Call Center,2 days,48.0,yes,Low,bank account,Bank account transfer,10.0,1.85,11.85,4.0,1.85,5.8500000000000005
521254067,2025_1Q,2025,2025.0,KENSSD,KEN,SSD,ABC Bank,Bank,Internet,2 days,48.0,yes,Low,bank account,Bank account transfer,10.0,1.85,11.85,4.0,1.85,5.8500000000000005
521254068,2025_1Q,2025,2025.0,KENSSD,KEN,SSD,Development Bank of Kenya,Bank,Bank branch,2 days,48.0,yes,Low,bank account,Bank account transfer,13.630000000000003,5.72,19.35,5.63,5.72,11.35
521254069,2025_1Q,2025,2025.0,KENSSD,KEN,SSD,Development Bank of Kenya,Bank,Call Center,2 days,48.0,yes,Low,bank account,Bank account transfer,13.630000000000003,5.72,19.35,5.63,5.72,11.35
521254070,2025_1Q,2025,2025.0,KENSSD,KEN,SSD,Development Bank of Kenya,Bank,Internet,2 days,48.0,yes,Low,bank account,Bank account transfer,13.630000000000003,5.72,19.35,5.63,5.72,11.35
521254071,2025_1Q,2025,2025.0,KENSSD,KEN,SSD,Ecobank,Bank,Bank branch,Same day,12.0,yes,Low,bank account,Cash,33.77,1.58,35.35,13.51,1.58,15.09
521254072,2025_1Q,2025,2025.0,KENSSD,KEN,SSD,GT Bank,Bank,Bank branch,2 days,48.0,yes,Low,bank account,Bank account transfer,10.0,1.77,11.77,4.0,1.77,5.7700000000000005
521254073,2025_1Q,2025,2025.0,KENSSD,KEN,SSD,GT Bank,Bank,Call Center,2 days,48.0,yes,Low,bank account,Bank account transfer,10.0,1.77,11.77,4.0,1.77,5.7700000000000005
521254074,2025_1Q,2025,2025.0,KENSSD,KEN,SSD,GT Bank,Bank,Internet,2 days,48.0,yes,Low,bank account,Bank account transfer,10.0,1.77,11.77,4.0,1.77,5.7700000000000005
521254075,2025_1Q,2025,2025.0,KENSSD,KEN,SSD,KCB,Bank,Bank branch,2 days,48.0,yes,Low,bank account,Bank account transfer,13.33,0.48,13.81,5.33,0.48,5.81
521254076,2025_1Q,2025,2025.0,KENSSD,KEN,SSD,KCB,Bank,Call Center,2 days,48.0,yes,Low,bank account,Bank account transfer,13.33,0.48,13.81,5.33,0.48,5.81
521254077,2025_1Q,2025,2025.0,KENSSD,KEN,SSD,KCB,Bank,Internet,2 days,48.0,yes,Low,bank account,Bank account transfer,13.33,0.2799999999999999,13.61,5.329999999999999,0.2799999999999999,5.609999999999999
521254078,2025_1Q,2025,2025.0,KENSSD,KEN,SSD,MoneyGram,Money Transfer Operator,Agent,Less than one hour,0.5,yes,High,cash,Cash,2.24,2.91,5.15,1.4100000000000001,2.91,4.32
521254079,2025_1Q,2025,2025.0,KENSSD,KEN,SSD,MoneyGram,Money Transfer Operator,Agent,Same day,12.0,yes,High,mobile wallet,Cash,2.24,1.66,3.9,1.4100000000000004,1.66,3.0700000000000003
521254080,2025_1Q,2025,2025.0,KENSSD,KEN,SSD,United Bank for Africa (UBA),Bank,Bank branch,Same day,12.0,yes,Low,bank account,Bank account transfer,17.6,1.77,19.37,7.040000000000001,1.77,8.81
521254081,2025_1Q,2025,2025.0,KENSSD,KEN,SSD,United Bank for Africa (UBA),Bank,Call Center,Same day,12.0,yes,Low,bank account,Bank account transfer,17.6,1.77,19.37,7.040000000000001,1.77,8.81
521254082,2025_1Q,2025,2025.0,KENSSD,KEN,SSD,United Bank for Africa (UBA),Bank,Internet,Same day,12.0,yes,Low,bank account,Bank account transfer,17.6,1.81,19.41,7.039999999999999,1.81,8.85
521254083,2025_1Q,2025,2025.0,KENSSD,KEN,SSD,Western Union,Money Transfer Operator,Agent,Same day,12.0,yes,Low,cash,Cash,1.15,1.77,2.92,1.15,1.77,2.92
521254221,2025_1Q,2025,2025.0,RWAKEN,RWA,KEN,Ecobank RapidCash,Bank,Bank branch,Less than one hour,0.5,yes,High,bank account,Bank account transfer,1.13,3.38,4.51,1.0,3.38,4.38
521254222,2025_1Q,2025,2025.0,RWAKEN,RWA,KEN,Ecobank RapidCash,Bank,Internet,Less than one hour,0.5,yes,High,bank account,Bank account transfer,1.1300000000000003,3.03,4.16,1.0000000000000004,3.03,4.03
521254223,2025_1Q,2025,2025.0,RWAKEN,RWA,KEN,BPR Bank Rwanda,Bank,Bank branch,Less than one hour,0.5,yes,High,own/partner bank account,Cash,33.0,13.170000000000002,46.17,13.2,13.170000000000002,26.37
521254224,2025_1Q,2025,2025.0,RWAKEN,RWA,KEN,MoneyGram,Money Transfer Operator,Agent,Less than one hour,0.5,yes,High,cash,Cash,3.33,3.05,6.38,3.2,3.05,6.25
521254225,2025_1Q,2025,2025.0,RWAKEN,RWA,KEN,MTN Mobile Money,Mobile Operator,Mobile phone,Less than one hour,0.5,yes,High,mobile wallet,Mobile money,1.33,5.66,6.99,1.2800000000000002,5.66,6.94
521254404,2025_1Q,2025,2025.0,KENTZA,KEN,TZA,M-Pesa,Mobile Operator,Mobile phone,Less than one hour,0.5,yes,High,cash,Mobile money,1.94,0.04,1.98,1.1099999999999999,0.04,1.15
521254405,2025_1Q,2025,2025.0,KENTZA,KEN,TZA,M-Pesa,Mobile Operator,Mobile phone,Less than one hour,0.5,yes,High,mobile wallet,Mobile money,1.94,0.04,1.98,1.1099999999999999,0.04,1.15
521254406,2025_1Q,2025,2025.0,KENUGA,KEN,UGA,M-Pesa,Mobile Operator,Mobile phone,Less than one hour,0.5,yes,High,cash,Mobile money,1.9400000000000013,4.569999999999999,6.510000000000001,1.1100000000000012,4.569999999999999,5.680000000000001
521254407,2025_1Q,2025,2025.0,KENUGA,KEN,UGA,M-Pesa,Mobile Operator,Mobile phone,Less than one hour,0.5,yes,High,mobile wallet,Mobile money,1.9400000000000013,4.569999999999999,6.510000000000001,1.1100000000000012,4.569999999999999,5.680000000000001
521254419,2025_1Q,2025,2025.0,TZARWA,TZA,RWA,Tigo,Mobile Operator,Mobile phone,Less than one hour,0.5,yes,High,mobile wallet,Mobile money,0.6900000000000004,5.319999999999999,6.01,0.6500000000000012,5.319999999999999,5.970000000000001
521255375,2025_1Q,2025,2025.0,KENRWA,KEN,RWA,Dahabshiil,Money Transfer Operator,Agent,Same day,12.0,yes,Low,cash,Cash,2.3,0.48,2.78,2.3,0.48,2.78
521255376,2025_1Q,2025,2025.0,KENSSD,KEN,SSD,Dahabshiil,Money Transfer Operator,Agent,Same day,12.0,yes,Low,cash,Cash,2.3,0.48,2.78,2.3,0.48,2.78
521255377,2025_1Q,2025,2025.0,KENUGA,KEN,UGA,Dahabshiil,Money Transfer Operator,Agent,Same day,12.0,yes,Low,cash,Cash,2.3,0.48,2.78,2.3,0.48,2.78
521255866,2025_1Q,2025,2025.0,KENRWA,KEN,RWA,EcoBank Rapid Transfer,Bank,Bank branch,Same day,12.0,yes,Medium,cash,Bank account transfer,2.8800000000000003,-0.08,2.8000000000000003,2.81,-0.08,2.73
521255867,2025_1Q,2025,2025.0,KENRWA,KEN,RWA,EcoBank Rapid Transfer,Bank,Internet,Same day,12.0,yes,Medium,cash,Bank account transfer,2.8800000000000003,-0.08,2.8000000000000003,2.81,-0.08,2.73
521255868,2025_1Q,2025,2025.0,KENRWA,KEN,RWA,EcoBank Rapid Transfer,Bank,Bank branch,Same day,12.0,yes,Medium,cash,Cash,2.8800000000000003,-0.08,2.8000000000000003,2.81,-0.08,2.73
521255869,2025_1Q,2025,2025.0,KENRWA,KEN,RWA,EcoBank Rapid Transfer,Bank,Internet,Same day,12.0,yes,Medium,cash,Cash,2.8800000000000003,-0.08,2.8000000000000003,2.81,-0.08,2.73
521255870,2025_1Q,2025,2025.0,KENSSD,KEN,SSD,EcoBank Rapid Transfer,Bank,Bank branch,Same day,12.0,yes,Low,cash,Bank account transfer,2.8800000000000003,1.85,4.73,2.81,1.85,4.66
521255871,2025_1Q,2025,2025.0,KENSSD,KEN,SSD,EcoBank Rapid Transfer,Bank,Internet,Same day,12.0,yes,Low,cash,Bank account transfer,2.8800000000000003,1.85,4.73,2.81,1.85,4.66
521255872,2025_1Q,2025,2025.0,KENSSD,KEN,SSD,EcoBank Rapid Transfer,Bank,Bank branch,Same day,12.0,yes,Low,cash,Cash,2.8800000000000003,1.85,4.73,2.81,1.85,4.66
521255873,2025_1Q,2025,2025.0,KENSSD,KEN,SSD,EcoBank Rapid Transfer,Bank,Internet,Same day,12.0,yes,Low,cash,Cash,2.8800000000000003,1.85,4.73,2.81,1.85,4.66
521255874,2025_1Q,2025,2025.0,KENTZA,KEN,TZA,EcoBank Rapid Transfer,Bank,Bank branch,Same day,12.0,yes,Medium,cash,Bank account transfer,2.8800000000000003,1.85,4.73,2.81,1.85,4.66
521255875,2025_1Q,2025,2025.0,KENTZA,KEN,TZA,EcoBank Rapid Transfer,Bank,Internet,Same day,12.0,yes,Medium,cash,Bank account transfer,2.8800000000000003,1.85,4.73,2.81,1.85,4.66
521255876,2025_1Q,2025,2025.0,KENTZA,KEN,TZA,EcoBank Rapid Transfer,Bank,Bank branch,Same day,12.0,yes,Medium,cash,Cash,2.8800000000000003,1.85,4.73,2.81,1.85,4.66
521255877,2025_1Q,2025,2025.0,KENTZA,KEN,TZA,EcoBank Rapid Transfer,Bank,Internet,Same day,12.0,yes,Medium,cash,Cash,2.8800000000000003,1.85,4.73,2.81,1.85,4.66
521255878,2025_1Q,2025,2025.0,KENUGA,KEN,UGA,EcoBank Rapid Transfer,Bank,Bank branch,Same day,12.0,yes,Medium,cash,Bank account transfer,2.8800000000000003,1.85,4.73,2.81,1.85,4.66
521255879,2025_1Q,2025,2025.0,KENUGA,KEN,UGA,EcoBank Rapid Transfer,Bank,Internet,Same day,12.0,yes,Medium,cash,Bank account transfer,2.8800000000000003,1.85,4.73,2.81,1.85,4.66
521255880,2025_1Q,2025,2025.0,KENUGA,KEN,UGA,EcoBank Rapid Transfer,Bank,Bank branch,Same day,12.0,yes,Medium,cash,Cash,2.8800000000000003,1.85,4.73,2.81,1.85,4.66
521255881,2025_1Q,2025,2025.0,KENUGA,KEN,UGA,EcoBank Rapid Transfer,Bank,Internet,Same day,12.0,yes,Medium,cash,Cash,2.8800000000000003,1.85,4.73,2.81,1.85,4.66
521256197,2025_1Q,2025,2025.0,RWAKEN,RWA,KEN,BPR Bank Rwanda,Bank,Bank branch,Less than one hour,0.5,yes,High,own/partner bank account,Bank account transfer,33.0,13.170000000000002,46.17,13.2,13.170000000000002,26.37
1212253509,2025_3Q,2025,2025.5,KENRWA,KEN,RWA,Dahabshiil,Money Transfer Operator,Agent,Same day,12.0,yes,Low,cash,Cash,2.3,0.55,2.85,2.37,0.55,2.92
1212253510,2025_3Q,2025,2025.5,KENUGA,KEN,UGA,Dahabshiil,Money Transfer Operator,Agent,Same day,12.0,yes,Low,cash,Cash,2.3,0.55,2.85,2.37,0.55,2.92
1212253511,2025_3Q,2025,2025.5,KENSSD,KEN,SSD,Dahabshiil,Money Transfer Operator,Agent,Same day,12.0,yes,Low,cash,Cash,2.3,0.55,2.85,2.37,0.55,2.92
1212253512,2025_3Q,2025,2025.5,KENTZA,KEN,TZA,M-Pesa,Mobile Operator,Mobile phone,Less than one hour,0.5,yes,High,cash,Mobile money,1.9399999999999995,8.64,10.58,1.1099999999999994,8.64,9.75
1212253513,2025_3Q,2025,2025.5,KENUGA,KEN,UGA,M-Pesa,Mobile Operator,Mobile phone,Less than one hour,0.5,yes,High,mobile wallet,Mobile money,1.9399999999999995,4.23,6.17,1.1099999999999994,4.23,5.34
1212253514,2025_3Q,2025,2025.5,KENTZA,KEN,TZA,M-Pesa,Mobile Operator,Mobile phone,Less than one hour,0.5,yes,High,mobile wallet,Mobile money,1.9399999999999995,8.64,10.58,1.1099999999999994,8.64,9.75
1212253515,2025_3Q,2025,2025.5,KENRWA,KEN,RWA,M-Pesa,Mobile Operator,Mobile phone,Less than one hour,0.5,yes,High,cash,Mobile money,1.9400000000000004,4.67,6.61,1.1100000000000003,4.67,5.78
1212253516,2025_3Q,2025,2025.5,KENRWA,KEN,RWA,M-Pesa,Mobile Operator,Mobile phone,Less than one hour,0.5,yes,High,mobile wallet,Mobile money,1.9400000000000004,4.67,6.61,1.1100000000000003,4.67,5.78
1212253517,2025_3Q,2025,2025.5,KENUGA,KEN,UGA,M-Pesa,Mobile Operator,Mobile phone,Less than one hour,0.5,yes,High,cash,Mobile money,1.9399999999999995,4.23,6.17,1.1099999999999994,4.23,5.34
1212253518,2025_3Q,2025,2025.5,KENSSD,KEN,SSD,KCB,Bank,Call Center,2 days,48.0,yes,Low,bank account,Bank account transfer,13.33,1.81,15.14,5.33,1.81,7.14
1212253519,2025_3Q,2025,2025.5,KENSSD,KEN,SSD,KCB,Bank,Bank branch,2 days,48.0,yes,Low,bank account,Bank account transfer,13.33,1.81,15.14,5.33,1.81,7.14
1212253520,2025_3Q,2025,2025.5,KENTZA,KEN,TZA,KCB,Bank,Call Center,2 days,48.0,yes,Medium,bank account,Bank account transfer,13.33,1.81,15.14,5.33,1.81,7.14
1212253521,2025_3Q,2025,2025.5,KENSSD,KEN,SSD,KCB,Bank,Internet,2 days,48.0,yes,Low,bank account,Bank account transfer,13.33,1.81,15.14,5.33,1.81,7.14
1212253522,2025_3Q,2025,2025.5,KENTZA,KEN,TZA,KCB,Bank,Internet,2 days,48.0,yes,Medium,bank account,Bank account transfer,13.33,1.81,15.14,5.33,1.81,7.14
1212253523,2025_3Q,2025,2025.5,KENUGA,KEN,UGA,KCB,Bank,Call Center,2 days,48.0,yes,High,bank account,Bank account transfer,13.33,1.81,15.14,5.33,1.81,7.14
1212253524,2025_3Q,2025,2025.5,KENUGA,KEN,UGA,KCB,Bank,Bank branch,2 days,48.0,yes,High,bank account,Bank account transfer,13.33,1.81,15.14,5.33,1.81,7.14
1212253525,2025_3Q,2025,2025.5,KENTZA,KEN,TZA,KCB,Bank,Bank branch,2 days,48.0,yes,Medium,bank account,Bank account transfer,13.33,1.81,15.14,5.33,1.81,7.14
1212253526,2025_3Q,2025,2025.5,KENUGA,KEN,UGA,KCB,Bank,Internet,2 days,48.0,yes,High,bank account,Bank account transfer,13.33,1.81,15.14,5.33,1.81,7.14
1212253527,2025_3Q,2025,2025.5,KENUGA,KEN,UGA,United Bank for Africa (UBA),Bank,Bank branch,2 days,48.0,yes,High,bank account,Bank account transfer,16.93,3.1,20.03,6.77,3.1,9.87
1212253528,2025_3Q,2025,2025.5,KENSSD,KEN,SSD,United Bank for Africa (UBA),Bank,Bank branch,2 days,48.0,yes,Low,bank account,Bank account transfer,16.93,3.1,20.03,6.77,3.1,9.87
1212253529,2025_3Q,2025,2025.5,KENTZA,KEN,TZA,United Bank for Africa (UBA),Bank,Bank branch,2 days,48.0,yes,Medium,bank account,Bank account transfer,16.93,3.1,20.03,6.77,3.1,9.87
1212253530,2025_3Q,2025,2025.5,KENSSD,KEN,SSD,United Bank for Africa (UBA),Bank,Internet,2 days,48.0,yes,Low,bank account,Bank account transfer,16.93,3.1,20.03,6.77,3.1,9.87
1212253531,2025_3Q,2025,2025.5,KENUGA,KEN,UGA,United Bank for Africa (UBA),Bank,Call Center,2 days,48.0,yes,High,bank account,Bank account transfer,16.93,3.1,20.03,6.77,3.1,9.87
1212253532,2025_3Q,2025,2025.5,KENUGA,KEN,UGA,United Bank for Africa (UBA),Bank,Internet,2 days,48.0,yes,High,bank account,Bank account transfer,16.93,3.1,20.03,6.77,3.1,9.87
1212253533,2025_3Q,2025,2025.5,KENTZA,KEN,TZA,United Bank for Africa (UBA),Bank,Internet,2 days,48.0,yes,Medium,bank account,Bank account transfer,16.93,3.1,20.03,6.77,3.1,9.87
1212253534,2025_3Q,2025,2025.5,KENSSD,KEN,SSD,United Bank for Africa (UBA),Bank,Call Center,2 days,48.0,yes,Low,bank account,Bank account transfer,16.93,3.1,20.03,6.77,3.1,9.87
1212253535,2025_3Q,2025,2025.5,KENTZA,KEN,TZA,United Bank for Africa (UBA),Bank,Call Center,2 days,48.0,yes,Medium,bank account,Bank account transfer,16.93,3.1,20.03,6.77,3.1,9.87
1212253536,2025_3Q,2025,2025.5,KENSSD,KEN,SSD,Ecobank,Bank,Bank branch,Same day,12.0,yes,Low,bank account,Cash,33.699999999999996,1.81,35.51,13.479999999999999,1.81,15.29
1212253537,2025_3Q,2025,2025.5,KENTZA,KEN,TZA,Ecobank,Bank,Bank branch,Same day,12.0,yes,Low,cash,Cash,33.699999999999996,1.81,35.51,13.479999999999999,1.81,15.29
1212253538,2025_3Q,2025,2025.5,KENRWA,KEN,RWA,Ecobank,Bank,Bank branch,Same day,12.0,yes,Medium,cash,Cash,33.699999999999996,1.81,35.51,13.479999999999999,1.81,15.29
1212253539,2025_3Q,2025,2025.5,KENUGA,KEN,UGA,Ecobank,Bank,Bank branch,Same day,12.0,yes,Low,cash,Cash,33.699999999999996,1.81,35.51,13.479999999999999,1.81,15.29
1212253540,2025_3Q,2025,2025.5,KENSSD,KEN,SSD,ABC Bank,Bank,Bank branch,2 days,48.0,yes,Low,bank account,Bank account transfer,10.0,1.81,11.81,3.9999999999999996,1.81,5.81
1212253541,2025_3Q,2025,2025.5,KENUGA,KEN,UGA,ABC Bank,Bank,Internet,2 days,48.0,yes,High,bank account,Bank account transfer,10.0,1.81,11.81,3.9999999999999996,1.81,5.81
1212253542,2025_3Q,2025,2025.5,KENUGA,KEN,UGA,ABC Bank,Bank,Bank branch,2 days,48.0,yes,High,bank account,Bank account transfer,10.0,1.81,11.81,3.9999999999999996,1.81,5.81
1212253543,2025_3Q,2025,2025.5,KENSSD,KEN,SSD,ABC Bank,Bank,Internet,2 days,48.0,yes,Low,bank account,Bank account transfer,10.0,1.81,11.81,3.9999999999999996,1.81,5.81
1212253544,2025_3Q,2025,2025.5,KENSSD,KEN,SSD,ABC Bank,Bank,Call Center,2 days,48.0,yes,Low,bank account,Bank account transfer,10.0,1.81,11.81,3.9999999999999996,1.81,5.81
1212253545,2025_3Q,2025,2025.5,KENTZA,KEN,TZA,ABC Bank,Bank,Call Center,2 days,48.0,yes,Medium,bank account,Bank account transfer,10.0,1.81,11.81,3.9999999999999996,1.81,5.81
1212253546,2025_3Q,2025,2025.5,KENTZA,KEN,TZA,ABC Bank,Bank,Bank branch,2 days,48.0,yes,Medium,bank account,Bank account transfer,10.0,1.81,11.81,3.9999999999999996,1.81,5.81
1212253547,2025_3Q,2025,2025.5,KENUGA,KEN,UGA,ABC Bank,Bank,Call Center,2 days,48.0,yes,High,bank account,Bank account transfer,10.0,1.81,11.81,3.9999999999999996,1.81,5.81
1212253548,2025_3Q,2025,2025.5,KENTZA,KEN,TZA,ABC Bank,Bank,Internet,2 days,48.0,yes,Medium,bank account,Bank account transfer,10.0,1.81,11.81,3.9999999999999996,1.81,5.81
1212253549,2025_3Q,2025,2025.5,KENUGA,KEN,UGA,UBA Africash,Bank,Bank branch,Less than one hour,0.5,yes,Medium,cash,Cash,3.64,3.14,6.78,2.4899999999999998,3.14,5.63
1212253550,2025_3Q,2025,2025.5,KENTZA,KEN,TZA,UBA Africash,Bank,Bank branch,Less than one hour,0.5,yes,Medium,cash,Cash,3.64,3.14,6.78,2.4899999999999998,3.14,5.63
1212253551,2025_3Q,2025,2025.5,KENUGA,KEN,UGA,Development Bank of Kenya,Bank,Internet,2 days,48.0,yes,High,bank account,Bank account transfer,13.63,5.65,19.28,5.629999999999999,5.65,11.28
1212253552,2025_3Q,2025,2025.5,KENSSD,KEN,SSD,Development Bank of Kenya,Bank,Bank branch,2 days,48.0,yes,Low,bank account,Bank account transfer,13.63,5.65,19.28,5.629999999999999,5.65,11.28
1212253553,2025_3Q,2025,2025.5,KENSSD,KEN,SSD,Development Bank of Kenya,Bank,Internet,2 days,48.0,yes,Low,bank account,Bank account transfer,13.63,5.65,19.28,5.629999999999999,5.65,11.28
1212253554,2025_3Q,2025,2025.5,KENSSD,KEN,SSD,Development Bank of Kenya,Bank,Call Center,2 days,48.0,yes,Low,bank account,Bank account transfer,13.63,5.65,19.28,5.629999999999999,5.65,11.28
1212253555,2025_3Q,2025,2025.5,KENUGA,KEN,UGA,Development Bank of Kenya,Bank,Bank branch,2 days,48.0,yes,High,bank account,Bank account transfer,13.63,5.65,19.28,5.629999999999999,5.65,11.28
1212253556,2025_3Q,2025,2025.5,KENTZA,KEN,TZA,Development Bank of Kenya,Bank,Internet,2 days,48.0,yes,Medium,bank account,Bank account transfer,13.63,5.65,19.28,5.629999999999999,5.65,11.28
1212253557,2025_3Q,2025,2025.5,KENTZA,KEN,TZA,Development Bank of Kenya,Bank,Bank branch,2 days,48.0,yes,Medium,bank account,Bank account transfer,13.63,5.65,19.28,5.629999999999999,5.65,11.28
1212253558,2025_3Q,2025,2025.5,KENUGA,KEN,UGA,Development Bank of Kenya,Bank,Call Center,2 days,48.0,yes,High,bank account,Bank account transfer,13.63,5.65,19.28,5.629999999999999,5.65,11.28
1212253559,2025_3Q,2025,2025.5,KENTZA,KEN,TZA,Development Bank of Kenya,Bank,Call Center,2 days,48.0,yes,Medium,bank account,Bank account transfer,13.63,5.65,19.28,5.629999999999999,5.65,11.28
1212253560,2025_3Q,2025,2025.5,KENTZA,KEN,TZA,Western Union,Money Transfer Operator,Agent,Less than one hour,0.5,yes,High,cash,Cash,1.15,-0.69,0.46,1.15,-0.69,0.46
1212253561,2025_3Q,2025,2025.5,KENUGA,KEN,UGA,Western Union,Money Transfer Operator,Agent,Less than one hour,0.5,yes,High,cash,Cash,1.1499999999999995,4.65,5.8,1.1499999999999995,4.65,5.8
1212253562,2025_3Q,2025,2025.5,KENRWA,KEN,RWA,Western Union,Money Transfer Operator,Agent,Less than one hour,0.5,yes,High,cash,Cash,1.1500000000000004,4.05,5.2,1.1500000000000004,4.05,5.2
1212253563,2025_3Q,2025,2025.5,KENSSD,KEN,SSD,Western Union,Money Transfer Operator,Agent,Less than one hour,0.5,yes,Low,cash,Cash,1.1500000000000004,5.68,6.83,1.1500000000000004,5.68,6.83
1212253564,2025_3Q,2025,2025.5,KENTZA,KEN,TZA,MoneyGram,Money Transfer Operator,Agent,Less than one hour,0.5,yes,High,cash,Cash,1.9399999999999995,4.32,6.26,1.2199999999999998,4.32,5.54
1212253565,2025_3Q,2025,2025.5,KENSSD,KEN,SSD,MoneyGram,Money Transfer Operator,Agent,Less than one hour,0.5,yes,High,cash,Cash,1.94,0.52,2.46,1.22,0.52,1.74
1212253566,2025_3Q,2025,2025.5,KENUGA,KEN,UGA,MoneyGram,Money Transfer Operator,Agent,Less than one hour,0.5,yes,High,cash,Cash,1.9400000000000004,2.51,4.45,1.2200000000000002,2.51,3.73
1212253567,2025_3Q,2025,2025.5,KENUGA,KEN,UGA,MoneyGram,Money Transfer Operator,Agent,Less than one hour,0.5,yes,High,mobile wallet,Cash,1.9400000000000004,2.51,4.45,1.2200000000000002,2.51,3.73
1212253568,2025_3Q,2025,2025.5,KENTZA,KEN,TZA,MoneyGram,Money Transfer Operator,Agent,Less than one hour,0.5,yes,High,mobile wallet,Cash,1.9399999999999995,4.32,6.26,1.2199999999999998,4.32,5.54
1212253569,2025_3Q,2025,2025.5,KENSSD,KEN,SSD,MoneyGram,Money Transfer Operator,Agent,Less than one hour,0.5,yes,High,mobile wallet,Cash,1.94,0.52,2.46,1.22,0.52,1.74
1212253570,2025_3Q,2025,2025.5,KENUGA,KEN,UGA,GT Bank,Bank,Bank branch,Next day,24.0,yes,High,bank account,Bank account transfer,16.380000000000003,1.81,18.19,6.549999999999999,1.81,8.36
1212253571,2025_3Q,2025,2025.5,KENSSD,KEN,SSD,GT Bank,Bank,Bank branch,Next day,24.0,yes,Low,bank account,Bank account transfer,16.380000000000003,1.81,18.19,6.549999999999999,1.81,8.36
1212253572,2025_3Q,2025,2025.5,KENTZA,KEN,TZA,GT Bank,Bank,Call Center,Next day,24.0,yes,Medium,bank account,Bank account transfer,16.380000000000003,1.81,18.19,6.549999999999999,1.81,8.36
1212253573,2025_3Q,2025,2025.5,KENSSD,KEN,SSD,GT Bank,Bank,Call Center,Next day,24.0,yes,Low,bank account,Bank account transfer,16.380000000000003,1.81,18.19,6.549999999999999,1.81,8.36
1212253574,2025_3Q,2025,2025.5,KENTZA,KEN,TZA,GT Bank,Bank,Bank branch,Next day,24.0,yes,Medium,bank account,Bank account transfer,16.380000000000003,1.81,18.19,6.549999999999999,1.81,8.36
1212253575,2025_3Q,2025,2025.5,KENTZA,KEN,TZA,GT Bank,Bank,Internet,Next day,24.0,yes,Medium,bank account,Bank account transfer,16.380000000000003,1.81,18.19,6.549999999999999,1.81,8.36
1212253576,2025_3Q,2025,2025.5,KENUGA,KEN,UGA,GT Bank,Bank,Call Center,Next day,24.0,yes,High,bank account,Bank account transfer,16.380000000000003,1.81,18.19,6.549999999999999,1.81,8.36
1212253577,2025_3Q,2025,2025.5,KENUGA,KEN,UGA,GT Bank,Bank,Internet,Next day,24.0,yes,High,bank account,Bank account transfer,16.380000000000003,1.81,18.19,6.549999999999999,1.81,8.36
1212253578,2025_3Q,2025,2025.5,KENSSD,KEN,SSD,GT Bank,Bank,Internet,Next day,24.0,yes,Low,bank account,Bank account transfer,16.380000000000003,1.81,18.19,6.549999999999999,1.81,8.36
1212253579,2025_3Q,2025,2025.5,KENRWA,KEN,RWA,MoneyGram,Money Transfer Operator,Agent,Less than one hour,0.5,yes,High,mobile wallet,Cash,1.94,3.9,5.84,1.2200000000000002,3.9,5.12
1212253580,2025_3Q,2025,2025.5,KENRWA,KEN,RWA,MoneyGram,Money Transfer Operator,Agent,Less than one hour,0.5,yes,High,cash,Cash,1.94,3.9,5.84,1.2200000000000002,3.9,5.12
1212253581,2025_3Q,2025,2025.5,KENRWA,KEN,RWA,Western Union,Money Transfer Operator,Agent,Less than one hour,0.5,yes,High,cash,Cash,1.1500000000000004,4.39,5.54,1.1500000000000004,4.39,5.54
1212253582,2025_3Q,2025,2025.5,KENSSD,KEN,SSD,EcoBank Rapid Transfer,Bank,Bank branch,Less than one hour,0.5,yes,Low,cash,Cash,2.8800000000000003,1.81,4.69,2.81,1.81,4.62
1212253583,2025_3Q,2025,2025.5,KENTZA,KEN,TZA,EcoBank Rapid Transfer,Bank,Bank branch,Less than one hour,0.5,yes,Medium,cash,Cash,2.8800000000000003,1.81,4.69,2.81,1.81,4.62
1212253584,2025_3Q,2025,2025.5,KENTZA,KEN,TZA,EcoBank Rapid Transfer,Bank,Bank branch,Less than one hour,0.5,yes,Medium,cash,Bank account transfer,2.8800000000000003,1.81,4.69,2.81,1.81,4.62
1212253585,2025_3Q,2025,2025.5,KENSSD,KEN,SSD,EcoBank Rapid Transfer,Bank,Internet,Less than one hour,0.5,yes,Low,cash,Bank account transfer,2.8800000000000003,1.81,4.69,2.81,1.81,4.62
1212253586,2025_3Q,2025,2025.5,KENUGA,KEN,UGA,EcoBank Rapid Transfer,Bank,Internet,Less than one hour,0.5,yes,Medium,cash,Bank account transfer,2.8800000000000003,1.81,4.69,2.81,1.81,4.62
1212253587,2025_3Q,2025,2025.5,KENUGA,KEN,UGA,EcoBank Rapid Transfer,Bank,Bank branch,Less than one hour,0.5,yes,Medium,cash,Cash,2.8800000000000003,1.81,4.69,2.81,1.81,4.62
1212253588,2025_3Q,2025,2025.5,KENSSD,KEN,SSD,EcoBank Rapid Transfer,Bank,Bank branch,Less than one hour,0.5,yes,Low,cash,Bank account transfer,2.8800000000000003,1.81,4.69,2.81,1.81,4.62
1212253589,2025_3Q,2025,2025.5,KENUGA,KEN,UGA,EcoBank Rapid Transfer,Bank,Bank branch,Less than one hour,0.5,yes,Medium,cash,Bank account transfer,2.8800000000000003,1.81,4.69,2.81,1.81,4.62
1212253590,2025_3Q,2025,2025.5,KENTZA,KEN,TZA,EcoBank Rapid Transfer,Bank,Internet,Less than one hour,0.5,yes,Medium,cash,Bank account transfer,2.8800000000000003,1.81,4.69,2.81,1.81,4.62
1212253591,2025_3Q,2025,2025.5,KENTZA,KEN,TZA,EcoBank Rapid Transfer,Bank,Internet,Less than one hour,0.5,yes,Medium,cash,Cash,2.8800000000000003,1.81,4.69,2.81,1.81,4.62
1212253592,2025_3Q,2025,2025.5,KENSSD,KEN,SSD,EcoBank Rapid Transfer,Bank,Internet,Less than one hour,0.5,yes,Low,cash,Cash,2.8800000000000003,1.81,4.69,2.81,1.81,4.62
1212253593,2025_3Q,2025,2025.5,KENRWA,KEN,RWA,EcoBank Rapid Transfer,Bank,Internet,Less than one hour,0.5,yes,Medium,cash,Cash,2.88,1.0,3.88,2.81,1.0,3.81
1212253594,2025_3Q,2025,2025.5,KENRWA,KEN,RWA,EcoBank Rapid Transfer,Bank,Bank branch,Less than one hour,0.5,yes,Medium,cash,Bank account transfer,2.88,1.0,3.88,2.81,1.0,3.81
1212253595,2025_3Q,2025,2025.5,KENUGA,KEN,UGA,EcoBank Rapid Transfer,Bank,Internet,Less than one hour,0.5,yes,Medium,cash,Cash,2.8800000000000003,1.85,4.73,2.81,1.85,4.66
1212253596,2025_3Q,2025,2025.5,KENRWA,KEN,RWA,EcoBank Rapid Transfer,Bank,Bank branch,Less than one hour,0.5,yes,Medium,cash,Cash,2.88,1.0,3.88,2.81,1.0,3.81
1212253597,2025_3Q,2025,2025.5,KENRWA,KEN,RWA,EcoBank Rapid Transfer,Bank,Internet,Less than one hour,0.5,yes,Medium,cash,Bank account transfer,2.88,1.0,3.88,2.81,1.0,3.81
1212254596,2025_3Q,2025,2025.5,RWAKEN,RWA,KEN,MTN Mobile Money,Mobile Operator,Mobile phone,Less than one hour,0.5,yes,High,mobile wallet,Mobile money,1.33,5.81,7.14,1.2800000000000002,5.81,7.09
1212254597,2025_3Q,2025,2025.5,RWAKEN,RWA,KEN,Ecobank RapidCash,Bank,Internet,Less than one hour,0.5,yes,High,bank account,Bank account transfer,1.13,1.25,2.38,1.0,1.25,2.25
1212254598,2025_3Q,2025,2025.5,RWAKEN,RWA,KEN,BPR Bank Rwanda,Bank,Bank branch,Next day,24.0,yes,High,own/partner bank account,Cash,33.88,11.9,45.78,13.549999999999999,11.9,25.45
1212254599,2025_3Q,2025,2025.5,RWAKEN,RWA,KEN,Ecobank RapidCash,Bank,Bank branch,Same day,12.0,yes,High,bank account,Bank account transfer,33.71,1.23,34.94,13.83,1.23,15.06
1212254600,2025_3Q,2025,2025.5,RWAKEN,RWA,KEN,MoneyGram,Money Transfer Operator,Agent,Less than one hour,0.5,yes,High,cash,Cash,3.3299999999999996,3.39,6.72,3.1999999999999997,3.39,6.59
1212254601,2025_3Q,2025,2025.5,RWAKEN,RWA,KEN,Western Union,Money Transfer Operator,Agent,Less than one hour,0.5,yes,High,cash,Cash,9.5,5.69,15.19,6.8,5.69,12.49
1212254602,2025_3Q,2025,2025.5,RWAKEN,RWA,KEN,BPR Bank Rwanda,Bank,Bank branch,Less than one hour,0.5,yes,High,own/partner bank account,Bank account transfer,33.9,11.9,45.8,13.56,11.9,25.46
1212255125,2025_3Q,2025,2025.5,TZAKEN,TZA,KEN,MoneyGram,Money Transfer Operator,Agent,Less than one hour,0.5,yes,High,cash,Cash,5.08,-1.22,3.86,3.45,-1.22,2.23
1212255126,2025_3Q,2025,2025.5,TZARWA,TZA,RWA,MoneyGram,Money Transfer Operator,Agent,Less than one hour,0.5,yes,High,cash,Cash,5.08,2.73,7.81,2.03,2.73,4.76
1212255127,2025_3Q,2025,2025.5,TZAUGA,TZA,UGA,MoneyGram,Money Transfer Operator,Agent,Less than one hour,0.5,yes,High,cash,Cash,5.08,2.01,7.09,3.45,2.01,5.46
1212255128,2025_3Q,2025,2025.5,TZAKEN,TZA,KEN,Western Union,Money Transfer Operator,Agent,Less than one hour,0.5,yes,High,cash,Cash,0.0,0.72,0.72,0.0,0.72,0.72
1212255129,2025_3Q,2025,2025.5,TZAUGA,TZA,UGA,Western Union,Money Transfer Operator,Agent,Less than one hour,0.5,yes,High,cash,Cash,0.0,1.3,1.3,0.0,1.3,1.3
1212255130,2025_3Q,2025,2025.5,TZARWA,TZA,RWA,Western Union,Money Transfer Operator,Agent,Less than one hour,0.5,yes,High,cash,Cash,2.62,7.95,10.57,2.4699999999999998,7.95,10.42
1212255131,2025_3Q,2025,2025.5,TZARWA,TZA,RWA,NMB (National Microfinance Bank),Bank,Bank branch,Same day,12.0,yes,High,bank account,Bank account transfer,48.80999999999999,25.01,73.82,19.529999999999998,25.01,44.54
1212255132,2025_3Q,2025,2025.5,TZARWA,TZA,RWA,NMB (National Microfinance Bank),Bank,Call Center,Same day,12.0,yes,High,bank account,Bank account transfer,48.80999999999999,25.01,73.82,19.529999999999998,25.01,44.54
1212255133,2025_3Q,2025,2025.5,TZAUGA,TZA,UGA,NMB (National Microfinance Bank),Bank,Call Center,Same day,12.0,yes,High,bank account,Bank account transfer,48.809999999999995,20.57,69.38,19.53,20.57,40.1
1212255134,2025_3Q,2025,2025.5,TZAUGA,TZA,UGA,NMB (National Microfinance Bank),Bank,Bank branch,Same day,12.0,yes,High,bank account,Bank account transfer,48.809999999999995,20.57,69.38,19.53,20.57,40.1
1212255135,2025_3Q,2025,2025.5,TZAKEN,TZA,KEN,Exim Bank,Bank,Bank branch,Same day,12.0,yes,Medium,bank account,Bank account transfer,71.28,17.07,88.35,28.520000000000003,17.07,45.59
1212255136,2025_3Q,2025,2025.5,TZAKEN,TZA,KEN,KCB,Bank,Call Center,Same day,12.0,yes,High,bank account,Bank account transfer,44.75,12.66,57.41,17.9,12.66,30.56
1212255137,2025_3Q,2025,2025.5,TZARWA,TZA,RWA,Exim Bank,Bank,Bank branch,Same day,12.0,yes,Medium,bank account,Bank account transfer,71.28,21.94,93.22,28.52,21.94,50.46
1212255138,2025_3Q,2025,2025.5,TZAKEN,TZA,KEN,KCB,Bank,Bank branch,Same day,12.0,yes,High,bank account,Bank account transfer,44.75,12.66,57.41,17.9,12.66,30.56
1212255139,2025_3Q,2025,2025.5,TZAUGA,TZA,UGA,NBC,Bank,Call Center,Same day,12.0,yes,High,bank account,Bank account transfer,67.45,21.24,88.69,26.99,21.24,48.23
1212255140,2025_3Q,2025,2025.5,TZAUGA,TZA,UGA,NBC,Bank,Bank branch,Same day,12.0,yes,High,bank account,Bank account transfer,67.45,21.24,88.69,26.99,21.24,48.23
1212255141,2025_3Q,2025,2025.5,TZAKEN,TZA,KEN,NBC,Bank,Bank branch,Same day,12.0,yes,High,bank account,Bank account transfer,67.44999999999999,16.29,83.74,26.990000000000002,16.29,43.28
1212255142,2025_3Q,2025,2025.5,TZAKEN,TZA,KEN,NBC,Bank,Call Center,Same day,12.0,yes,High,bank account,Bank account transfer,67.44999999999999,16.29,83.74,26.990000000000002,16.29,43.28
1212255143,2025_3Q,2025,2025.5,TZAUGA,TZA,UGA,CRDB Bank,Bank,Bank branch,Same day,12.0,yes,Medium,bank account,Bank account transfer,69.41,6.48,75.89,27.77,6.48,34.25
1212255144,2025_3Q,2025,2025.5,TZAKEN,TZA,KEN,CRDB Bank,Bank,Bank branch,Same day,12.0,yes,Medium,bank account,Bank account transfer,69.41,16.28,85.69,27.769999999999996,16.28,44.05
1212255145,2025_3Q,2025,2025.5,TZAKEN,TZA,KEN,CRDB Bank,Bank,Internet,Same day,12.0,yes,Medium,bank account,Bank account transfer,66.66,15.94,82.6,26.67,15.94,42.61
1212255146,2025_3Q,2025,2025.5,TZAUGA,TZA,UGA,CRDB Bank,Bank,Internet,Same day,12.0,yes,Medium,bank account,Bank account transfer,66.66,7.58,74.24,26.67,7.58,34.25
1212255147,2025_3Q,2025,2025.5,TZARWA,TZA,RWA,Tigo,Mobile Operator,Mobile phone,Less than one hour,0.5,yes,High,mobile wallet,Mobile money,0.6900000000000013,10.7,11.39,0.6500000000000004,10.7,11.35
1212255148,2025_3Q,2025,2025.5,TZAUGA,TZA,UGA,Stanbic Bank,Bank,Call Center,Same day,12.0,yes,High,bank account,Bank account transfer,62.47,13.58,76.05,25.0,13.58,38.58
1212255149,2025_3Q,2025,2025.5,TZAKEN,TZA,KEN,Stanbic Bank,Bank,Call Center,Same day,12.0,yes,High,bank account,Bank account transfer,62.47,21.8,84.27,24.999999999999996,21.8,46.8
1212255150,2025_3Q,2025,2025.5,TZAUGA,TZA,UGA,Stanbic Bank,Bank,Bank branch,Same day,12.0,yes,High,bank account,Bank account transfer,62.47,13.58,76.05,25.0,13.58,38.58
1212255151,2025_3Q,2025,2025.5,TZAKEN,TZA,KEN,Stanbic Bank,Bank,Bank branch,Same day,12.0,yes,High,bank account,Bank account transfer,62.47,21.8,84.27,24.999999999999996,21.8,46.8
1212255152,2025_3Q,2025,2025.5,TZAKEN,TZA,KEN,M-Pesa,Mobile Operator,Mobile phone,Less than one hour,0.5,yes,High,mobile wallet,Mobile money,1.0300000000000002,6.83,7.86,0.7699999999999996,6.83,7.6
